X,baseMean,log2FoldChange,lfcSE,stat,pvalue,padj,color,Unique_F_GDQvsSaline
Car8,193.4205379,0.475771937,0.100401297,-2.835787377,0.004571287,0.553569634,red,Car8
Pcp2,12.69731013,0.405611001,0.096898874,-3.3623112,0.00077293,NA,red,Pcp2
Gm11808,1031.012744,0.360117111,0.08956631,4.009438408,6.09E-05,0.056047515,red,Gm11808
Slfn8,28.07708274,0.345753219,0.103188327,3.272990944,0.001064159,0.330489348,red,Slfn8
H2-M3,48.47721414,0.334632916,0.099787207,3.365061043,0.000765267,0.296549742,red,H2-M3
Irf8,106.2915943,0.333705399,0.090054066,3.675195826,0.000237667,0.140071452,red,Irf8
Cd180,41.4243212,0.326580461,0.103686065,3.221726103,0.001274209,0.368121422,red,Cd180
Gm12174,94.01899685,0.311659032,0.094530867,3.280246101,0.001037166,0.330489348,red,Gm12174
Gm26917,261.3865343,0.308448491,0.075593995,3.378504601,0.000728812,0.290796869,red,Gm26917
Gm3375,60.6576811,0.306089186,0.0990084,3.027353459,0.002467053,0.484320111,red,Gm3375
Ccl12,14.760384,0.285515675,0.095353506,2.967193015,0.003005322,NA,red,Ccl12
Trim16,27.4007948,0.279805548,0.103809712,2.712348718,0.006680827,0.590364336,red,Trim16
Tnfrsf13b,30.72934119,0.276480737,0.103019327,2.76321506,0.005723504,0.577118774,red,Tnfrsf13b
Gm11451,22.74974104,0.272143303,0.103744554,2.695175939,0.007035147,NA,red,Gm11451
Slfn2,33.97377638,0.2676785,0.104178936,2.515106739,0.011899635,0.673909604,red,Slfn2
Pkp3,6.697441017,0.264689609,0.080538504,2.998328524,0.002714649,NA,red,Pkp3
Pip5k1b,513.384648,0.263261395,0.072758767,3.612194571,0.000303617,0.1597674,red,Pip5k1b
Klf10,262.5887912,0.262078653,0.094459213,2.780531637,0.005426997,0.577118774,red,Klf10
Rad51ap2,15.43273648,0.260576338,0.102915873,2.547748037,0.010842075,NA,red,Rad51ap2
Gm6013,15.93302685,0.260175926,0.100700574,2.517511102,0.011818724,NA,red,Gm6013
Osgin1,14.72349335,0.258572494,0.099501802,2.676158576,0.00744714,NA,red,Osgin1
Gm10123,3871.84568,0.254892178,0.10414173,2.458768054,0.013941466,0.702338324,red,Gm10123
Tsen54,112.7679868,0.253641613,0.08855761,2.837883001,0.004541383,0.553569634,red,Tsen54
Il1r1,224.9617577,0.251694446,0.092409841,2.712111344,0.006685613,0.590364336,red,Il1r1
Tti1,216.5534715,0.251435008,0.076935732,3.272060407,0.001067668,0.330489348,red,Tti1
Gm16894,18.11130468,0.250714739,0.103408707,2.405668969,0.016142885,NA,red,Gm16894
9430053O09Rik,46.56039694,0.248761447,0.101665648,2.515413504,0.011889285,0.673909604,red,9430053O09Rik
Cd53,156.3189696,0.248572927,0.085461868,2.907845308,0.003639283,0.545456169,red,Cd53
Fat2,27.40185791,0.246913147,0.070430759,-2.043942378,0.04095924,0.73082813,red,Fat2
Dnttip1,211.4808691,0.246145574,0.076314783,3.207228334,0.001340206,0.379742146,red,Dnttip1
Rpl28-ps3,19.39434309,0.245892572,0.103262259,2.338608572,0.019355701,NA,red,Rpl28-ps3
Kctd11,55.25401984,0.245694319,0.102440805,2.400590859,0.016368627,0.707547848,red,Kctd11
AW112010,27.09449984,0.244653534,0.104142231,2.292947337,0.021851037,0.707547848,red,AW112010
Gm26594,19.66879727,0.243234096,0.103505488,2.404157862,0.016209772,NA,red,Gm26594
Gm3724,40.79825575,0.243221316,0.101019374,2.420196775,0.01551211,0.707547848,red,Gm3724
6430571L13Rik,41.7352754,0.242604223,0.102573326,2.365589237,0.018001404,0.707547848,red,6430571L13Rik
Apex1,122.687994,0.238877631,0.102174412,2.319687961,0.020357764,0.707547848,red,Apex1
Tmem200b,23.29326995,0.237938964,0.102062613,2.222359941,0.02625899,0.714760317,red,Tmem200b
Hmgb1-ps2,102.9151571,0.235460383,0.088179919,2.654504009,0.00794251,0.639224869,red,Hmgb1-ps2
Hps6,108.4825308,0.234641873,0.09049322,2.570175318,0.010164706,0.665272554,red,Hps6
Cenpa,37.93857537,0.234427937,0.101471714,2.293611616,0.021812818,0.707547848,red,Cenpa
Gm12144,9.70403828,0.234298432,0.092956856,2.576742893,0.009973611,NA,red,Gm12144
Polr2j,203.1877064,0.233510207,0.07686676,3.025219186,0.00248453,0.484320111,red,Polr2j
Gm10155,28.86701918,0.232862943,0.103606217,2.206002835,0.027383801,0.717843203,red,Gm10155
Pus1,124.54621,0.232858947,0.09313317,2.475326435,0.013311445,0.684974198,red,Pus1
Gzmm,40.35745621,0.232430676,0.102486256,2.220063165,0.02641448,0.714760317,red,Gzmm
Naaladl2,36.08541594,0.232319858,0.103895981,2.194213456,0.028220068,0.717843203,red,Naaladl2
Rps24-ps3,33.43965158,0.231640769,0.102667941,2.291015365,0.021962525,0.707547848,red,Rps24-ps3
9930012K11Rik,20.37950925,0.231330517,0.103485917,2.262425206,0.023671145,NA,red,9930012K11Rik
Fam160a1,142.9052854,0.231048706,0.08237436,2.816145102,0.004860371,0.559474261,red,Fam160a1
AC171111.1,102.4129974,0.23048586,0.099474525,2.323520507,0.020151207,0.707547848,red,AC171111.1
Mcm5,56.35167726,0.230216806,0.102803146,2.224200596,0.026134951,0.71436293,red,Mcm5
Marveld2,22.67286536,0.230175731,0.103051667,2.300823646,0.021401601,NA,red,Marveld2
Gm11847,125.4426034,0.23002059,0.082326658,2.774026277,0.005536721,0.577118774,red,Gm11847
Gm3362,115.5711944,0.229730772,0.097302873,2.373700446,0.017610831,0.707547848,red,Gm3362
Tor4a,76.23067764,0.228438055,0.099472944,2.299106229,0.021498908,0.707547848,red,Tor4a
Gm12070,195.3620073,0.228229192,0.08876867,2.564018045,0.010346817,0.665272554,red,Gm12070
Krtcap3,30.27997866,0.227978367,0.103410992,2.152634223,0.031347437,0.73082813,red,Krtcap3
Nup107,154.4609938,0.227448656,0.084698735,2.681171068,0.0073365,0.621241335,red,Nup107
Gm10232,81.52022541,0.226515814,0.086541992,2.602106349,0.009265312,0.649869512,red,Gm10232
Atp2a3,164.9617928,0.226465918,0.102992689,2.193803587,0.028249533,0.717843203,red,Atp2a3
Ccdc89,15.03872596,0.226206655,0.096093591,2.355424051,0.018501579,NA,red,Ccdc89
Gm16386,13.20651012,0.225006735,0.098670792,2.33872855,0.019349487,NA,red,Gm16386
Taf5,89.43073238,0.224969964,0.091862275,2.416382307,0.015675593,0.707547848,red,Taf5
Ube2n-ps1,56.17699091,0.224772572,0.102262693,2.125260011,0.033564923,0.73082813,red,Ube2n-ps1
Zbtb24,167.0871721,0.224612852,0.071621329,3.123695649,0.001785951,0.438569999,red,Zbtb24
Rapsn,15.99974929,0.224415264,0.098687113,2.172098132,0.029848262,NA,red,Rapsn
Ppih,62.18011545,0.222548465,0.103762891,2.317095593,0.020498525,0.707547848,red,Ppih
Ttc26,144.5500581,0.222215629,0.076966194,2.872828305,0.004068151,0.550567547,red,Ttc26
Magee2,119.5919063,0.220838537,0.101019118,2.17088101,0.029940168,0.73082813,red,Magee2
Kcnh1,604.1317385,0.220426819,0.076633146,2.869563632,0.004110386,0.550567547,red,Kcnh1
Gm9800,331.4449557,0.219989167,0.077708711,2.83184338,0.004628051,0.553569634,red,Gm9800
Pkdcc,177.3137753,0.219679457,0.075285734,2.895530396,0.003785184,0.545456169,red,Pkdcc
F11r,187.8690785,0.219542782,0.097113364,2.254912747,0.024138806,0.707547848,red,F11r
Sh3bgr,30.70710495,0.218716131,0.103440124,2.092785146,0.036368338,0.73082813,red,Sh3bgr
Lnx2,94.2368358,0.21827698,0.093355747,2.32877517,0.019870979,0.707547848,red,Lnx2
Pld4,170.831193,0.218036595,0.083430453,2.602112092,0.009265156,0.649869512,red,Pld4
Gm28529,15.9799385,0.217872994,0.094904561,2.340726982,0.019246235,NA,red,Gm28529
Gabrd,441.7293064,0.21763319,0.073631995,2.947320363,0.003205409,0.515865693,red,Gabrd
Jmjd8,251.8703911,0.217615024,0.071934903,3.015692463,0.002563932,0.484320111,red,Jmjd8
Tlr2,32.13305254,0.216272012,0.104041059,2.075481156,0.037941964,0.73082813,red,Tlr2
3110070M22Rik,24.91210999,0.215851161,0.103827375,2.103755979,0.035399739,0.73082813,red,3110070M22Rik
Gm7392,11.48308312,0.215834277,0.096446831,2.186672088,0.028766471,NA,red,Gm7392
Cdk5rap1,148.5395152,0.215076634,0.095062478,2.255806297,0.024082765,0.707547848,red,Cdk5rap1
Gm7336,224.6090742,0.21461559,0.089916582,2.382111926,0.017213665,0.707547848,red,Gm7336
Gm11605,5.356365989,0.213741128,0.079911543,2.58277353,0.009800964,NA,red,Gm11605
Ubald2,352.2130071,0.212418983,0.068942809,3.07063261,0.002136058,0.469741487,red,Ubald2
Lrrc3b,87.66019529,0.212202937,0.097953847,2.177391574,0.029451364,0.729656988,red,Lrrc3b
Magohb,58.8035853,0.212103304,0.098238348,2.189179759,0.028583777,0.717843203,red,Magohb
Gm10704,29.57095461,0.211987985,0.103046752,2.047716153,0.04058782,0.73082813,red,Gm10704
Gm10052,193.2074282,0.211871871,0.081408907,2.598527814,0.009362446,0.649869512,red,Gm10052
Cd276,115.4378815,0.211616587,0.086132209,2.47449562,0.013342446,0.684974198,red,Cd276
Cln6,151.0889078,0.211500421,0.079361508,2.661076526,0.007789125,0.639224869,red,Cln6
Kdm4d,10.87828265,0.211157303,0.091606337,2.416334869,0.015677636,NA,red,Kdm4d
Cebpb,242.5582613,0.211120894,0.10159272,2.036468928,0.04170329,0.73082813,red,Cebpb
Ttc22,15.62191507,0.211001584,0.102131851,2.062003336,0.039207418,NA,red,Ttc22
Gm5559,330.5140303,0.210823772,0.087472911,2.399184198,0.016431647,0.707547848,red,Gm5559
Tmem237,320.8570334,0.210579953,0.095724733,2.195614008,0.028119583,0.717843203,red,Tmem237
B3gnt6,7.872938806,0.209948077,0.086742596,2.391444609,0.016782216,NA,red,B3gnt6
Gbp5,66.64822827,0.209845094,0.102795109,2.042238455,0.041127884,0.73082813,red,Gbp5
Hdc,78.27491165,0.209207325,0.103987919,1.973663291,0.048420042,0.744195683,red,Hdc
Zfp975,55.39068325,0.208996386,0.102263671,2.037460525,0.041603914,0.73082813,red,Zfp975
Il20rb,55.08119544,0.208794617,0.103819533,1.993540128,0.046202334,0.744195683,red,Il20rb
Rilpl2,276.5776084,0.208737768,0.079538683,2.620019325,0.008792478,0.6413286,red,Rilpl2
Gm13461,36.41237595,0.208444338,0.100728419,2.024148475,0.042954877,0.73082813,red,Gm13461
Gm2451,30.47885892,0.208059905,0.102912428,1.981315252,0.047555931,0.744195683,red,Gm2451
Cbfa2t2-ps1,31.68065054,0.207840832,0.104205181,1.979405677,0.04777035,0.744195683,red,Cbfa2t2-ps1
BC147527,3.813432178,0.206497722,0.070617978,2.827256588,0.004694869,NA,red,BC147527
2010015M23Rik,17.11807411,0.206088663,0.102876232,2.001758104,0.045310754,NA,red,2010015M23Rik
Wdr5b,74.69696896,0.205641216,0.093348288,2.194228798,0.028218965,0.717843203,red,Wdr5b
Fam110a,73.7099241,0.205516624,0.097538753,2.074567929,0.038026597,0.73082813,red,Fam110a
Tbc1d25,103.7574029,0.205111095,0.089241495,2.281076378,0.022543928,0.707547848,red,Tbc1d25
Kbtbd4,109.4527537,0.205108858,0.095157394,2.132955147,0.032928406,0.73082813,red,Kbtbd4
Bloc1s2-ps,9.333327241,0.20436377,0.095266333,2.151521895,0.03143503,NA,red,Bloc1s2-ps
Plk5,371.5417532,0.204363065,0.100878464,1.988518294,0.046754398,0.744195683,red,Plk5
Shisa2,101.153556,0.204058755,0.094059158,2.158693946,0.030873919,0.73082813,red,Shisa2
Gm12231,46.35403289,0.20372883,0.099727055,2.059117987,0.039482937,0.73082813,red,Gm12231
Spi1,96.24400362,0.202732477,0.094358266,2.148254649,0.031693531,0.73082813,red,Spi1
Rpl21-ps8,83.61549074,0.202122683,0.097128301,2.082872242,0.03726287,0.73082813,red,Rpl21-ps8
Gm10243,147.5413681,0.201796607,0.097815436,2.067523118,0.038684888,0.73082813,red,Gm10243
Sdr39u1,342.5022096,0.201753026,0.087392955,2.29912586,0.021497793,0.707547848,red,Sdr39u1
Tmem203,124.2749719,0.201375927,0.09325582,2.167725681,0.030179564,0.73082813,red,Tmem203
Ier5l,216.5643131,0.201138504,0.098027956,2.03029359,0.042326705,0.73082813,red,Ier5l
Ndufb4c,51.90554486,0.200519605,0.102093726,1.971842593,0.048627578,0.744195683,red,Ndufb4c
Tmem156,4.837463095,0.199569828,0.079644552,2.541977292,0.011022733,NA,red,Tmem156
Gabra6,17.58796796,0.199496261,0.065115771,-2.408218641,0.016030577,NA,red,Gabra6
Stambpl1,201.0695543,0.199448667,0.078635997,2.528870126,0.011443036,0.666409861,red,Stambpl1
Nab2,268.5187258,0.199344887,0.093749255,2.113202087,0.034583475,0.73082813,red,Nab2
Nrg2,103.9837125,0.198948044,0.099374088,1.977567478,0.047977521,0.744195683,red,Nrg2
Tgm1,3.565535589,0.198833936,0.067501661,2.73842385,0.006173446,NA,red,Tgm1
Gm14117,225.8272708,0.197807432,0.085864403,2.316665271,0.020521973,0.707547848,red,Gm14117
A2m,180.3682373,0.197572658,0.09348752,2.0334104,0.042011078,0.73082813,red,A2m
Plekho1,300.6466427,0.196856897,0.081511416,2.416005072,0.015691843,0.707547848,red,Plekho1
4930447N08Rik,6.331441436,0.196812314,0.087629766,2.293300117,0.021830733,NA,red,4930447N08Rik
Zfp691,54.82627605,0.194896843,0.096637401,2.002679204,0.045211732,0.740989616,red,Zfp691
Il10ra,77.36314443,0.194474768,0.100022043,1.96613285,0.049283267,0.744195683,red,Il10ra
Txndc15,736.696377,0.193360468,0.066786698,2.893133106,0.003814196,0.545456169,red,Txndc15
Dpyd,143.6878915,0.192802927,0.079176372,2.427560749,0.015200741,0.707547848,red,Dpyd
Rab3ip,542.3967153,0.192753375,0.069760437,2.754656532,0.005875378,0.577118774,red,Rab3ip
Dgat2,1165.838948,0.192227308,0.085479474,2.245312047,0.024748107,0.707996724,red,Dgat2
Mcm6,190.8546998,0.191596036,0.085225764,2.245963827,0.024706325,0.707996724,red,Mcm6
Aifm1,305.0398468,0.190397821,0.064088812,2.966473,0.003012368,0.50649673,red,Aifm1
Mrps30,216.0353198,0.190066676,0.077071853,2.468231728,0.013578239,0.689868173,red,Mrps30
Kbtbd13,5.038808402,0.189974794,0.076593234,2.650888818,0.008028026,NA,red,Kbtbd13
Tmem206,128.0759295,0.189775738,0.085319896,2.211024544,0.027034137,0.717843203,red,Tmem206
Syna,61.11121062,0.189334591,0.095382544,1.972262873,0.048579606,0.744195683,red,Syna
Ift57,595.9834828,0.188872162,0.06068291,3.112161363,0.00185723,0.448597047,red,Ift57
Gm13456,467.2361319,0.187758359,0.072124978,2.600286021,0.009314609,0.649869512,red,Gm13456
Mitd1,90.79881449,0.187669129,0.087987477,2.125741371,0.0335248,0.73082813,red,Mitd1
Tceal5,698.3119117,0.187586782,0.094037464,1.985804622,0.047055022,0.744195683,red,Tceal5
Eif2b3,170.9342179,0.186915497,0.090744576,2.0590282,0.039491537,0.73082813,red,Eif2b3
Tmem185b,191.9639588,0.18645168,0.085548436,2.17654183,0.029514769,0.729656988,red,Tmem185b
A730013G03Rik,4.695817812,0.186411847,0.076350331,2.531681619,0.011351701,NA,red,A730013G03Rik
Phf7,81.95586598,0.186314447,0.088387726,2.109327517,0.034916321,0.73082813,red,Phf7
Cmpk2,402.9720034,0.185960044,0.066904874,2.783074031,0.005384652,0.577118774,red,Cmpk2
Ctsh,282.0071362,0.18569906,0.078169158,2.380636082,0.017282776,0.707547848,red,Ctsh
2210408I21Rik,157.647626,0.185319171,0.079966913,2.317162704,0.02049487,0.707547848,red,2210408I21Rik
Bambi,145.6075665,0.184952828,0.090929899,2.012831502,0.044132359,0.734437495,red,Bambi
Rrp15,131.8911783,0.184372492,0.080498916,2.281267689,0.022532611,0.707547848,red,Rrp15
Sla,83.77108704,0.182715129,0.089834204,2.023178164,0.043054782,0.730840045,red,Sla
Gm14411,3.923570192,0.182353947,0.07608543,2.208337496,0.027220755,NA,red,Gm14411
Cstf1,311.5464297,0.182346172,0.076247879,2.385278678,0.017066188,0.707547848,red,Cstf1
Tdrp,257.1528795,0.181150202,0.06684696,2.701114357,0.006910757,0.595456709,red,Tdrp
Map2k3,150.2241552,0.180108662,0.083492409,2.141210332,0.03225708,0.73082813,red,Map2k3
Rps2-ps10,156.3077979,0.179544696,0.090785817,1.965112547,0.049401213,0.744195683,red,Rps2-ps10
Psme1,629.3661079,0.178453309,0.064532389,2.765961379,0.005675526,0.577118774,red,Psme1
Cyb561,724.4781902,0.177323695,0.086307814,2.047201874,0.040638268,0.73082813,red,Cyb561
Ocln,282.406365,0.176839584,0.08061428,2.191022813,0.028450142,0.717843203,red,Ocln
Plekhj1,458.4868705,0.176702361,0.075186157,2.344251016,0.019065335,0.707547848,red,Plekhj1
G730003C15Rik,11.42576934,0.176562406,0.092110804,2.006176209,0.044837451,NA,red,G730003C15Rik
Gga2,319.2520008,0.176303907,0.064474558,2.729912273,0.006335118,0.590364336,red,Gga2
Ints4,338.8009779,0.176090161,0.056933193,3.085782885,0.00203017,0.46738321,red,Ints4
Skida1,218.8294944,0.175292127,0.069833681,2.509595228,0.012086962,0.677145625,red,Skida1
Zdhhc6,325.0320226,0.174907603,0.074530284,2.344370174,0.019059245,0.707547848,red,Zdhhc6
Gm5518,373.5486071,0.174877569,0.072927676,2.392528724,0.016732718,0.707547848,red,Gm5518
Zfp87,141.2200066,0.174384909,0.08272045,2.109882034,0.034868518,0.73082813,red,Zfp87
Rrm1,260.5183398,0.174050572,0.066439251,2.62624489,0.008633268,0.639224869,red,Rrm1
Syndig1,363.9875367,0.173731371,0.083726697,2.065427773,0.038882543,0.73082813,red,Syndig1
Pias4,308.2454035,0.173360382,0.084959359,2.029076213,0.042450528,0.73082813,red,Pias4
Rars,417.9529051,0.173275664,0.085693394,2.018849282,0.043502887,0.733076793,red,Rars
Ctsd,3498.531607,0.173226942,0.063814825,2.712680487,0.006674142,0.590364336,red,Ctsd
Rras2,254.051128,0.173211989,0.072938273,2.367866061,0.017891011,0.707547848,red,Rras2
Gars,1203.730286,0.172810972,0.083309871,2.072282459,0.038239107,0.73082813,red,Gars
Hist3h2bb-ps,4.956499562,0.172311522,0.078983167,2.104092801,0.035370353,NA,red,Hist3h2bb-ps
Dpp7,348.6387433,0.17125601,0.073665925,2.319765391,0.020353572,0.707547848,red,Dpp7
Ptx4,6.027525054,0.171008266,0.08291701,2.066360705,0.038794433,NA,red,Ptx4
Bsg,8095.819467,0.17096236,0.069556605,2.458119106,0.013966684,0.702338324,red,Bsg
Maneal,657.6604804,0.169859313,0.080768487,2.099813986,0.035745207,0.73082813,red,Maneal
Ly9,9.572111139,0.169270941,0.088380695,1.974792155,0.04829174,NA,red,Ly9
Slc29a2,147.7321818,0.169024906,0.080755263,2.074943178,0.037991801,0.73082813,red,Slc29a2
Ccr5,90.83618152,0.168928224,0.085997852,1.96892449,0.048961763,0.744195683,red,Ccr5
Rilpl1,669.2592954,0.168614216,0.080074161,2.095315731,0.036142935,0.73082813,red,Rilpl1
Il2rg,6.563166623,0.168345385,0.085085828,2.142129097,0.032183095,NA,red,Il2rg
Tctn2,292.5382081,0.16826227,0.068982837,2.431410033,0.015040183,0.707547848,red,Tctn2
Rsph9,268.6980926,0.168053811,0.080173122,2.088394359,0.036762276,0.73082813,red,Rsph9
Lcp1,166.4043953,0.167749072,0.083208447,2.014188245,0.043989773,0.734437495,red,Lcp1
Wdr55,142.7894132,0.167681532,0.082162544,2.02732857,0.042628822,0.73082813,red,Wdr55
Zdhhc13,263.8372813,0.165801091,0.073423521,2.264790884,0.023525515,0.707547848,red,Zdhhc13
Snw1,494.5956575,0.165583047,0.066257028,2.498460761,0.012473395,0.677971415,red,Snw1
Lmo2,307.5303626,0.164973262,0.058211726,2.840944186,0.004498018,0.553569634,red,Lmo2
Gm42738,5.037166686,0.164828268,0.08169976,2.029929326,0.042363724,NA,red,Gm42738
Pacsin2,795.6474189,0.164634933,0.049814705,3.302610704,0.000957893,0.330489348,red,Pacsin2
Mtrf1,165.0364158,0.164414838,0.078861584,2.091248469,0.036505797,0.73082813,red,Mtrf1
Pdia4,541.9955092,0.164049367,0.070962087,2.307948596,0.021001996,0.707547848,red,Pdia4
Vasp,228.4635699,0.163772476,0.071529792,2.283167057,0.02242053,0.707547848,red,Vasp
Ly6e,1924.851685,0.163512004,0.068077886,2.400688164,0.016364275,0.707547848,red,Ly6e
Gm34907,3.664073709,0.163481903,0.071672251,2.134502796,0.032801645,NA,red,Gm34907
Slc19a2,244.3650194,0.163427093,0.078535615,2.072125398,0.038253748,0.73082813,red,Slc19a2
Dmap1,240.5410103,0.163300181,0.079948115,2.027329321,0.042628745,0.73082813,red,Dmap1
Tmem97,179.9680969,0.162529726,0.079592823,2.043163291,0.041036276,0.73082813,red,Tmem97
Selenon,292.8494159,0.16237943,0.069934194,2.319748333,0.020354496,0.707547848,red,Selenon
P2ry12,701.410159,0.16192021,0.075920274,2.135757484,0.032699186,0.73082813,red,P2ry12
Rfwd3,425.4321392,0.161748901,0.064349319,2.512134334,0.01200034,0.674858807,red,Rfwd3
C1qa,1123.972106,0.161730522,0.06319882,2.557141594,0.010553625,0.665272554,red,C1qa
Manf,711.9373584,0.161615767,0.074170843,2.176802997,0.029495269,0.729656988,red,Manf
Ctdp1,217.5708947,0.161242457,0.075886534,2.120416839,0.033970908,0.73082813,red,Ctdp1
Nat9,163.7728574,0.160972512,0.077548219,2.065163878,0.038907497,0.73082813,red,Nat9
Cnpy4,128.0226128,0.160900608,0.081824146,1.963156239,0.049628022,0.744195683,red,Cnpy4
Gm15539,4.180278511,0.160740745,0.074545237,2.14403297,0.032030245,NA,red,Gm15539
Zfp426,342.5488237,0.160284703,0.058802315,2.726295309,0.006404967,0.590364336,red,Zfp426
Fam69b,602.7380879,0.160007555,0.072612705,2.200100477,0.027799767,0.717843203,red,Fam69b
Hint2,336.7598158,0.159145586,0.076182977,2.082609832,0.037286802,0.73082813,red,Hint2
Ifnar2,207.1047743,0.15877206,0.077052814,2.057315042,0.039655931,0.73082813,red,Ifnar2
Gm36500,5.031904408,0.158565415,0.07861722,2.04669863,0.040687684,NA,red,Gm36500
Tpst1,566.1650944,0.157768274,0.079366353,1.984646867,0.047183774,0.744195683,red,Tpst1
Apmap,746.8405532,0.157515171,0.074898598,2.103054951,0.035460966,0.73082813,red,Apmap
Rrp1,3034.429137,0.156905517,0.078112478,2.006266183,0.044827856,0.738807193,red,Rrp1
Tfpt,292.2294147,0.156867123,0.068607144,2.281919442,0.022494097,0.707547848,red,Tfpt
Wdr35,521.7210491,0.15685822,0.067038967,2.339026712,0.019334051,0.707547848,red,Wdr35
Glmn,141.9616385,0.156742648,0.078913408,1.996085613,0.045924605,0.744195683,red,Glmn
Ccdc12,342.5213873,0.15500993,0.070623059,2.19182095,0.028392438,0.717843203,red,Ccdc12
Pde12,227.0583783,0.154044051,0.072126685,2.124089999,0.033662619,0.73082813,red,Pde12
Fads3,437.8363577,0.154018902,0.071971492,2.135494759,0.032720618,0.73082813,red,Fads3
Ptcd2,355.0173143,0.15396345,0.065896878,2.330848276,0.019761361,0.707547848,red,Ptcd2
Ppp1r1c,2.088244084,0.153746532,0.059521668,2.310003553,0.020887957,NA,red,Ppp1r1c
AW209491,383.6116774,0.153565832,0.075460696,2.03083784,0.042271447,0.73082813,red,AW209491
Tceal3,1281.512085,0.153432835,0.077741125,1.969731565,0.048869143,0.744195683,red,Tceal3
Lactb,211.1045198,0.152977913,0.065216204,2.344869112,0.01903376,0.707547848,red,Lactb
Snapc2,296.1777251,0.152945897,0.067044319,2.276407442,0.022821635,0.707547848,red,Snapc2
Actr8,541.5721493,0.152771779,0.070170863,2.171803277,0.029870504,0.73082813,red,Actr8
Cnot11,352.4736221,0.152761085,0.075743327,2.012461138,0.044171349,0.734437495,red,Cnot11
Lsm3,191.7597793,0.152661057,0.068845152,2.224717039,0.02610024,0.71436293,red,Lsm3
Spink4,2.683965983,0.152440376,0.066584548,2.242057791,0.024957637,NA,red,Spink4
Taf8,241.2201721,0.152357947,0.073997649,2.052375535,0.04013318,0.73082813,red,Taf8
1110059G10Rik,268.810752,0.151821144,0.068182869,2.22664242,0.025971182,0.71436293,red,1110059G10Rik
Rpl36a-ps2,258.4006658,0.151511582,0.072613164,2.087510117,0.036842048,0.73082813,red,Rpl36a-ps2
Cxcl9,2.96657174,0.151367658,0.052750205,2.803031843,0.005062467,NA,red,Cxcl9
Laptm4b,1229.387578,0.151287261,0.063984425,2.362402123,0.018156935,0.707547848,red,Laptm4b
Polr1d,841.3300372,0.151204347,0.067334636,2.24458508,0.024794781,0.707996724,red,Polr1d
Timm13,1127.549566,0.150822786,0.074362847,2.025686855,0.042796885,0.73082813,red,Timm13
Rad50,203.4097983,0.150182732,0.071793763,2.101974248,0.035555532,0.73082813,red,Rad50
C1qc,901.7350167,0.149848963,0.065820111,2.275199448,0.022893968,0.707547848,red,C1qc
Atp6v1f,1902.84347,0.149723273,0.059135134,2.531034436,0.011372668,0.666409861,red,Atp6v1f
Msto1,247.2295851,0.149572942,0.070550706,2.117134077,0.03424847,0.73082813,red,Msto1
Kcng1,473.7123086,0.148286377,0.071678069,2.066366209,0.038793914,0.73082813,red,Kcng1
Tmem108,353.0863111,0.148280671,0.074272245,1.992789823,0.046284467,0.744195683,red,Tmem108
Fam57a,196.1242884,0.148084894,0.074742263,1.979231843,0.047789909,0.744195683,red,Fam57a
Tmem258,538.8941796,0.147650417,0.054313236,2.715062973,0.006626317,0.590364336,red,Tmem258
Gm13302,1.658573134,0.147328274,0.050538233,2.82767718,0.004688706,NA,red,Gm13302
Taf6,283.9332789,0.146723252,0.068228054,2.147244344,0.031773834,0.73082813,red,Taf6
Cbr1,1012.147736,0.146556676,0.071093952,2.059431408,0.03945293,0.73082813,red,Cbr1
Hs6st1,585.338778,0.146123381,0.073819692,1.973602402,0.04842697,0.744195683,red,Hs6st1
Tmed4,1180.692587,0.145958073,0.061789549,2.358869186,0.018330716,0.707547848,red,Tmed4
Aup1,569.7735373,0.145794363,0.069216743,2.106160975,0.035190372,0.73082813,red,Aup1
Mnat1,282.5945516,0.145507932,0.072601383,2.004851429,0.044978933,0.739642402,red,Mnat1
Mcfd2,1232.278587,0.145359819,0.067546903,2.150521948,0.031513952,0.73082813,red,Mcfd2
Bysl,332.3709397,0.144653715,0.069813388,2.065775779,0.038849656,0.73082813,red,Bysl
Psmd4,1264.344814,0.143905529,0.062231361,2.309616322,0.020909405,0.707547848,red,Psmd4
Tmem147,1178.112051,0.143599647,0.059540173,2.411173397,0.015901287,0.707547848,red,Tmem147
Fam192a,488.4032294,0.141952022,0.061895396,2.29073564,0.021978708,0.707547848,red,Fam192a
Park7,2113.228968,0.141754071,0.062580632,2.263909336,0.023579692,0.707547848,red,Park7
Acsl1,573.6610507,0.141749675,0.064674623,2.191942259,0.028383676,0.717843203,red,Acsl1
Dph7,300.4381702,0.141322324,0.071343036,1.980108634,0.047691323,0.744195683,red,Dph7
Cbwd1,215.1277333,0.141315672,0.071052071,2.00333991,0.045140817,0.740989616,red,Cbwd1
Bhlhe23,3.218204693,0.141242249,0.058653311,2.341774695,0.019192297,NA,red,Bhlhe23
Gm12258,304.2813214,0.14098964,0.070958223,1.992922506,0.046269933,0.744195683,red,Gm12258
Ccdc71,409.2834845,0.140985406,0.066053407,2.129888916,0.033180785,0.73082813,red,Ccdc71
4930404N11Rik,3.437973738,0.140602431,0.068326361,1.985072086,0.047136452,NA,red,4930404N11Rik
Yipf3,662.5779527,0.139894047,0.070272302,1.986361389,0.046993211,0.744195683,red,Yipf3
Ints11,285.5014253,0.139081604,0.066475036,2.09101427,0.036526785,0.73082813,red,Ints11
D230025D16Rik,403.1286127,0.138905015,0.06822037,2.031956534,0.042158056,0.73082813,red,D230025D16Rik
Tmem143,321.9409385,0.138678053,0.058724819,2.357255383,0.018410581,0.707547848,red,Tmem143
Snx25,820.3712117,0.138623647,0.045894366,3.019352191,0.002533159,0.484320111,red,Snx25
Gm26728,2.874018287,0.138622133,0.065755237,2.104135154,0.035366659,NA,red,Gm26728
Daxx,321.4041482,0.138593732,0.064578689,2.1385641,0.032470988,0.73082813,red,Daxx
4930593C16Rik,1.738690188,0.1379822,0.054188707,2.270620504,0.023169961,NA,red,4930593C16Rik
Ttc33,606.2625264,0.137808049,0.061765281,2.231621105,0.025640016,0.71436293,red,Ttc33
Gm13092,4.05230864,0.137701908,0.075469871,2.063439007,0.039070937,NA,red,Gm13092
Gm45893,3.285171514,0.137620396,0.070150912,2.207570832,0.027274204,NA,red,Gm45893
Aar2,625.5876234,0.136829534,0.061357618,2.228301326,0.025860428,0.71436293,red,Aar2
Cxxc5,1016.909089,0.135968822,0.064924475,2.094639409,0.036203059,0.73082813,red,Cxxc5
Tmem230,333.7557522,0.135833497,0.069233124,1.959968578,0.049999463,0.744195683,red,Tmem230
B4galt5,616.2217918,0.135468059,0.0642593,2.104490953,0.035335643,0.73082813,red,B4galt5
Rammet,914.1056731,0.135430309,0.064850186,2.088106804,0.036788201,0.73082813,red,Rammet
Cacybp,1419.219741,0.134383131,0.060556942,2.218283788,0.026535489,0.714760317,red,Cacybp
Gm9522,2.18279849,0.134293201,0.050827179,2.243794215,0.024845645,NA,red,Gm9522
Ncoa4,553.1244437,0.133902138,0.055744796,2.402474794,0.016284557,0.707547848,red,Ncoa4
Gm20644,0.863251528,0.133252112,0.036815722,2.915378966,0.003552569,NA,red,Gm20644
Cby1,773.8608454,0.132085295,0.055620386,2.375374022,0.017531176,0.707547848,red,Cby1
AC110534.3,4.10646168,0.131941487,0.066825219,1.981242158,0.047564124,NA,red,AC110534.3
Cnpy1,22.78538561,0.13126237,0.076474185,-2.311162934,0.020823857,NA,red,Cnpy1
Gm34278,1.61714674,0.131195355,0.053540296,2.058292878,0.039562027,NA,red,Gm34278
Zfp672,406.8081981,0.13065083,0.055271491,2.360510569,0.018249798,0.707547848,red,Zfp672
Tmem109,551.1241216,0.13041109,0.062315034,2.093069724,0.036342931,0.73082813,red,Tmem109
Ap1g1,808.4017221,0.130198125,0.055661443,2.337942981,0.019390206,0.707547848,red,Ap1g1
Exosc10,545.1879244,0.129904851,0.056176632,2.311196002,0.020822031,0.707547848,red,Exosc10
Nup50,514.3875804,0.129323455,0.059158699,2.18203056,0.029107277,0.725662648,red,Nup50
Pgk1,5009.446788,0.129234478,0.06587108,1.961558699,0.049813885,0.744195683,red,Pgk1
Als2,590.4677166,0.128958186,0.055240425,2.330526375,0.019778348,0.707547848,red,Als2
Ccl2,2.419992936,0.128120124,0.054214123,2.079695542,0.037553467,NA,red,Ccl2
Slc35b2,686.1936808,0.127051487,0.058935327,2.152650415,0.031346163,0.73082813,red,Slc35b2
Tubb4b,3145.174039,0.126738467,0.063258961,2.002713001,0.045208102,0.740989616,red,Tubb4b
Raly,1038.617144,0.126036661,0.059955657,2.100657555,0.035671038,0.73082813,red,Raly
Abcf2,1009.395254,0.125798908,0.058859293,2.135359743,0.032731636,0.73082813,red,Abcf2
Mrpl42,840.9921423,0.124892215,0.055160048,2.26250574,0.023666175,0.707547848,red,Mrpl42
H2afz,1898.351267,0.124870073,0.059229418,2.107528362,0.035071806,0.73082813,red,H2afz
Ube2z,1346.226329,0.124590357,0.051874718,2.400721771,0.016362772,0.707547848,red,Ube2z
Ppp1r11,930.1089705,0.123726075,0.060865343,2.03225953,0.042127389,0.73082813,red,Ppp1r11
Zfp251,760.3421244,0.122412597,0.052530055,2.326622246,0.019985379,0.707547848,red,Zfp251
Cpsf3,537.3068026,0.122082479,0.052012121,2.344715572,0.019041599,0.707547848,red,Cpsf3
Snrpd2,1346.818305,0.12119049,0.059057982,2.050770209,0.04028933,0.73082813,red,Snrpd2
Hikeshi,505.1345892,0.121131901,0.059214785,2.044039993,0.040949596,0.73082813,red,Hikeshi
Becn1,1138.778244,0.120206543,0.038832798,3.093976066,0.001974934,0.461883813,red,Becn1
D830025C05Rik,2.794369292,0.120166197,0.062716075,2.076295634,0.037866617,NA,red,D830025C05Rik
Ephx3,1.854085535,0.119318176,0.052891314,2.138144041,0.032505054,NA,red,Ephx3
Batf,4.203941619,0.118191915,0.070654494,2.144939817,0.031957659,NA,red,Batf
Mul1,720.6440656,0.118130529,0.053815434,2.192903008,0.028314368,0.717843203,red,Mul1
Anapc2,1126.68256,0.117002549,0.056964495,2.05239931,0.040130872,0.73082813,red,Anapc2
Dhx29,349.6407319,0.115700795,0.058325015,1.973654941,0.048420992,0.744195683,red,Dhx29
Ciapin1,595.8932471,0.115525899,0.058768304,1.965106591,0.049401902,0.744195683,red,Ciapin1
Pi4k2a,1194.811678,0.114967322,0.055807768,2.05921607,0.039473544,0.73082813,red,Pi4k2a
Pmpcb,769.1522018,0.114313438,0.051632135,2.212501979,0.026932,0.717843203,red,Pmpcb
Htatsf1,925.5645279,0.114174597,0.056395001,2.023650018,0.043006175,0.730840045,red,Htatsf1
Zrsr2,622.4919884,0.113980563,0.05760315,1.975949746,0.048160469,0.744195683,red,Zrsr2
Hspd1,1762.118145,0.113966625,0.057907815,1.966194098,0.049276194,0.744195683,red,Hspd1
Pou2f3,2.516749719,0.112586595,0.06057324,2.096316965,0.036054083,NA,red,Pou2f3
Eif1b,1673.191815,0.112094157,0.055842117,2.006307787,0.04482342,0.738807193,red,Eif1b
Angpt4,1.310327335,0.110244587,0.045771953,3.204359184,0.001353635,NA,red,Angpt4
Cdc23,619.1948424,0.109100927,0.054597722,1.997595936,0.045760484,0.744195683,red,Cdc23
Gm15910,2.467366626,0.106382924,0.056401019,1.996442985,0.045885726,NA,red,Gm15910
Uck1,643.2301854,0.10633312,0.053460655,1.98844807,0.046762157,0.744195683,red,Uck1
Erp29,1181.084911,0.106105026,0.052286641,2.028144246,0.042545528,0.73082813,red,Erp29
Ubl4a,928.462829,0.105368442,0.053450763,1.970744826,0.04875307,0.744195683,red,Ubl4a
Aqp6,3.387848659,0.104627675,0.051253385,2.004746792,0.044990123,NA,red,Aqp6
Rexo2,892.6204758,0.100777759,0.051094805,1.971973466,0.048612636,0.744195683,red,Rexo2
Ighg2b,5.732540418,0.099230996,0.033383363,2.38169448,0.017233188,NA,blue,Ighg2b
Ppp1ca,3676.103866,0.099142287,0.048978487,2.024194978,0.042950094,0.73082813,blue,Ppp1ca
4933428P19Rik,1.82962722,0.097700546,0.053536407,2.105260906,0.035268603,NA,blue,4933428P19Rik
Gm30313,1.29060405,0.096427143,0.044780483,2.741598098,0.00611411,NA,blue,Gm30313
D730045B01Rik,1.923895961,0.096317296,0.055459103,1.965622421,0.049342242,NA,blue,D730045B01Rik
2310008N11Rik,1.492242828,0.093795812,0.048476844,2.187662442,0.0286942,NA,blue,2310008N11Rik
Gm46419,0.856809152,0.090976819,0.038816851,2.418488716,0.015585129,NA,blue,Gm46419
Lsm14a,1184.966822,0.090301918,0.040560885,2.225471718,0.026049588,0.71436293,blue,Lsm14a
Gm45509,0.937835209,0.089976226,0.041240527,2.429996136,0.015098984,NA,blue,Gm45509
Ssmem1,1.322501979,0.089023401,0.042795743,2.121585631,0.03387255,NA,blue,Ssmem1
Tmed10,2140.305031,0.089011159,0.043170045,2.062534136,0.039156911,0.73082813,blue,Tmed10
Fbxo18,799.5857382,0.086600521,0.042887634,2.014362906,0.043971446,0.734437495,blue,Fbxo18
Myadml2os,1.450527353,0.08580311,0.048575279,2.599935217,0.009324136,NA,blue,Myadml2os
Gm3448,0.770884096,0.085321915,0.034806997,2.499677986,0.012430624,NA,blue,Gm3448
Ddb1,2866.350645,0.083800214,0.035511705,2.360291738,0.018260568,0.707547848,blue,Ddb1
Trav3-4,1.621166014,0.081876523,0.047681668,2.088619859,0.036741956,NA,blue,Trav3-4
Gm3020,0.922165942,0.079578387,0.038887992,2.508744896,0.012116095,NA,blue,Gm3020
Gm5171,1.241401832,0.07726554,0.048467043,2.090554779,0.036567993,NA,blue,Gm5171
Gm12227,1.481256019,0.076936131,0.043691069,2.046804278,0.040677306,NA,blue,Gm12227
Gm30054,1.103097157,0.074159317,0.041901782,2.295295567,0.021716191,NA,blue,Gm30054
Gm37164,0.847132277,0.0701949,0.038310558,2.08567106,0.03700843,NA,blue,Gm37164
Gm25776,1.291295311,0.068610361,0.038304684,2.36753306,0.01790712,NA,blue,Gm25776
Gm46212,0.673924073,0.067462972,0.033086008,2.123111585,0.033744502,NA,blue,Gm46212
Cct8l1,1.010583894,0.065154767,0.040638034,2.08723487,0.036866909,NA,blue,Cct8l1
Gm38165,1.032518346,0.064872332,0.040722623,2.104507851,0.03533417,NA,blue,Gm38165
Gm16010,1.08086245,0.063399881,0.04028201,2.106299066,0.035178382,NA,blue,Gm16010
Gm47980,1.275041405,0.062801535,0.045702004,2.317415882,0.020481088,NA,blue,Gm47980
S100a14,0.828998248,0.0607412,0.032209499,2.139836365,0.032367993,NA,blue,S100a14
Gm43864,1.170396764,0.05916205,0.036178883,2.35315424,0.018614911,NA,blue,Gm43864
Rpl22-ps1,0.993824025,0.055980351,0.041550814,2.028916882,0.042466757,NA,blue,Rpl22-ps1
Gm11820,1.291362822,-0.051410074,0.035586847,-1.971371033,0.048681452,NA,blue,Gm11820
Gm48397,0.826110707,-0.057899006,0.035215581,-2.143198344,0.032097175,NA,blue,Gm48397
Gm47815,0.713525999,-0.061396973,0.032139708,-2.180358628,0.029230888,NA,blue,Gm47815
Dmbt1,1.004705676,-0.065884501,0.030343046,-2.545116892,0.010924116,NA,blue,Dmbt1
Ctla2b,0.638925761,-0.067985622,0.028307495,-2.069717124,0.038478842,NA,blue,Ctla2b
A530064N14Rik,1.420556786,-0.068509227,0.045686947,-2.378906887,0.017364062,NA,blue,A530064N14Rik
Atp6v0d2,0.73619807,-0.068695176,0.034178183,-1.96442811,0.049480466,NA,blue,Atp6v0d2
CT010583.2,0.601704107,-0.068712089,0.029325861,-2.064241706,0.038994805,NA,blue,CT010583.2
Chil6,0.827233578,-0.069221013,0.032156326,-2.244114337,0.024825046,NA,blue,Chil6
Spaca5,1.266186086,-0.069273627,0.041747263,-2.195775571,0.028108011,NA,blue,Spaca5
Cyp2g1,10.2223115,-0.069407698,0.032223997,-2.194824524,0.028176188,NA,blue,Cyp2g1
AC154912.4,0.771023342,-0.071420627,0.036495671,-2.005380074,0.04492243,NA,blue,AC154912.4
Gm6134,0.566197659,-0.071478738,0.028647005,-2.065928844,0.038835199,NA,blue,Gm6134
Lyz1,1.172131921,-0.071543787,0.036288992,-2.504001546,0.01227975,NA,blue,Lyz1
Slc25a31,2.16664557,-0.07158043,0.04400771,-2.191618678,0.028407052,NA,blue,Slc25a31
Chst13,0.702941738,-0.073512188,0.03238433,-2.019212423,0.043465146,NA,blue,Chst13
Gm4869,1.711034548,-0.074577138,0.035306428,-2.370904302,0.017744625,NA,blue,Gm4869
Tppp,7915.013435,-0.074816883,0.034788913,-2.150481872,0.031517118,0.73082813,blue,Tppp
Gm47133,1.060549189,-0.075069787,0.040242151,-1.961794149,0.049786455,NA,blue,Gm47133
Olfr70,0.660840297,-0.075438842,0.034244787,-2.002633451,0.045216647,NA,blue,Olfr70
Gm34821,1.388290131,-0.076769888,0.04890884,-2.174449714,0.029671378,NA,blue,Gm34821
Gm5655,1.265733001,-0.077348784,0.043449337,-2.061771609,0.039229485,NA,blue,Gm5655
Apol7d,1.623695343,-0.07947662,0.04741134,-2.004608597,0.045004907,NA,blue,Apol7d
Gm44433,0.961938851,-0.081627356,0.041042878,-2.223691536,0.026169205,NA,blue,Gm44433
Dnajc5b,0.968120233,-0.082138327,0.035993376,-2.300099926,0.021442559,NA,blue,Dnajc5b
Gm13648,1.609984745,-0.083731084,0.041817987,-2.043350521,0.041017752,NA,blue,Gm13648
Ppbp,2.458270631,-0.084409466,0.043265634,-1.960724927,0.04991112,NA,blue,Ppbp
Pth2,1.393491975,-0.084634634,0.040993032,-2.089469816,0.036665452,NA,blue,Pth2
Gm26521,1.011811234,-0.084918319,0.041681011,-2.302114321,0.021328726,NA,blue,Gm26521
Cyp2a5,18.42115649,-0.084921993,0.039517587,-2.118648478,0.034120186,NA,blue,Cyp2a5
Ctdnep1,960.3507628,-0.086034429,0.043175785,-1.992801851,0.046283149,0.744195683,blue,Ctdnep1
5330437M03Rik,0.855631916,-0.086173981,0.038454799,-2.481026414,0.013100466,NA,blue,5330437M03Rik
Gm40437,0.881945647,-0.087273989,0.037476615,-2.299897578,0.021454023,NA,blue,Gm40437
Slc3a1,1.342912119,-0.088156674,0.043661844,-1.962031759,0.049758787,NA,blue,Slc3a1
Gm17045,0.737908551,-0.088430309,0.036824407,-2.46488037,0.0137059,NA,blue,Gm17045
Gm15204,1.28801167,-0.088463249,0.039929495,-2.298742104,0.021519588,NA,blue,Gm15204
Lhx8,1.414402779,-0.088986372,0.037763282,-2.659804016,0.007818613,NA,blue,Lhx8
Mcpt4,2.124639551,-0.089295384,0.04424315,-2.226322743,0.025992571,NA,blue,Mcpt4
Fam168b,5451.503644,-0.090209253,0.041559949,-2.170452625,0.029972574,0.73082813,blue,Fam168b
Rasgef1a,5883.940567,-0.091759248,0.044383018,-2.067197174,0.038715578,0.73082813,blue,Rasgef1a
Gm26461,1.22986382,-0.091980544,0.04338678,-2.056339595,0.039749794,NA,blue,Gm26461
Tarm1,1.071475845,-0.092101387,0.041211897,-2.208458699,0.027212314,NA,blue,Tarm1
Gm16685,1.205312146,-0.092368962,0.040088381,-2.56452021,0.010331856,NA,blue,Gm16685
Gm28196,0.944943564,-0.09297338,0.032452439,-2.674221413,0.007490298,NA,blue,Gm28196
1700027H10Rik,1.075749507,-0.093072828,0.040699827,-2.231791205,0.025628766,NA,blue,1700027H10Rik
Gm26403,1.000536871,-0.093141095,0.0350325,-2.237393316,0.025260645,NA,blue,Gm26403
Bpifb3,9.766041978,-0.094679803,0.039512154,-2.969798891,0.002979948,NA,blue,Bpifb3
Muc5b,2.292265068,-0.095162991,0.048457373,-2.259935791,0.023825236,NA,blue,Muc5b
Gm15928,1.082140008,-0.0957012,0.037804544,-2.542711268,0.010999608,NA,blue,Gm15928
Opa3,1048.496481,-0.096445817,0.046745737,-2.063182063,0.039095334,0.73082813,blue,Opa3
Gm34882,1.989584354,-0.098071505,0.055931104,-2.086503636,0.036933026,NA,blue,Gm34882
Tfap2c,1.417818015,-0.09851026,0.048656108,-2.143568977,0.032067439,NA,blue,Tfap2c
2510009E07Rik,956.0370475,-0.098675044,0.047466868,-2.075551279,0.037935472,0.73082813,blue,2510009E07Rik
Cdk19,1305.114212,-0.098770666,0.050159434,-1.968253222,0.049038909,0.744195683,blue,Cdk19
Thap8,1.579471414,-0.098849202,0.053095892,-2.289051239,0.022076375,NA,blue,Thap8
Gpx6,2.061873,-0.099065915,0.038481204,-2.498416534,0.012474952,NA,blue,Gpx6
Gm4657,1.747011683,-0.099353387,0.053283805,-1.993007709,0.046260603,NA,blue,Gm4657
Fbxl20,704.0034715,-0.099925366,0.048638876,-2.055764144,0.039805256,0.73082813,blue,Fbxl20
Gm11770,1.507316748,-0.100175974,0.044663423,-2.305086563,0.021161726,NA,blue,Gm11770
Gm27027,1.325757245,-0.100722016,0.041525209,-2.124098117,0.03366194,NA,blue,Gm27027
Gm43917,1.054349824,-0.101324475,0.039955103,-2.329037534,0.019857077,NA,blue,Gm43917
Emc1,865.146223,-0.101356445,0.048077716,-2.107373387,0.035085227,0.73082813,blue,Emc1
Vamp2,13588.5043,-0.102644974,0.043643484,-2.351903596,0.018677615,0.707547848,blue,Vamp2
Tpsb2,2.715133724,-0.103269159,0.042134951,-1.993285972,0.046230142,NA,blue,Tpsb2
Gm42467,1.199713608,-0.103479615,0.041571689,-2.08387134,0.037171872,NA,blue,Gm42467
Trappc10,1705.516251,-0.104085467,0.044371025,-2.345451802,0.019004035,0.707547848,blue,Trappc10
Src,2640.585679,-0.104153661,0.053077012,-1.962099278,0.049750927,0.744195683,blue,Src
Brsk2,2676.318098,-0.104845972,0.05243532,-1.999474102,0.045557081,0.744195683,blue,Brsk2
R3hdm1,1655.490209,-0.104971038,0.052563278,-1.996510395,0.045878395,0.744195683,blue,R3hdm1
Trim44,4770.018536,-0.105082975,0.046742737,-2.248010935,0.024575493,0.707996724,blue,Trim44
Gm5415,1.516463223,-0.10697443,0.051036165,-2.053310965,0.040042428,NA,blue,Gm5415
Gm5105,2.321755309,-0.108035025,0.056266651,-1.963099882,0.049634569,NA,blue,Gm5105
Gm44056,1.544385792,-0.108472172,0.04919756,-2.517047499,0.011834287,NA,blue,Gm44056
Smarcc2,4990.700547,-0.108523104,0.05406534,-2.007274849,0.044720406,0.738807193,blue,Smarcc2
Map4,12540.17604,-0.109043768,0.053308293,-2.045721036,0.040783825,0.73082813,blue,Map4
Fabp5,1741.11832,-0.109540875,0.051322075,-2.133581076,0.032877088,0.73082813,blue,Fabp5
Prickle4,1.7195979,-0.109717713,0.055153119,-2.001093986,0.045382262,NA,blue,Prickle4
Phlpp1,2295.259043,-0.110001088,0.055770292,-1.972200454,0.048586728,0.744195683,blue,Phlpp1
Gna11,3339.625393,-0.110071299,0.052479808,-2.097340859,0.035963412,0.73082813,blue,Gna11
Rab6b,13483.12279,-0.110632529,0.05117752,-2.161836188,0.030630805,0.73082813,blue,Rab6b
Gm9918,1.861612114,-0.111328476,0.055427437,-2.068486377,0.03859431,NA,blue,Gm9918
Dip2a,1260.744134,-0.111510585,0.047821259,-2.330792131,0.019764323,0.707547848,blue,Dip2a
Cdc37l1,2481.286164,-0.11165514,0.056085722,-1.990973593,0.04648379,0.744195683,blue,Cdc37l1
Gm45820,2.877638859,-0.11195071,0.061113421,-2.017662704,0.043626402,NA,blue,Gm45820
Gm44292,1.65633444,-0.112774399,0.049213496,-2.041811718,0.041170211,NA,blue,Gm44292
Rpl13-ps5,2.545948614,-0.112870758,0.057257116,-1.967095783,0.049172169,NA,blue,Rpl13-ps5
Cdcp1,2.326188038,-0.113722617,0.054872773,-2.142483521,0.032154593,NA,blue,Cdcp1
Gm42632,2.544061515,-0.114242283,0.055264849,-2.125045979,0.033582776,NA,blue,Gm42632
4933408J17Rik,1.868853626,-0.114462443,0.055477737,-1.976538034,0.048093872,NA,blue,4933408J17Rik
Atxn7l3,4879.23844,-0.114624258,0.055066702,-2.081604511,0.037378609,0.73082813,blue,Atxn7l3
Mapt,5300.432023,-0.115628472,0.051162648,-2.260024623,0.023819723,0.707547848,blue,Mapt
Zfp740,969.6793463,-0.115874461,0.057580565,-2.013140168,0.044099886,0.734437495,blue,Zfp740
Gm14041,1.086552286,-0.116295033,0.044022712,-2.757215767,0.005829587,NA,blue,Gm14041
Ppp3r2,2.911244962,-0.1165681,0.065286365,-1.97547204,0.048214605,NA,blue,Ppp3r2
Man2c1,720.1882924,-0.117239638,0.059293804,-1.977618164,0.047971799,0.744195683,blue,Man2c1
Srsf5,2751.150634,-0.11759916,0.053552359,-2.195989115,0.028092722,0.717843203,blue,Srsf5
Gm37314,2.484929193,-0.117702867,0.057291684,-2.056456004,0.039738583,NA,blue,Gm37314
Gm45343,1.163761952,-0.117971826,0.045489181,-2.323165307,0.020170274,NA,blue,Gm45343
Tef,7397.930428,-0.118394891,0.044981429,-2.632092521,0.008486075,0.639224869,blue,Tef
Gm48837,2.246470092,-0.118417907,0.049284405,-2.764169128,0.005706795,NA,blue,Gm48837
Bglap,1.748422061,-0.118736256,0.047413422,-2.462559145,0.013794942,NA,blue,Bglap
Fmn2,1528.573072,-0.120136212,0.057264664,-2.097405039,0.035957735,0.73082813,blue,Fmn2
Nudt13,304.1817273,-0.120582497,0.056707328,-2.124690334,0.033612461,0.73082813,blue,Nudt13
Celf5,2600.211808,-0.121002444,0.058792669,-2.058146392,0.039576083,0.73082813,blue,Celf5
D7Bwg0826e,3.9327175,-0.121237605,0.060462639,-1.963269547,0.049614862,NA,blue,D7Bwg0826e
Gsk3b,2220.596798,-0.12173097,0.049887581,-2.439757518,0.014697123,0.707547848,blue,Gsk3b
Trub2,510.6180918,-0.12213206,0.055473035,-2.199638589,0.027832547,0.717843203,blue,Trub2
Glud1,8209.424423,-0.123259618,0.052045527,-2.368441245,0.017863217,0.707547848,blue,Glud1
Gm22865,2.11844488,-0.123305619,0.05495154,-2.187520387,0.028704557,NA,blue,Gm22865
Ap5z1,325.3233927,-0.123835536,0.061050932,-2.03064315,0.042291207,0.73082813,blue,Ap5z1
Zer1,2951.770726,-0.124515845,0.052869185,-2.355202328,0.018512623,0.707547848,blue,Zer1
D17Wsu92e,6807.764206,-0.124582379,0.061033036,-2.04143609,0.0412075,0.73082813,blue,D17Wsu92e
Gm42790,2.717796989,-0.124686695,0.060679702,-2.08056324,0.037473902,NA,blue,Gm42790
Ap3s2,1418.177907,-0.124962867,0.052629472,-2.373965006,0.017598218,0.707547848,blue,Ap3s2
E230015B07Rik,2.465397148,-0.125046917,0.058579065,-2.125486387,0.033546049,NA,blue,E230015B07Rik
Gm47258,2.150330046,-0.125068926,0.053207011,-2.241973673,0.024963074,NA,blue,Gm47258
Krt26,3.232186394,-0.125434095,0.066257752,-2.100479958,0.035686642,NA,blue,Krt26
Gm11405,3.030499401,-0.12603561,0.064113369,-2.125074978,0.033580357,NA,blue,Gm11405
Gm6583,2.756355707,-0.126210063,0.05764402,-2.306126225,0.02110358,NA,blue,Gm6583
Lpcat3,303.6779467,-0.126451757,0.060211585,-2.0957499,0.036104383,0.73082813,blue,Lpcat3
Gm47059,3.852535988,-0.12660299,0.064470243,-2.12809134,0.033329511,NA,blue,Gm47059
Foxj2,460.8170582,-0.126987712,0.050983645,-2.491764884,0.012711015,0.677971415,blue,Foxj2
Gm17949,2.048614335,-0.12734218,0.048193561,-2.21898532,0.026487723,NA,blue,Gm17949
Tnpo2,2476.324941,-0.127876191,0.055611938,-2.299388931,0.021482864,0.707547848,blue,Tnpo2
Ddhd1,957.8925667,-0.128220847,0.055430064,-2.312527719,0.02074862,0.707547848,blue,Ddhd1
Magi2,1470.649257,-0.128338608,0.057528542,-2.230903557,0.025687518,0.71436293,blue,Magi2
Phactr3,3967.28869,-0.128539287,0.065204108,-1.971594307,0.048655938,0.744195683,blue,Phactr3
Glul,50221.67681,-0.128830292,0.065711914,-1.960677891,0.04991661,0.744195683,blue,Glul
Stx1b,8123.128698,-0.12900523,0.061132789,-2.110386846,0.034825049,0.73082813,blue,Stx1b
Mras,4034.922938,-0.129174961,0.043265111,-2.985443433,0.002831675,0.505228409,blue,Mras
Gm31520,2.578460464,-0.129325628,0.057925046,-1.963276943,0.049614003,NA,blue,Gm31520
Otud7b,1086.30888,-0.129386569,0.065641637,-1.971090176,0.048713562,0.744195683,blue,Otud7b
Fam189b,604.3537137,-0.129449478,0.063902545,-2.025558519,0.042810046,0.73082813,blue,Fam189b
AU022252,567.885023,-0.129472062,0.056970102,-2.27240224,0.023062227,0.707547848,blue,AU022252
Pcnx3,860.2292496,-0.129539778,0.063465486,-2.041466262,0.041204504,0.73082813,blue,Pcnx3
Pbx1,2217.910807,-0.129557509,0.063927959,-2.026808414,0.04268201,0.73082813,blue,Pbx1
Cntn2,1628.101141,-0.129687311,0.065138654,-1.990922081,0.046489454,0.744195683,blue,Cntn2
Fmnl2,1178.226938,-0.130063357,0.061172634,-2.125659176,0.033531648,0.73082813,blue,Fmnl2
Dzank1,3113.220022,-0.130549795,0.064003103,-2.04014343,0.041336042,0.73082813,blue,Dzank1
Gm42772,1.365837346,-0.131160286,0.044902006,-2.586694013,0.00969016,NA,blue,Gm42772
Gm45104,3.066754121,-0.131274709,0.065006708,-2.069978232,0.038454383,NA,blue,Gm45104
Grm3,973.2753249,-0.131305389,0.062340881,-2.105007445,0.03529066,0.73082813,blue,Grm3
D16Ertd472e,279.2394749,-0.131598854,0.066921982,-1.969060543,0.048946139,0.744195683,blue,D16Ertd472e
Slc17a9,4.664977551,-0.131694658,0.069568357,-2.008256729,0.044616017,NA,blue,Slc17a9
Llgl1,1364.758764,-0.131817531,0.064829073,-2.033255535,0.042026713,0.73082813,blue,Llgl1
Efr3b,2669.478126,-0.132109877,0.058275406,-2.267023229,0.023388807,0.707547848,blue,Efr3b
Gm47021,2.91109175,-0.13212972,0.067163491,-1.963006281,0.049645444,NA,blue,Gm47021
Ppp2r3a,649.1649896,-0.13231559,0.059980489,-2.204432881,0.027493915,0.717843203,blue,Ppp2r3a
Dlg5,860.2800394,-0.133110805,0.067363106,-1.976144117,0.048138457,0.744195683,blue,Dlg5
Gm21976,2.119548928,-0.133119195,0.060344757,-2.020329114,0.043349261,NA,blue,Gm21976
Dlc1,824.7503567,-0.133354748,0.065357994,-2.040101391,0.041340228,0.73082813,blue,Dlc1
Fbxo7,486.1392009,-0.133493375,0.061016251,-2.187962964,0.0286723,0.718465428,blue,Fbxo7
Mmp13,1.95292898,-0.133618398,0.048881423,-2.417816347,0.015613955,NA,blue,Mmp13
Tom1l2,4804.254822,-0.133732469,0.052442907,-2.550101993,0.010769141,0.665272554,blue,Tom1l2
Scpep1os,1.963785882,-0.133808758,0.053084279,-2.726511047,0.006400781,NA,blue,Scpep1os
Rnf157,6923.851186,-0.133912101,0.062581687,-2.140088959,0.032347578,0.73082813,blue,Rnf157
Fam214a,565.4350204,-0.133919133,0.063912094,-2.094950498,0.036175393,0.73082813,blue,Fam214a
Gfy,9.82847197,-0.134473138,0.056142371,-2.35239559,0.018652926,NA,blue,Gfy
Aatk,6426.599024,-0.134514357,0.065095158,-2.066975458,0.038736467,0.73082813,blue,Aatk
Gm26696,2.420773397,-0.13516871,0.05804154,-2.53616806,0.011207294,NA,blue,Gm26696
Phc1,870.4718594,-0.136023455,0.065755154,-2.068894167,0.038556019,0.73082813,blue,Phc1
Epb41l2,1782.079854,-0.136195114,0.063883735,-2.1319544,0.033010595,0.73082813,blue,Epb41l2
Krba1,643.228475,-0.136203681,0.06723502,-2.025926697,0.042772297,0.73082813,blue,Krba1
Rab31,1997.628212,-0.136511453,0.059564267,-2.291722021,0.021921689,0.707547848,blue,Rab31
Rnf144a,585.4957987,-0.136844593,0.066615985,-2.052350179,0.040135643,0.73082813,blue,Rnf144a
Ednrb,1263.540902,-0.137110921,0.064234878,-2.133619904,0.032873907,0.73082813,blue,Ednrb
Gm14321,2.889531067,-0.137405884,0.066549904,-2.083169042,0.037235818,NA,blue,Gm14321
Arhgef40,426.9124927,-0.137454706,0.059026291,-2.328666845,0.019876722,0.707547848,blue,Arhgef40
Foxd2,11.37801604,-0.138252628,0.064305633,-2.181249607,0.029164959,NA,blue,Foxd2
Acpp,8.453469947,-0.138355562,0.072124552,-1.990034834,0.046587098,NA,blue,Acpp
Tmod2,7636.06257,-0.138593639,0.061443665,-2.256099251,0.024064416,0.707547848,blue,Tmod2
Lhx2,1841.907613,-0.138947768,0.062208559,-2.233648297,0.025506223,0.71436293,blue,Lhx2
Ascc2,338.2643424,-0.139097615,0.068558165,-2.03102014,0.042252952,0.73082813,blue,Ascc2
Phactr1,7651.825656,-0.139810221,0.063487504,-2.202697863,0.027616051,0.717843203,blue,Phactr1
Dip2b,646.2155172,-0.139824966,0.065840139,-2.12414319,0.033658172,0.73082813,blue,Dip2b
Chchd2-ps,3.664694918,-0.140088176,0.072771921,-1.986902278,0.046933227,NA,blue,Chchd2-ps
Stk11ip,410.8894472,-0.14038633,0.06638402,-2.115149736,0.034417187,0.73082813,blue,Stk11ip
Gm7368,2.413836349,-0.140403003,0.059043175,-2.281703848,0.022506831,NA,blue,Gm7368
Endov,933.9173851,-0.141030237,0.063956509,-2.204703355,0.027474918,0.717843203,blue,Endov
Elavl3,3554.863369,-0.141212217,0.058218107,-2.42560676,0.01528282,0.707547848,blue,Elavl3
Atp1b2,7935.067649,-0.141256176,0.067817214,-2.083356867,0.037218707,0.73082813,blue,Atp1b2
Fam168a,4053.349373,-0.141260476,0.05013555,-2.81750483,0.004839839,0.559474261,blue,Fam168a
Rims2,1385.495196,-0.141313475,0.0687479,-2.05576882,0.039804805,0.73082813,blue,Rims2
Zfp219,917.386769,-0.141446616,0.07183874,-1.969037878,0.048948742,0.744195683,blue,Zfp219
C130012C08Rik,3.241483425,-0.141537703,0.067221844,-2.191156479,0.028440471,NA,blue,C130012C08Rik
Zbtb4,3359.072962,-0.141775215,0.06377109,-2.223613361,0.026174469,0.71436293,blue,Zbtb4
Gm25835,3.910729704,-0.1417851,0.068232276,-2.105259239,0.035268748,NA,blue,Gm25835
Scgb1c1,9.807008416,-0.142519524,0.04977768,-2.700677289,0.006919845,NA,blue,Scgb1c1
Sema4a,425.2465335,-0.142525636,0.062102405,-2.292084086,0.021900792,0.707547848,blue,Sema4a
Ebf4,182.0157587,-0.142719303,0.070923725,-2.016134626,0.0437859,0.734437495,blue,Ebf4
Wipf2,1131.883288,-0.142742377,0.062974164,-2.266746037,0.023405744,0.707547848,blue,Wipf2
Rgs20,392.9084,-0.142969153,0.066964344,-2.130916365,0.033096033,0.73082813,blue,Rgs20
Mib1,2934.388903,-0.143062832,0.061855803,-2.313045112,0.020720159,0.707547848,blue,Mib1
Nrbp2,1505.17204,-0.143157758,0.072758192,-1.967387288,0.049138579,0.744195683,blue,Nrbp2
Lypd2,4.443958693,-0.143573598,0.061445646,-2.290540943,0.021989978,NA,blue,Lypd2
Gm25948,2.476334098,-0.143788829,0.055773899,-2.635327484,0.008405614,NA,blue,Gm25948
4930461G14Rik,2.249248032,-0.144197894,0.059633771,-2.320152466,0.020332631,NA,blue,4930461G14Rik
Ankrd52,665.9620928,-0.144356986,0.070957873,-2.034209501,0.041930477,0.73082813,blue,Ankrd52
Ppard,491.9554471,-0.144382282,0.070505882,-2.048022549,0.04055779,0.73082813,blue,Ppard
Ndst1,2005.164751,-0.144506803,0.062735324,-2.303594949,0.021245392,0.707547848,blue,Ndst1
Kif21b,1206.007559,-0.144569722,0.07329159,-1.973078016,0.048486674,0.744195683,blue,Kif21b
Ciz1,441.7954684,-0.144897956,0.062863769,-2.305993303,0.021111007,0.707547848,blue,Ciz1
Rcbtb1,821.8685708,-0.145020516,0.052019898,-2.787773979,0.005307156,0.577118774,blue,Rcbtb1
Brsk1,8462.72485,-0.145629208,0.07156756,-2.03539292,0.041811353,0.73082813,blue,Brsk1
Cdk16,5725.004706,-0.1457456,0.067964267,-2.145012046,0.031951884,0.73082813,blue,Cdk16
Cep70,225.3959525,-0.145802322,0.073217561,-1.991475716,0.046428612,0.744195683,blue,Cep70
Gm765,3.564780951,-0.146197341,0.063397985,-2.318142377,0.020441584,NA,blue,Gm765
Zfp365,12248.2849,-0.146579725,0.064451344,-2.275099471,0.022899963,0.707547848,blue,Zfp365
Omd,24.08798489,-0.146622177,0.075517277,-1.967220861,0.049157754,0.744195683,blue,Omd
Chd5,3429.958562,-0.147059703,0.068138425,-2.15891603,0.030856682,0.73082813,blue,Chd5
Epb41l1,14510.34831,-0.147153597,0.074310439,-1.981362904,0.047550591,0.744195683,blue,Epb41l1
Gm37581,4.461250073,-0.147192219,0.075866754,-2.014203462,0.043988176,NA,blue,Gm37581
Enah,3030.300095,-0.147652639,0.072290954,-2.043163144,0.041036291,0.73082813,blue,Enah
Mir344-2,2.376761127,-0.147654636,0.062771919,-2.135738976,0.032700696,NA,blue,Mir344-2
R3hdm2,2773.88273,-0.147740748,0.073223888,-2.018542135,0.043534831,0.733076793,blue,R3hdm2
Rasd2,1128.513152,-0.147867652,0.07300413,-2.025710354,0.042794475,0.73082813,blue,Rasd2
Omp,30.93456831,-0.148017261,0.056181789,-2.363385632,0.018108815,0.707547848,blue,Omp
Slc25a18,1844.7379,-0.149012604,0.065871384,-2.262879234,0.023643135,0.707547848,blue,Slc25a18
Neo1,1453.378837,-0.149135076,0.065424191,-2.279660483,0.022627833,0.707547848,blue,Neo1
Ntrk2,12783.41516,-0.149150027,0.071060421,-2.100441602,0.035690013,0.73082813,blue,Ntrk2
Palm,6123.477163,-0.149604307,0.071536439,-2.091591145,0.036475105,0.73082813,blue,Palm
Patl1,339.2573458,-0.149634165,0.067512013,-2.216874092,0.026631697,0.716042734,blue,Patl1
Capn5,959.5422299,-0.149696039,0.062011482,-2.414110705,0.015773669,0.707547848,blue,Capn5
Nfix,5225.083203,-0.149816071,0.070092028,-2.138442247,0.032480867,0.73082813,blue,Nfix
Gm11955,5.459447127,-0.150064238,0.07047144,-2.086622545,0.036922268,NA,blue,Gm11955
Cbx6,10334.74479,-0.150103907,0.067230459,-2.233151819,0.025538934,0.71436293,blue,Cbx6
Rhou,798.947561,-0.150440146,0.065759431,-2.288758138,0.022093409,0.707547848,blue,Rhou
Gm47175,5.567870061,-0.150542865,0.080142441,-2.01516567,0.043887293,NA,blue,Gm47175
Celf4,12439.92005,-0.150683591,0.063746045,-2.364251971,0.01806652,0.707547848,blue,Celf4
Lpin1,401.6111308,-0.150750378,0.074346362,-2.028078815,0.042552205,0.73082813,blue,Lpin1
Trim46,1258.808791,-0.150792822,0.053212185,-2.833941047,0.004597781,0.553569634,blue,Trim46
Ttyh3,3917.06853,-0.150816652,0.072284319,-2.086061675,0.036973037,0.73082813,blue,Ttyh3
Kif1b,13669.14398,-0.150884624,0.065331208,-2.310538261,0.020858373,0.707547848,blue,Kif1b
Bpifb4,4.980713293,-0.150956712,0.053563846,-2.914036252,0.003567885,NA,blue,Bpifb4
Gm28111,1.096467484,-0.151220076,0.042083969,-3.47953934,0.000502277,NA,blue,Gm28111
Csdc2,2443.682028,-0.151598288,0.060991572,-2.485692717,0.012929956,0.677971415,blue,Csdc2
Ulk1,1435.960312,-0.152019818,0.062105271,-2.447819788,0.014372352,0.707547848,blue,Ulk1
Fmn1,283.6392281,-0.152048977,0.072452655,-2.096470728,0.036040454,0.73082813,blue,Fmn1
Abtb2,256.6068842,-0.1520506,0.074405823,-2.0457924,0.0407768,0.73082813,blue,Abtb2
Plekha6,738.250617,-0.152645505,0.068805254,-2.21903849,0.026484106,0.714760317,blue,Plekha6
Purb,12269.7002,-0.152657218,0.075219306,-2.031623655,0.04219177,0.73082813,blue,Purb
Srrm1,1269.315781,-0.152780439,0.063576588,-2.403118771,0.016255907,0.707547848,blue,Srrm1
Dusp8,3093.451056,-0.152797406,0.061738252,-2.475094314,0.0133201,0.684974198,blue,Dusp8
Pofut1,361.2958139,-0.153377277,0.061107259,-2.508031104,0.012140598,0.677574131,blue,Pofut1
Mgll,5744.415186,-0.153472442,0.056085757,-2.736890161,0.0062023,0.585799265,blue,Mgll
Zc3h4,907.3067816,-0.153832395,0.07265632,-2.117655414,0.034204261,0.73082813,blue,Zc3h4
Ubap2,788.4175859,-0.153884269,0.076962994,-1.999789994,0.045522945,0.744195683,blue,Ubap2
Sidt2,832.6427643,-0.153891461,0.05146817,-2.990127192,0.002788613,0.505228409,blue,Sidt2
Ppp1r16b,4691.420927,-0.154253419,0.07235214,-2.131991442,0.03300755,0.73082813,blue,Ppp1r16b
Atxn2l,1530.902369,-0.154291777,0.070192115,-2.197948994,0.027952741,0.717843203,blue,Atxn2l
Mc5r,4.156879215,-0.154459964,0.0698763,-2.241247772,0.02501003,NA,blue,Mc5r
Atxn7l2,261.8961277,-0.154538006,0.069075137,-2.236427017,0.025323813,0.71436293,blue,Atxn7l2
Vwa5b2,523.6856289,-0.154754891,0.078462482,-1.972608061,0.048540234,0.744195683,blue,Vwa5b2
Mir219a-2,3.233471378,-0.154841962,0.060276242,-2.370499444,0.017764071,NA,blue,Mir219a-2
Gm14023,3.872173366,-0.155688215,0.070241108,-2.264918339,0.023517691,NA,blue,Gm14023
Dmrta1,3.880535807,-0.155843224,0.070156367,-2.359103604,0.018319141,NA,blue,Dmrta1
Asmt,2.622592997,-0.15589732,0.059375255,-2.378431259,0.017386478,NA,blue,Asmt
Mpped1,4595.576625,-0.156070242,0.062381305,-2.502389037,0.012335829,0.677971415,blue,Mpped1
Hdac7,427.8589664,-0.156147596,0.07285171,-2.14351068,0.032072114,0.73082813,blue,Hdac7
Epb41l4b,714.8703902,-0.156168782,0.073843359,-2.115085854,0.034422631,0.73082813,blue,Epb41l4b
Sh3pxd2a,1256.232844,-0.156474363,0.077758187,-2.012648571,0.044151613,0.734437495,blue,Sh3pxd2a
4930402H24Rik,1948.419091,-0.156564168,0.064875561,-2.413851755,0.015784883,0.707547848,blue,4930402H24Rik
Abca2,3768.593026,-0.15663706,0.056644697,-2.76521078,0.005688602,0.577118774,blue,Abca2
Plekhg1,299.7329011,-0.156734214,0.072423495,-2.164190387,0.030449741,0.73082813,blue,Plekhg1
Ids,12034.99279,-0.156973886,0.073615147,-2.134474573,0.032803953,0.73082813,blue,Ids
4632404H12Rik,298.8473538,-0.156996945,0.070848427,-2.213452992,0.026866431,0.717843203,blue,4632404H12Rik
Pacs2,2683.437629,-0.157166962,0.060871884,-2.582140442,0.009818962,0.663635704,blue,Pacs2
Gm23442,1.796579893,-0.157210486,0.054834304,-2.686211163,0.00722674,NA,blue,Gm23442
Slc25a23,11419.29105,-0.157351936,0.077007528,-2.044216732,0.040932141,0.73082813,blue,Slc25a23
Hipk1,2529.37552,-0.157676578,0.074672302,-2.112118354,0.034676299,0.73082813,blue,Hipk1
Slc25a37,325.4909336,-0.157917424,0.071173732,-2.218317459,0.026533195,0.714760317,blue,Slc25a37
Ankrd13b,1525.442036,-0.158063951,0.063542724,-2.487502526,0.012864354,0.677971415,blue,Ankrd13b
Nr2f1,1463.88487,-0.158115383,0.068116182,-2.321466715,0.020261669,0.707547848,blue,Nr2f1
Bcan,5902.473606,-0.158136912,0.068709795,-2.302636898,0.021299281,0.707547848,blue,Bcan
Ank3,4668.224411,-0.158318665,0.073198684,-2.164255212,0.030444768,0.73082813,blue,Ank3
Bcr,3210.604218,-0.158428963,0.07559373,-2.096360634,0.036050212,0.73082813,blue,Bcr
Ntm,2690.772434,-0.158584987,0.060293481,-2.630562017,0.008524381,0.639224869,blue,Ntm
C230057M02Rik,352.7505492,-0.158896035,0.076627004,-2.073799177,0.038097966,0.73082813,blue,C230057M02Rik
Gm42913,6.918200083,-0.158975629,0.079406525,-2.215173577,0.026748153,NA,blue,Gm42913
Tulp4,2661.712905,-0.159299079,0.072544468,-2.197579835,0.027979062,0.717843203,blue,Tulp4
Rapgef4,19525.23697,-0.159402025,0.079419647,-2.009144013,0.044521863,0.737061946,blue,Rapgef4
Arrb1,6613.606286,-0.159432413,0.071419747,-2.23367739,0.025504308,0.71436293,blue,Arrb1
Slc7a15,1.962983689,-0.159449072,0.055717567,-2.945278595,0.00322664,NA,blue,Slc7a15
2810428J06Rik,7.94004459,-0.159498369,0.086928677,-1.964392384,0.049484605,NA,blue,2810428J06Rik
Nacc2,3461.942711,-0.159628788,0.075310869,-2.121882024,0.033847646,0.73082813,blue,Nacc2
Micall1,824.2290761,-0.159909722,0.075739776,-2.112013214,0.034685316,0.73082813,blue,Micall1
Pde8a,454.4030179,-0.160027503,0.07351205,-2.176292643,0.029533385,0.729656988,blue,Pde8a
Pkp4,5721.650909,-0.160150811,0.0642656,-2.492250629,0.012693643,0.677971415,blue,Pkp4
D830024N08Rik,4.055674002,-0.160385777,0.07921509,-1.99585616,0.045949582,NA,blue,D830024N08Rik
Pcnt,588.3008426,-0.160904696,0.078630233,-2.046915729,0.040666359,0.73082813,blue,Pcnt
Gpt2,1571.592344,-0.161007452,0.064713622,-2.487368167,0.012869214,0.677971415,blue,Gpt2
Slc6a1,6694.490513,-0.161032863,0.056525492,-2.849072728,0.004384686,0.553569634,blue,Slc6a1
Gm12932,4.068787814,-0.161100135,0.075549932,-2.14935165,0.031606535,NA,blue,Gm12932
Rassf2,1811.132702,-0.16121628,0.070914594,-2.273868828,0.022973874,0.707547848,blue,Rassf2
Rnf44,2652.941521,-0.161436495,0.058850371,-2.743345663,0.006081663,0.581865077,blue,Rnf44
Htra1,3835.373418,-0.161649019,0.076185523,-2.119878469,0.034016296,0.73082813,blue,Htra1
Gm23726,3.348712609,-0.161789198,0.071272193,-2.406357395,0.016112493,NA,blue,Gm23726
Nphs2,3.758177238,-0.161839766,0.065721156,-2.600280333,0.009314763,NA,blue,Nphs2
Otop2,3.370301024,-0.162310514,0.06567286,-2.313382347,0.020701627,NA,blue,Otop2
Fbxl16,28958.76127,-0.162652516,0.078131264,-2.083699304,0.037187528,0.73082813,blue,Fbxl16
Gja1,5104.424962,-0.162763873,0.058639577,-2.776499244,0.005494776,0.577118774,blue,Gja1
Fads1,7816.10835,-0.162885579,0.071479348,-2.280135262,0.022599667,0.707547848,blue,Fads1
Ncs1,12618.03537,-0.163023668,0.072611689,-2.246233698,0.024689043,0.707996724,blue,Ncs1
Ctnnd2,3752.452541,-0.163062747,0.067288573,-2.424500035,0.015329482,0.707547848,blue,Ctnnd2
Cyp2j6,414.0292328,-0.163420819,0.066745426,-2.444636503,0.01449982,0.707547848,blue,Cyp2j6
Metap1d,326.6901033,-0.163809428,0.076390283,-2.144570145,0.031987231,0.73082813,blue,Metap1d
Igf1r,879.7267242,-0.164133637,0.081641156,-2.011839257,0.044236884,0.734437495,blue,Igf1r
Rgp1,734.0297197,-0.16426968,0.06651995,-2.469353781,0.013535732,0.689868173,blue,Rgp1
Fam57b,790.4870536,-0.164678642,0.065236363,-2.524496495,0.011586416,0.671566276,blue,Fam57b
Efhd1,439.8144824,-0.165515928,0.074132808,-2.23144877,0.025651417,0.71436293,blue,Efhd1
Arhgap17,244.6859486,-0.165615697,0.07713958,-2.146289269,0.031849907,0.73082813,blue,Arhgap17
Ltb4r2,6.196890709,-0.16571971,0.08567282,-1.978127564,0.047914318,NA,blue,Ltb4r2
Wfikkn1,4.95684949,-0.165941459,0.079412069,-1.968971319,0.048956385,NA,blue,Wfikkn1
Git1,14910.0799,-0.166027825,0.079348737,-2.095133274,0.036159147,0.73082813,blue,Git1
Pmp22,424.7748098,-0.166102572,0.079525641,-2.088939962,0.036713128,0.73082813,blue,Pmp22
Ganc,182.0837607,-0.166238372,0.082010297,-2.027667063,0.042594239,0.73082813,blue,Ganc
Rere,1991.579222,-0.166367211,0.072362567,-2.299410596,0.021481635,0.707547848,blue,Rere
Ackr1,189.5233131,-0.166946585,0.079419779,-2.103239305,0.035444856,0.73082813,blue,Ackr1
Clasrp,691.2765272,-0.167396592,0.070219956,-2.384110722,0.01712045,0.707547848,blue,Clasrp
9330182L06Rik,536.5569891,-0.167433796,0.070423538,-2.376984703,0.017454812,0.707547848,blue,9330182L06Rik
Slc44a2,645.4892451,-0.16766106,0.059238103,-2.82972578,0.004658792,0.553569634,blue,Slc44a2
Zc3h7b,5816.662022,-0.167689215,0.074848215,-2.24161329,0.024986376,0.712087559,blue,Zc3h7b
Smad7,394.7558421,-0.16784648,0.06418902,-2.617500288,0.008857641,0.642898953,blue,Smad7
Fasn,4999.129829,-0.168459165,0.0723042,-2.331690751,0.019716966,0.707547848,blue,Fasn
Prrc2a,11249.8428,-0.169483413,0.081968589,-2.070318605,0.038422518,0.73082813,blue,Prrc2a
Nsdhl,291.5584677,-0.169499904,0.066357321,-2.551436273,0.010727994,0.665272554,blue,Nsdhl
9330154J02Rik,3.143053515,-0.169686598,0.06910994,-2.284312868,0.02235315,NA,blue,9330154J02Rik
Snhg11,8462.453611,-0.169754921,0.085880085,-1.97561799,0.04819806,0.744195683,blue,Snhg11
Rhobtb3,601.669972,-0.169944219,0.066595329,-2.550670131,0.010751603,0.665272554,blue,Rhobtb3
Zmiz2,5859.737032,-0.169952944,0.077165068,-2.204296013,0.027503533,0.717843203,blue,Zmiz2
Adamtsl3,55.34706809,-0.169965178,0.085170026,-2.03467035,0.041884054,0.73082813,blue,Adamtsl3
Megf10,604.4913014,-0.170020422,0.079819604,-2.132430847,0.032971444,0.73082813,blue,Megf10
Fam102a,2946.968194,-0.170552263,0.067015197,-2.545699355,0.010905907,0.665272554,blue,Fam102a
Gabpb2,394.9410385,-0.170566579,0.081828257,-2.084662469,0.03709995,0.73082813,blue,Gabpb2
Arhgef19,605.6884257,-0.170670617,0.075244701,-2.268390608,0.02330541,0.707547848,blue,Arhgef19
Axl,1617.494937,-0.170809057,0.07478049,-2.285929702,0.022258371,0.707547848,blue,Axl
Efcab2,386.0438652,-0.170939412,0.081294445,-2.103043633,0.035461956,0.73082813,blue,Efcab2
Arnt2,5724.633166,-0.170945552,0.064860854,-2.636526899,0.008375956,0.639224869,blue,Arnt2
Pou6f1,3378.957128,-0.171080824,0.074400313,-2.301083714,0.0213869,0.707547848,blue,Pou6f1
Scaf4,446.3879888,-0.171430724,0.075963325,-2.256885581,0.024015225,0.707547848,blue,Scaf4
Kif1a,25482.69478,-0.171442917,0.074930918,-2.290444238,0.021995578,0.707547848,blue,Kif1a
Qk,6852.516047,-0.171456814,0.072844861,-2.355980488,0.018473888,0.707547848,blue,Qk
Mecp2,2513.835372,-0.171593791,0.073617716,-2.332257477,0.01968715,0.707547848,blue,Mecp2
Myrf,840.7726379,-0.171695001,0.07260142,-2.364583739,0.018050346,0.707547848,blue,Myrf
Tmc7,273.981164,-0.171727062,0.074073527,-2.320987094,0.02028754,0.707547848,blue,Tmc7
Wdr90,299.3609994,-0.17221694,0.08048721,-2.140007671,0.032354147,0.73082813,blue,Wdr90
Rgma,928.2604899,-0.172291475,0.065527948,-2.629332524,0.008555266,0.639224869,blue,Rgma
5033426O07Rik,4.350890013,-0.172456343,0.073819564,-2.371681512,0.017707347,NA,blue,5033426O07Rik
Samd4b,1973.899083,-0.172458716,0.081041405,-2.128309597,0.033311423,0.73082813,blue,Samd4b
Cntnap1,4154.810721,-0.172691432,0.073085035,-2.364308903,0.018063744,0.707547848,blue,Cntnap1
Zxdb,279.8850847,-0.172772785,0.076637082,-2.253170115,0.024248425,0.707547848,blue,Zxdb
Fbrs,589.5440848,-0.172798542,0.078900916,-2.190046057,0.028520897,0.717843203,blue,Fbrs
Rapgef1,3048.683919,-0.173010862,0.067115494,-2.578858627,0.009912735,0.665272554,blue,Rapgef1
Dzip1l,256.7833834,-0.173089164,0.072475066,-2.392833332,0.016718834,0.707547848,blue,Dzip1l
Zfp950,475.5745035,-0.17322395,0.080996303,-2.139448565,0.032399357,0.73082813,blue,Zfp950
AC154763.2,4.815980427,-0.173225197,0.078223032,-2.296093007,0.021670564,NA,blue,AC154763.2
Arhgap23,2806.871532,-0.173292322,0.065080045,-2.66301383,0.007744423,0.639224869,blue,Arhgap23
Usp54,1053.315361,-0.173433187,0.065480645,-2.648678765,0.00808071,0.639224869,blue,Usp54
Fam229b,159.9390933,-0.173792564,0.073381419,-2.362934824,0.018130858,0.707547848,blue,Fam229b
Ptk7,142.3679211,-0.173990251,0.08810493,-1.974230985,0.048355484,0.744195683,blue,Ptk7
Castor2,2957.825635,-0.174121807,0.073203515,-2.378987562,0.017360262,0.707547848,blue,Castor2
Begain,3973.409471,-0.17424219,0.08471987,-2.059322617,0.039463343,0.73082813,blue,Begain
Epas1,4555.414422,-0.174385716,0.08573668,-2.038713407,0.041478639,0.73082813,blue,Epas1
Ago3,577.0245565,-0.174433502,0.088747306,-1.965886088,0.04931177,0.744195683,blue,Ago3
Scrib,1127.219813,-0.1744357,0.076213285,-2.288383268,0.022115211,0.707547848,blue,Scrib
Phf21a,748.3343831,-0.174509834,0.062701861,-2.783043221,0.005385163,0.577118774,blue,Phf21a
Ptprd,1792.445003,-0.174535534,0.057983709,-3.009997921,0.002612495,0.487246812,blue,Ptprd
Tbc1d5,621.5261735,-0.174589407,0.058518269,-2.983892499,0.002846067,0.505228409,blue,Tbc1d5
Shisa3,14.46126781,-0.174742738,0.081915538,-2.07698243,0.037803181,NA,blue,Shisa3
Gjc3,1068.967175,-0.17504798,0.075415003,-2.322324191,0.020215486,0.707547848,blue,Gjc3
Tbc1d9b,7246.940225,-0.175050791,0.079154168,-2.213953517,0.026831977,0.717843203,blue,Tbc1d9b
Dspp,5.204310622,-0.175124687,0.076010331,-2.294052158,0.021787503,NA,blue,Dspp
Sorcs2,805.1287256,-0.175592949,0.075101278,-2.339104563,0.019330023,0.707547848,blue,Sorcs2
Ccdc50,963.7365233,-0.175607091,0.055678328,-3.15374576,0.001611894,0.434542952,blue,Ccdc50
Fgfr3,3114.807957,-0.17583238,0.072272671,-2.431208876,0.015048536,0.707547848,blue,Fgfr3
Hepacam,2541.855851,-0.175865385,0.059661622,-2.947890498,0.003199504,0.515865693,blue,Hepacam
Shank3,12798.38363,-0.175901992,0.089503432,-1.972270312,0.048578757,0.744195683,blue,Shank3
Panx2,4287.189521,-0.176242106,0.081262781,-2.169699793,0.030029596,0.73082813,blue,Panx2
Rims1,4391.524988,-0.176443319,0.080361449,-2.198169443,0.027937033,0.717843203,blue,Rims1
Gm49167,7.128927022,-0.176624657,0.08501084,-2.124361795,0.033639902,NA,blue,Gm49167
Klb,6.903861641,-0.176782757,0.089022915,-1.978576349,0.047863725,NA,blue,Klb
Cep250,482.8990068,-0.177008254,0.080748606,-2.192353104,0.02835402,0.717843203,blue,Cep250
Tril,1168.540389,-0.177012094,0.075293582,-2.354117577,0.018566737,0.707547848,blue,Tril
Nfia,791.3500609,-0.177125778,0.07797974,-2.271804153,0.023098342,0.707547848,blue,Nfia
Adamtsl4,147.1671417,-0.177634107,0.087743518,-2.024708162,0.04289734,0.73082813,blue,Adamtsl4
Cbs,754.7679393,-0.1777956,0.061896505,-2.871695027,0.004082768,0.550567547,blue,Cbs
4930597O21Rik,4.969446273,-0.177921512,0.076865601,-2.175294896,0.029608025,NA,blue,4930597O21Rik
Zmiz1,1796.816107,-0.178125188,0.07837588,-2.274126926,0.022958356,0.707547848,blue,Zmiz1
Zfp280c,251.0257481,-0.178126126,0.083001603,-2.145992326,0.031873591,0.73082813,blue,Zfp280c
Cyp4b1,5.368658779,-0.17834153,0.081713111,-2.208123925,0.027235636,NA,blue,Cyp4b1
Iqce,382.6332687,-0.178469683,0.075530448,-2.362789341,0.018137976,0.707547848,blue,Iqce
Ppp4r1l-ps,380.2010665,-0.178772207,0.08738137,-2.046233172,0.040733435,0.73082813,blue,Ppp4r1l-ps
Srcin1,6620.143933,-0.179762487,0.074823699,-2.404247783,0.016205785,0.707547848,blue,Srcin1
Gm37459,362.3170732,-0.180088963,0.080630379,-2.233688666,0.025503565,0.71436293,blue,Gm37459
Kcnj10,5367.113191,-0.180630371,0.083573414,-2.167475922,0.030198584,0.73082813,blue,Kcnj10
Arhgef10,891.3064708,-0.181242788,0.065914972,-2.749653673,0.005965828,0.578292843,blue,Arhgef10
Nav1,1015.985927,-0.181445236,0.091511353,-1.984367285,0.04721491,0.744195683,blue,Nav1
Snai1,12.96353839,-0.181572978,0.086624701,-2.123031117,0.033751244,NA,blue,Snai1
Mnt,705.6252281,-0.181632284,0.062979178,-2.884218888,0.003923859,0.545456169,blue,Mnt
Dennd4b,1105.735241,-0.181651535,0.075125559,-2.418314884,0.015592577,0.707547848,blue,Dennd4b
Optc,10.07361525,-0.181658835,0.094074855,-1.97997221,0.047706651,NA,blue,Optc
Crtc1,7109.839495,-0.181861867,0.083393581,-2.182643891,0.029062045,0.725662648,blue,Crtc1
Gm21811,143.2987123,-0.181939053,0.086401611,-2.102897468,0.035474733,0.73082813,blue,Gm21811
Slc1a2,77121.39026,-0.182271994,0.091777943,-1.995473921,0.045991216,0.744195683,blue,Slc1a2
Zfp783,177.8853314,-0.182351564,0.092852034,-1.96593118,0.049306561,0.744195683,blue,Zfp783
Hmbox1,1139.933736,-0.182652337,0.077025547,-2.372652775,0.017660858,0.707547848,blue,Hmbox1
Cdh19,282.6639293,-0.182715461,0.085980079,-2.122511866,0.033794777,0.73082813,blue,Cdh19
Igdcc4,1565.884768,-0.182870207,0.077014373,-2.376387108,0.01748311,0.707547848,blue,Igdcc4
Gnao1,10726.3536,-0.18309171,0.058618606,-3.124250249,0.001782588,0.438569999,blue,Gnao1
Diablo,88.8720272,-0.183395424,0.086695822,-2.115819306,0.034360179,0.73082813,blue,Diablo
Dnmt3l,5.398927641,-0.183666909,0.080393839,-2.245623286,0.024728148,NA,blue,Dnmt3l
Lims2,172.8696337,-0.18367628,0.081292371,-2.262105193,0.023690905,0.707547848,blue,Lims2
Zkscan2,289.862886,-0.183805561,0.087579036,-2.101802693,0.035570563,0.73082813,blue,Zkscan2
Iqsec3,7928.577086,-0.184670323,0.08630965,-2.145746338,0.031893222,0.73082813,blue,Iqsec3
Slc15a2,730.360548,-0.184977773,0.067961625,-2.72171586,0.006494396,0.590364336,blue,Slc15a2
Nav2,771.2791017,-0.185068967,0.077009576,-2.403846182,0.016223598,0.707547848,blue,Nav2
Agap1,2769.320824,-0.185133194,0.074258082,-2.494536209,0.012612186,0.677971415,blue,Agap1
Hdhd5,381.7816641,-0.185142629,0.067289683,-2.752093123,0.005921568,0.577803857,blue,Hdhd5
Adamts4,398.2750292,-0.185304365,0.078172623,-2.37012274,0.017782181,0.707547848,blue,Adamts4
4930570G19Rik,114.9865777,-0.185327183,0.083179516,-2.226463534,0.025983149,0.71436293,blue,4930570G19Rik
Cspg4,219.3381447,-0.185363933,0.08384336,-2.210625105,0.027061809,0.717843203,blue,Cspg4
Leng8,2694.998452,-0.18551278,0.087481775,-2.121157873,0.033908519,0.73082813,blue,Leng8
Dzip1,1532.074761,-0.185562285,0.074992506,-2.474962285,0.013325025,0.684974198,blue,Dzip1
Gm25911,4.02401398,-0.185784461,0.074908589,-2.370499448,0.01776407,NA,blue,Gm25911
Gm17954,2.450087653,-0.186008686,0.065762342,-2.731226567,0.006309908,NA,blue,Gm17954
Gm38248,4.360035858,-0.186284916,0.072989344,-2.700981478,0.006913519,NA,blue,Gm38248
Sec24a,228.3021003,-0.186798439,0.07497323,-2.492843423,0.012672472,0.677971415,blue,Sec24a
9630028B13Rik,7.092959854,-0.187244011,0.085130882,-2.305347018,0.021147146,NA,blue,9630028B13Rik
Hyi,114.6357455,-0.187293406,0.083986188,-2.231154522,0.025670895,0.71436293,blue,Hyi
Gm3005,4.562387836,-0.187314396,0.079701154,-2.213959466,0.026831567,NA,blue,Gm3005
Rnf165,1511.418429,-0.187369877,0.08560704,-2.189099039,0.028589642,0.717843203,blue,Rnf165
Cpb1,2.824859564,-0.187451265,0.061915026,-2.856848213,0.004278704,NA,blue,Cpb1
Kif26a,192.0871292,-0.187616807,0.093031492,-2.020509406,0.043330575,0.733076793,blue,Kif26a
Cfap100,134.1845264,-0.1876347,0.094582768,-1.984512471,0.047198739,0.744195683,blue,Cfap100
Sema4g,334.0975358,-0.18763565,0.079530131,-2.359415205,0.018303763,0.707547848,blue,Sema4g
Per3,626.9943487,-0.188131631,0.073643746,-2.554636833,0.010629864,0.665272554,blue,Per3
C030037D09Rik,192.1520909,-0.18834943,0.092134904,-2.043808459,0.040972473,0.73082813,blue,C030037D09Rik
Gm48691,7.563719971,-0.188631317,0.090595175,-2.064461206,0.038974009,NA,blue,Gm48691
1810021B22Rik,109.1301755,-0.188754007,0.088248391,-2.138857687,0.032447196,0.73082813,blue,1810021B22Rik
Gm20518,5.722173812,-0.188927109,0.08637639,-2.204035901,0.027521819,NA,blue,Gm20518
Gm49544,9.434349856,-0.188970625,0.091112773,-2.096476768,0.036039919,NA,blue,Gm49544
Gm37584,7.281529916,-0.188994282,0.089217097,-2.164712135,0.030409737,NA,blue,Gm37584
Kdm8,74.24343231,-0.189293299,0.094844954,-1.993994027,0.046152707,0.744195683,blue,Kdm8
Ankrd16,345.3131498,-0.189807353,0.079026441,-2.402129393,0.016299942,0.707547848,blue,Ankrd16
Igip,670.3352184,-0.189811496,0.08543582,-2.22453228,0.026112653,0.71436293,blue,Igip
Gm26642,11.07257713,-0.190199356,0.096433546,-1.966484937,0.049242621,NA,blue,Gm26642
Gm33320,3.15914722,-0.19060796,0.067756989,-2.7730747,0.005552937,NA,blue,Gm33320
Gm9884,9.709171899,-0.190894302,0.096165048,-1.986161702,0.047015372,NA,blue,Gm9884
Runx2,136.1454172,-0.191012809,0.084339482,-2.2672494,0.023374995,0.707547848,blue,Runx2
Fam198a,138.9766845,-0.191099199,0.090616013,-2.109090383,0.034936781,0.73082813,blue,Fam198a
Nfat5,1033.429091,-0.191679569,0.084344122,-2.275811951,0.022857267,0.707547848,blue,Nfat5
Ptprz1,4878.490577,-0.191970991,0.084118546,-2.288391896,0.022114709,0.707547848,blue,Ptprz1
Plagl1,251.5600041,-0.192093574,0.095038163,-2.019587681,0.043426174,0.733076793,blue,Plagl1
Car13,57.54994313,-0.192268335,0.092438531,-2.044856161,0.040869041,0.73082813,blue,Car13
Zfp839,151.7903008,-0.192330312,0.074508902,-2.577202746,0.009960351,0.665272554,blue,Zfp839
Lemd1,24.88248958,-0.192337356,0.098834437,-2.035165022,0.041834271,0.73082813,blue,Lemd1
Plxnb1,3479.682449,-0.192624463,0.086549306,-2.227767638,0.025896014,0.71436293,blue,Plxnb1
Acot11,1266.527103,-0.192848869,0.080947841,-2.383230532,0.017161444,0.707547848,blue,Acot11
Gm26901,7.538630425,-0.192910667,0.085286957,-2.227757415,0.025896696,NA,blue,Gm26901
Fnbp1,2149.378811,-0.193041728,0.066955753,-2.884051521,0.003925945,0.545456169,blue,Fnbp1
Shank1,20593.78501,-0.193339249,0.095368587,-2.033578889,0.041994072,0.73082813,blue,Shank1
Gm41231,7.691498038,-0.193645061,0.087064322,-2.300559731,0.021416529,NA,blue,Gm41231
Irf2,213.4739231,-0.193886678,0.073328588,-2.646207741,0.008139981,0.639224869,blue,Irf2
Cftr,6.254760888,-0.193923081,0.077520739,-2.559087279,0.010494739,NA,blue,Cftr
Lrp8os2,6.450913347,-0.194514676,0.0837113,-2.223711444,0.026167865,NA,blue,Lrp8os2
Ptpn23,653.8820248,-0.19451475,0.064891462,-2.997960048,0.002717933,0.500575311,blue,Ptpn23
Lrp1,6204.565817,-0.194568082,0.093358094,-2.093552772,0.036299838,0.73082813,blue,Lrp1
Gm17530,12.25731201,-0.194830119,0.097272437,-2.000022464,0.045497838,NA,blue,Gm17530
Thbs3,224.2441124,-0.195028021,0.07847695,-2.48639054,0.012904626,0.677971415,blue,Thbs3
Col11a2,529.1156643,-0.195040324,0.08681699,-2.246574823,0.024667213,0.707996724,blue,Col11a2
Sfi1,263.5434142,-0.195122219,0.086024099,-2.267982282,0.023330287,0.707547848,blue,Sfi1
Mtf2,396.2773803,-0.195240602,0.068664352,-2.843324754,0.004464555,0.553569634,blue,Mtf2
Mbd6,574.3698001,-0.195346448,0.092009696,-2.127309131,0.033394407,0.73082813,blue,Mbd6
Phkg1,457.127054,-0.19555416,0.076158554,-2.568346438,0.010218498,0.665272554,blue,Phkg1
Snph,13197.6847,-0.195691577,0.082112501,-2.384567448,0.017099213,0.707547848,blue,Snph
Cyp4v3,195.6146603,-0.195949021,0.077066272,-2.541071952,0.011051317,0.665272554,blue,Cyp4v3
Fdxr,218.4184639,-0.196059888,0.076226872,-2.572944857,0.010083727,0.665272554,blue,Fdxr
Mfsd2a,362.238306,-0.19620953,0.094336547,-2.06127905,0.039276426,0.73082813,blue,Mfsd2a
Szt2,598.2263198,-0.196653505,0.082988063,-2.370793948,0.017749923,0.707547848,blue,Szt2
Gm12940,158.749159,-0.197046453,0.097604834,-2.016132224,0.043786151,0.734437495,blue,Gm12940
Hivep3,1274.164636,-0.197108217,0.085974961,-2.295361438,0.021712419,0.707547848,blue,Hivep3
Gm43012,14.82056807,-0.19717935,0.09930402,-1.966422414,0.049249836,NA,blue,Gm43012
Gm47372,6.907990824,-0.197392619,0.088797701,-2.21915483,0.026476193,NA,blue,Gm47372
Gm1043,137.2308239,-0.197592316,0.089473205,-2.208772901,0.027190441,0.717843203,blue,Gm1043
Usp49,155.2149296,-0.19773675,0.087723217,-2.254122216,0.02418848,0.707547848,blue,Usp49
Fads2,3635.026536,-0.19784018,0.065040632,-3.043082471,0.002341681,0.484320111,blue,Fads2
Tmem174,2.881849993,-0.198648059,0.066774271,-2.315750213,0.020571911,NA,blue,Tmem174
2010007H06Rik,16.14052119,-0.199145845,0.099350622,-2.1286277,0.033285075,NA,blue,2010007H06Rik
Gm11110,9.92057845,-0.200074962,0.095011108,-2.075383708,0.037950987,NA,blue,Gm11110
Gm10524,186.0454421,-0.200710045,0.090535437,-2.21867703,0.026508705,0.714760317,blue,Gm10524
Gm47033,9.103162345,-0.200970082,0.090946689,-2.247702588,0.024595161,NA,blue,Gm47033
Itgb4,238.4839453,-0.200999602,0.089384303,-2.248564629,0.024540209,0.707996724,blue,Itgb4
Sned1,353.1462523,-0.201261047,0.103007908,-2.042602184,0.041091835,0.73082813,blue,Sned1
Mafg,1489.415552,-0.201291753,0.07112217,-2.830122892,0.004653013,0.553569634,blue,Mafg
Gm37593,9.718144349,-0.201473022,0.092269476,-2.155251798,0.031142136,NA,blue,Gm37593
Amigo3,44.22964528,-0.201489188,0.099241464,-2.030076777,0.042348736,0.73082813,blue,Amigo3
Slc9a2,361.7445689,-0.201583149,0.092930277,-2.167681175,0.030182953,0.73082813,blue,Slc9a2
Rfx1,325.9965163,-0.20166837,0.076436339,-2.639018515,0.008314644,0.639224869,blue,Rfx1
Snord42b,15.49690039,-0.201752031,0.102608333,-1.962279026,0.049730008,NA,blue,Snord42b
Gm16172,11.77430503,-0.201928602,0.097067901,-2.04427394,0.040926492,NA,blue,Gm16172
3110039I08Rik,504.9792619,-0.20196759,0.096489058,-2.10297144,0.035468266,0.73082813,blue,3110039I08Rik
Gm16958,14.11852412,-0.202447402,0.100612009,-2.055258406,0.039854052,NA,blue,Gm16958
Ctsk,49.35577807,-0.20295422,0.101790605,-1.995432502,0.045995729,0.744195683,blue,Ctsk
Lyzl4,7.99187377,-0.20306127,0.085226272,-2.574530493,0.010037624,NA,blue,Lyzl4
Gm45632,12.54527853,-0.203091383,0.099053848,-2.063987662,0.039018886,NA,blue,Gm45632
Eya1,310.3862873,-0.203231069,0.069426404,-2.927278852,0.003419421,0.537081822,blue,Eya1
Lamc3,87.70426635,-0.20324856,0.104193226,-1.961784016,0.049787635,0.744195683,blue,Lamc3
Adamtsl1,154.0369943,-0.203282109,0.085765611,-2.368311288,0.017869494,0.707547848,blue,Adamtsl1
Gm26628,9.680487436,-0.203334153,0.088159769,-2.201626802,0.027691681,NA,blue,Gm26628
Arhgap33,3365.305442,-0.203807861,0.083998191,-2.42723751,0.015214292,0.707547848,blue,Arhgap33
Notch3,184.6872312,-0.204153137,0.094458119,-2.166742129,0.030254522,0.73082813,blue,Notch3
Gpr4,53.84006838,-0.204190415,0.104215397,-1.967217422,0.04915815,0.744195683,blue,Gpr4
Thpo,82.02528246,-0.204480084,0.094678937,-2.161222442,0.030678161,0.73082813,blue,Thpo
Gm30698,4.466731267,-0.204484009,0.078115106,-2.640144364,0.008287072,NA,blue,Gm30698
Kcnj5,8.221568734,-0.204542685,0.086486386,-2.203284797,0.027574682,NA,blue,Kcnj5
Gm4779,7.453184419,-0.20466331,0.088365728,-2.298968715,0.021506716,NA,blue,Gm4779
Slc7a2,914.0247498,-0.204698268,0.091674093,-2.24065287,0.025048569,0.712481888,blue,Slc7a2
Eno3,113.6714413,-0.204772886,0.090235922,-2.269810892,0.023219059,0.707547848,blue,Eno3
Gm45501,6.873741297,-0.204834083,0.086463904,-2.419994896,0.015520725,NA,blue,Gm45501
Gm46404,40.57259878,-0.204838587,0.104235304,-1.99399766,0.04615231,0.744195683,blue,Gm46404
Gpc6,110.2166825,-0.204855862,0.090649894,-2.258329459,0.023925127,0.707547848,blue,Gpc6
Htra3,135.4948755,-0.205296362,0.101066016,-2.04065385,0.041285246,0.73082813,blue,Htra3
Tmcc3,998.6067391,-0.20546932,0.050902666,-4.035540602,5.45E-05,0.053510664,blue,Tmcc3
Pi16,17.69369746,-0.205603451,0.100186641,-2.038974647,0.041452558,NA,blue,Pi16
Gm32633,8.869305373,-0.205696245,0.084097145,-2.564947624,0.010319138,NA,blue,Gm32633
4930408O17Rik,3.861664599,-0.206139963,0.073441295,-2.890408154,0.003847419,NA,blue,4930408O17Rik
Gm26797,6.921406999,-0.206198764,0.082785177,-2.50539837,0.012231354,NA,blue,Gm26797
Klf12,426.7004494,-0.206362973,0.072738729,-2.836731994,0.004557785,0.553569634,blue,Klf12
Gm48062,81.22266339,-0.206371961,0.102352804,-2.020162903,0.043366493,0.733076793,blue,Gm48062
BC035947,19.47262268,-0.206767456,0.103278185,-1.981465893,0.047539051,NA,blue,BC035947
Neat1,2429.360333,-0.206819883,0.103482537,-2.062664948,0.039144472,0.73082813,blue,Neat1
Cyp11a1,23.17201114,-0.206897817,0.104076532,-1.972206079,0.048586086,0.744195683,blue,Cyp11a1
Sorbs2os,12.00412416,-0.207240109,0.096902438,-2.13898525,0.032436863,NA,blue,Sorbs2os
Serpinf1,222.1227762,-0.208175628,0.08975195,-2.323990248,0.020126017,0.707547848,blue,Serpinf1
Pitpnm3,1414.233332,-0.208323031,0.081408536,-2.562475119,0.010392903,0.665272554,blue,Pitpnm3
Gm49130,12.10452248,-0.208356304,0.095262402,-2.168228859,0.030141278,NA,blue,Gm49130
Gm15853,21.66403142,-0.208690776,0.104101401,-2.010284978,0.044401036,NA,blue,Gm15853
Egflam,48.42081803,-0.208698938,0.104234811,-2.030310765,0.042324961,0.73082813,blue,Egflam
Paqr6,288.9195175,-0.209092105,0.082335821,-2.540849355,0.011058355,0.665272554,blue,Paqr6
Bicra,388.3131406,-0.209101657,0.090520071,-2.31162701,0.020798247,0.707547848,blue,Bicra
9630001P10Rik,29.90736946,-0.209644976,0.102829253,-2.039471657,0.041402977,0.73082813,blue,9630001P10Rik
Tmem269,12.50172362,-0.209846276,0.099662305,-2.092565377,0.03638797,NA,blue,Tmem269
Gm47694,52.47208842,-0.20987448,0.102215662,-2.059066523,0.039487866,0.73082813,blue,Gm47694
Kif13b,911.0322156,-0.21003327,0.080047668,-2.624756873,0.008671086,0.639224869,blue,Kif13b
Gm6345,10.11774172,-0.210752499,0.093281199,-2.261597147,0.023722304,NA,blue,Gm6345
Plxnb3,408.7292896,-0.210893817,0.086794347,-2.431564101,0.015033788,0.707547848,blue,Plxnb3
Nemp2,78.45590178,-0.211029351,0.093213861,-2.264920245,0.023517574,0.707547848,blue,Nemp2
Gm36445,13.98381303,-0.211190977,0.099773419,-2.177465205,0.029445875,NA,blue,Gm36445
Gm5345,20.26179024,-0.211464845,0.101995306,-2.068243222,0.038617158,NA,blue,Gm5345
Itpr2,575.6685295,-0.211505652,0.080446282,-2.631788411,0.008493674,0.639224869,blue,Itpr2
Smoc1,327.9488111,-0.211649802,0.096457877,-2.207271295,0.027295111,0.717843203,blue,Smoc1
Notumos,6.061344724,-0.211674286,0.086869709,-2.448289619,0.014353623,NA,blue,Notumos
Lgals4,40.79995611,-0.211903002,0.101688982,-2.085427628,0.037030501,0.73082813,blue,Lgals4
Adam12,73.67650515,-0.2119145,0.101916626,-2.103805516,0.035395415,0.73082813,blue,Adam12
Aanat,4.113610462,-0.212025918,0.07620168,-2.555601638,0.01060044,NA,blue,Aanat
Rnf17,9.804139175,-0.212331378,0.084646127,-2.738269792,0.006176338,NA,blue,Rnf17
Atf7,417.9093238,-0.212364729,0.080821491,-2.628849931,0.008567416,0.639224869,blue,Atf7
Ttc28,365.7398175,-0.212839692,0.087459752,-2.436670632,0.014823174,0.707547848,blue,Ttc28
Clgn,105.1981451,-0.212938613,0.090476229,-2.354049425,0.018570142,0.707547848,blue,Clgn
Egfl6,75.65154146,-0.213075094,0.093190835,-2.285833827,0.022263982,0.707547848,blue,Egfl6
Prss36,119.4970785,-0.213109636,0.082126663,-2.592786698,0.00952018,0.655468808,blue,Prss36
Gm43461,16.14646961,-0.213166898,0.101919827,-2.084199951,0.037141983,NA,blue,Gm43461
Anxa1,58.62677652,-0.213180678,0.102039498,-2.137855505,0.032528472,0.73082813,blue,Anxa1
2310043P16Rik,7.993144794,-0.213343198,0.086445212,-2.514749672,0.011911693,NA,blue,2310043P16Rik
Zfhx2,810.0463039,-0.213491548,0.08925504,-2.392563722,0.016731123,0.707547848,blue,Zfhx2
Sytl4,90.32513788,-0.213704479,0.096448939,-2.215664581,0.026714482,0.71696026,blue,Sytl4
Tex52,33.18720255,-0.214007693,0.103829995,-2.063098299,0.03910329,0.73082813,blue,Tex52
Gm21093,24.89655491,-0.214234403,0.104233661,-2.06519961,0.038904117,0.73082813,blue,Gm21093
C130023A14Rik,22.39395788,-0.214234494,0.104200414,-2.055886124,0.039793494,NA,blue,C130023A14Rik
Susd2,43.86035966,-0.215227441,0.103894217,-2.082204077,0.037323833,0.73082813,blue,Susd2
Cmtm3,193.5174802,-0.215252878,0.082600538,-2.606009326,0.009160397,0.649869512,blue,Cmtm3
Gpr25,11.40455089,-0.215254044,0.092132197,-2.274700204,0.02292392,NA,blue,Gpr25
Mmp9,30.43013758,-0.21559557,0.104093112,-2.066309869,0.03879923,0.73082813,blue,Mmp9
Cfp,88.113564,-0.215758897,0.088782673,-2.437061915,0.014807144,0.707547848,blue,Cfp
Cd101,6.680859537,-0.216081748,0.08800435,-2.343554852,0.019100953,NA,blue,Cd101
Gm28229,8.973557128,-0.216424299,0.0961165,-2.220738137,0.026368703,NA,blue,Gm28229
Sash1,2398.960927,-0.216581195,0.073098481,-2.967588945,0.003001454,0.50649673,blue,Sash1
Fosl1,122.6695768,-0.21662276,0.083637588,-2.590201123,0.009591987,0.657341123,blue,Fosl1
D930019O06Rik,34.89764102,-0.216959448,0.104099354,-2.101110173,0.035631296,0.73082813,blue,D930019O06Rik
Col6a5,25.1466965,-0.217253068,0.082395601,-2.842243942,0.00447972,0.553569634,blue,Col6a5
Fam227a,101.4947595,-0.217366303,0.102822596,-2.126452671,0.033465586,0.73082813,blue,Fam227a
Syne4,35.61210159,-0.217396048,0.104231287,-2.05551552,0.039829238,0.73082813,blue,Syne4
Lama2,279.9957445,-0.217533875,0.090472004,-2.409161859,0.015989205,0.707547848,blue,Lama2
Dnah14,23.54506676,-0.217673213,0.104230889,-2.076160904,0.037879072,0.73082813,blue,Dnah14
Gm37111,43.53601068,-0.217818616,0.103757343,-2.095945884,0.036086992,0.73082813,blue,Gm37111
Gm49492,185.382387,-0.217835572,0.071617445,-3.036176385,0.002395992,0.484320111,blue,Gm49492
Tcam1,4.157205493,-0.218333376,0.072855972,-2.866371711,0.004152064,NA,blue,Tcam1
Padi2,975.3627419,-0.218471591,0.074194142,-2.94581047,0.003221097,0.515865693,blue,Padi2
Nrros,111.4229634,-0.218933403,0.101716697,-2.134126332,0.032832441,0.73082813,blue,Nrros
Gm44645,44.68899209,-0.218993921,0.102957616,-2.13201974,0.033005224,0.73082813,blue,Gm44645
Cacng4,416.9599889,-0.219006718,0.06521136,-3.358048253,0.000784949,0.296549742,blue,Cacng4
Npff,7.708488093,-0.219283886,0.086773979,-2.581769146,0.009829531,NA,blue,Npff
A230057D06Rik,75.79720126,-0.219652269,0.098927157,-2.223511214,0.026181348,0.71436293,blue,A230057D06Rik
Prrt4,47.28650568,-0.219823615,0.101041368,-2.175874748,0.029564628,0.729656988,blue,Prrt4
Glyctk,41.74151713,-0.220731706,0.101887476,-2.168630741,0.030110729,0.73082813,blue,Glyctk
AI606181,45.6101131,-0.220866155,0.100610086,-2.195993623,0.0280924,0.717843203,blue,AI606181
Gm37928,34.78950356,-0.221277755,0.104194875,-2.133474191,0.032885847,0.73082813,blue,Gm37928
Slc39a2,69.60881555,-0.222426229,0.103423871,-2.13700861,0.032597291,0.73082813,blue,Slc39a2
Ikzf4,240.6527496,-0.222634679,0.081858708,-2.720078064,0.006526651,0.590364336,blue,Ikzf4
Gm37277,51.87359159,-0.222676985,0.099034844,-2.246948912,0.024643292,0.707996724,blue,Gm37277
Ntn1,175.574989,-0.223140404,0.087916375,-2.539300358,0.011107442,0.665272554,blue,Ntn1
Atg9b,66.94051646,-0.22318068,0.091534152,-2.440938229,0.01464916,0.707547848,blue,Atg9b
Gm44949,11.37200127,-0.223459355,0.094638171,-2.409174973,0.01598863,NA,blue,Gm44949
Sema3d,98.9287677,-0.223622007,0.103041519,-2.167945935,0.0301628,0.73082813,blue,Sema3d
Gm28370,86.82872324,-0.223948616,0.096156227,-2.329822461,0.019815537,0.707547848,blue,Gm28370
Ddc,144.0706596,-0.223984205,0.090803601,-2.46468059,0.013713544,0.694348298,blue,Ddc
Mpg,115.6742112,-0.224353665,0.084822864,-2.643339217,0.008209274,0.639224869,blue,Mpg
Gm43080,16.24488103,-0.224818816,0.097903071,-2.322711511,0.020194655,NA,blue,Gm43080
Gm42756,127.6377292,-0.225301877,0.09932012,-2.281802038,0.02250103,0.707547848,blue,Gm42756
Fam151b,127.0907721,-0.225433072,0.085415609,-2.638080594,0.008337676,0.639224869,blue,Fam151b
Pla2g3,57.6089411,-0.225461903,0.103805822,-2.164232828,0.030446485,0.73082813,blue,Pla2g3
Tnxb,329.167071,-0.225823654,0.094252421,-2.400819168,0.016358418,0.707547848,blue,Tnxb
Greb1,11.08371158,-0.226265137,0.086642501,-2.454498546,0.014108124,NA,blue,Greb1
Gm47976,15.21678628,-0.226481214,0.09750255,-2.309034824,0.020941649,NA,blue,Gm47976
Spidr,82.23155123,-0.226535898,0.093833734,-2.414540898,0.015755054,0.707547848,blue,Spidr
Dcx,142.5915758,-0.227303857,0.094047644,-2.417611163,0.015622761,0.707547848,blue,Dcx
Tnfsf12,99.2871997,-0.227538268,0.090912907,-2.502302459,0.012338846,0.677971415,blue,Tnfsf12
Fdps,13.22853288,-0.227566461,0.096509335,-2.418190256,0.015597919,NA,blue,Fdps
Zfp853,187.090911,-0.227739619,0.094503261,-2.409031897,0.0159949,0.707547848,blue,Zfp853
8430422M14Rik,33.36592925,-0.227792988,0.103159183,-2.194691134,0.028185761,0.717843203,blue,8430422M14Rik
Sec14l5,370.8605644,-0.228418171,0.090163331,-2.53406704,0.011274716,0.666409861,blue,Sec14l5
Ankrd44,150.1285024,-0.22861971,0.091582992,-2.497611543,0.012503312,0.677971415,blue,Ankrd44
Mir5125,67.78687507,-0.230210181,0.102209127,-2.254017686,0.024195055,0.707547848,blue,Mir5125
Gm42433,168.4093064,-0.230674965,0.079929316,-2.884409288,0.003921487,0.545456169,blue,Gm42433
Arrdc2,228.8715461,-0.230767446,0.098582194,-2.296709554,0.021635344,0.707547848,blue,Arrdc2
1-Sep,31.6604347,-0.230773713,0.103885599,-2.210399284,0.027077463,0.717843203,blue,1-Sep
Olfr1372-ps1,18.28144156,-0.2315543,0.094221553,-2.60652033,0.009146739,NA,blue,Olfr1372-ps1
Spaca6,370.2583609,-0.231558786,0.08913065,-2.602380017,0.00925792,0.649869512,blue,Spaca6
Lamb2,683.152747,-0.231712248,0.093308477,-2.490814959,0.012745048,0.677971415,blue,Lamb2
Gm37776,7.266950547,-0.232359094,0.085638414,-2.765143034,0.005689784,NA,blue,Gm37776
Gm43300,17.10985435,-0.232650966,0.100578761,-2.362886915,0.018133202,NA,blue,Gm43300
Hipk2,2302.659657,-0.232794704,0.093745142,-2.497624744,0.012502847,0.677971415,blue,Hipk2
Thbd,284.2175868,-0.232828871,0.103756575,-2.274044617,0.022963304,0.707547848,blue,Thbd
Cd248,45.00223741,-0.23317551,0.104215574,-2.298930804,0.021508869,0.707547848,blue,Cd248
Aff1,356.3603457,-0.234965843,0.082092263,-2.860057967,0.004235636,0.553569634,blue,Aff1
AC161376.2,35.64179613,-0.235623318,0.104115238,-2.29535454,0.021712814,0.707547848,blue,AC161376.2
Anln,845.3367924,-0.236270185,0.0723738,-3.264346715,0.001097168,0.330489348,blue,Anln
Ict1os,15.58534597,-0.23636743,0.10135791,-2.364493607,0.018054739,NA,blue,Ict1os
Smtn,98.4344407,-0.237547071,0.08958363,-2.652267782,0.00799531,0.639224869,blue,Smtn
Arid3b,62.18490646,-0.237741726,0.097233546,-2.445164913,0.014478592,0.707547848,blue,Arid3b
Gm12655,25.90015041,-0.238542619,0.104128066,-2.290807679,0.021974539,0.707547848,blue,Gm12655
Gm16001,58.06850423,-0.238923653,0.101089634,-2.366580304,0.017953279,0.707547848,blue,Gm16001
Gm16758,32.6230465,-0.238959194,0.104234781,-2.291198779,0.02195192,0.707547848,blue,Gm16758
Abca9,170.4591106,-0.240939428,0.099989659,-2.406164129,0.01612102,0.707547848,blue,Abca9
A930033H14Rik,21.46767374,-0.24130051,0.103718888,-2.342307002,0.019164943,NA,blue,A930033H14Rik
Gm44103,17.48748114,-0.241313129,0.101638917,-2.356230529,0.018461457,NA,blue,Gm44103
Meg3,16276.94113,-0.241356241,0.092119112,-2.62283097,0.008720252,0.639224869,blue,Meg3
Gm19439,214.4987871,-0.242447725,0.102533515,-2.277838979,0.022736173,0.707547848,blue,Gm19439
Gm37963,39.37685604,-0.242737422,0.104198075,-2.351150291,0.018715473,0.707547848,blue,Gm37963
C130021I20Rik,6.302964811,-0.24293409,0.071007566,-3.332583652,0.000860436,NA,blue,C130021I20Rik
Serpind1,61.09423499,-0.243484998,0.103605177,-2.357182387,0.0184142,0.707547848,blue,Serpind1
Arhgef1,643.6736906,-0.246109904,0.080575795,-3.053249717,0.002263775,0.483397922,blue,Arhgef1
Ssc5d,30.9111113,-0.246938248,0.102915483,-2.446558382,0.014422744,0.707547848,blue,Ssc5d
AC160637.1,138.9459429,-0.248550276,0.094701072,-2.624021081,0.008689841,0.639224869,blue,AC160637.1
Egfr,235.5852107,-0.248913392,0.091082274,-2.737207203,0.006196325,0.585799265,blue,Egfr
Gm4793,10.16031954,-0.249020538,0.094602079,-2.648006965,0.008096786,NA,blue,Gm4793
Emilin2,55.52930574,-0.24914585,0.103581983,-2.360962918,0.018227553,0.707547848,blue,Emilin2
Acr,19.74317045,-0.249557574,0.099153444,-2.606677921,0.009142531,NA,blue,Acr
AC169509.1,10.87576533,-0.249624264,0.093736695,-2.77390996,0.005538701,NA,blue,AC169509.1
Ggnbp1,78.99742175,-0.250421064,0.098802416,-2.540426128,0.011071748,0.665272554,blue,Ggnbp1
Ccdc167,119.7624989,-0.250743528,0.086300168,-2.90459048,0.003677339,0.545456169,blue,Ccdc167
Ccdc62,36.84659136,-0.253956084,0.103907335,-2.482992094,0.013028398,0.678305353,blue,Ccdc62
4833413G10Rik,44.83302017,-0.255085461,0.100122255,-2.549943944,0.010774024,0.665272554,blue,4833413G10Rik
Gm5846,22.7901982,-0.2553129,0.104227933,-2.447201143,0.014397047,NA,blue,Gm5846
Ccdc73,121.2028208,-0.257049285,0.086489086,-2.971702216,0.002961538,0.50649673,blue,Ccdc73
Gm9795,20.95426908,-0.257957536,0.104230906,-2.475660638,0.013298992,NA,blue,Gm9795
Daam2,2751.838772,-0.258042172,0.074263037,-3.476071642,0.000508816,0.234278126,blue,Daam2
Igfbp5,4009.698141,-0.258883458,0.079460881,-3.263851116,0.001099089,0.330489348,blue,Igfbp5
Glud-ps,33.07860603,-0.25904956,0.103260597,-2.519560201,0.011750155,0.673909604,blue,Glud-ps
Uchl4,10.14993754,-0.259171191,0.094085492,-2.603516431,0.009227284,NA,blue,Uchl4
Gm29083,12.85191402,-0.259951098,0.098397121,-2.68478454,0.007257658,NA,blue,Gm29083
Eva1c,37.47246299,-0.260796413,0.103411837,-2.51469963,0.011913383,0.673909604,blue,Eva1c
Vsig10,39.09727491,-0.26098261,0.101652176,-2.573832077,0.010057908,0.665272554,blue,Vsig10
Slc38a2,1791.275188,-0.261067748,0.095725725,-2.707876586,0.00677152,0.590364336,blue,Slc38a2
BC106179,8.650920793,-0.261255286,0.094133185,-2.783051555,0.005385025,NA,blue,BC106179
Gm6566,15.173149,-0.262767694,0.101581598,-2.565299347,0.010308683,NA,blue,Gm6566
Zbtb16,674.9939792,-0.263341532,0.086904996,-3.018383426,0.002541272,0.484320111,blue,Zbtb16
C730002L08Rik,39.70931092,-0.263706162,0.104080243,-2.529888806,0.011409868,0.666409861,blue,C730002L08Rik
Slc52a3,32.4404219,-0.26532958,0.104217662,-2.584380354,0.009755415,0.662379159,blue,Slc52a3
Greb1l,107.5005889,-0.266407253,0.08947528,-2.979352361,0.002888584,0.50649673,blue,Greb1l
Gm48239,38.92570166,-0.266957683,0.101261844,-2.673135289,0.007514594,0.632685857,blue,Gm48239
Doc2g,31.18561804,-0.26882444,0.104187928,-2.552567331,0.010693224,0.665272554,blue,Doc2g
Gm12404,19.66579582,-0.269330755,0.103674634,-2.613249524,0.00896858,NA,blue,Gm12404
Gm20712,39.07768003,-0.270390723,0.103921123,-2.610539086,0.009039964,0.646576848,blue,Gm20712
Th,14.63728387,-0.273206554,0.094180985,-2.762135748,0.00574246,NA,blue,Th
1700109H08Rik,36.35617156,-0.273758951,0.102731241,-2.671078967,0.007560786,0.632958052,blue,1700109H08Rik
Gm44421,85.96542305,-0.275636076,0.09291947,-2.965176573,0.003025092,0.50649673,blue,Gm44421
Gm48768,27.39518218,-0.277057665,0.103500966,-2.707935279,0.006770322,0.590364336,blue,Gm48768
B130046B21Rik,42.44470344,-0.280358326,0.101742998,-2.759808228,0.00578353,0.577118774,blue,B130046B21Rik
Gm4117,8.381520705,-0.281202209,0.089981431,-3.037633537,0.002384437,NA,blue,Gm4117
Gm43660,44.34843948,-0.283700725,0.10415288,-2.768725598,0.005627601,0.577118774,blue,Gm43660
Gm15163,41.48012912,-0.28554631,0.102760926,-2.779485941,0.005444501,0.577118774,blue,Gm15163
4933428G20Rik,42.15141002,-0.286232029,0.104235062,-2.757957172,0.005816382,0.577118774,blue,4933428G20Rik
Gm14403,195.3694898,-0.28852107,0.085519688,-3.377963139,0.000730249,0.290796869,blue,Gm14403
Fxyd5,122.1236353,-0.294028692,0.103694472,-2.842326711,0.004478557,0.553569634,blue,Fxyd5
Slc6a4,10.54651617,-0.29646503,0.084049596,-3.847568004,0.000119296,NA,blue,Slc6a4
Olfml2a,84.51607587,-0.296918274,0.104155009,-2.888026556,0.003876671,0.545456169,blue,Olfml2a
Gm49327,64.95004001,-0.297644639,0.095149177,-3.132819539,0.001731359,0.438569999,blue,Gm49327
Tbx15,22.74330197,-0.29800096,0.096105467,-3.028186246,0.002460264,NA,blue,Tbx15
Mfsd7a,20.04417488,-0.302495753,0.103255399,-2.923935786,0.00345636,NA,blue,Mfsd7a
Col16a1,197.9802535,-0.303322703,0.096391046,-3.149264433,0.00163682,0.434542952,blue,Col16a1
Ccdc183,25.91613492,-0.305470574,0.103766069,-2.926637904,0.003426476,0.537081822,blue,Ccdc183
4930556I23Rik,15.58405399,-0.311854278,0.100816864,-3.120848969,0.001803305,NA,blue,4930556I23Rik
Cyr61,106.3578774,-0.322150409,0.104109788,-3.024461352,0.002490763,0.484320111,blue,Cyr61
Ccdc152,12.9550099,-0.326437707,0.100637312,-3.160590991,0.001574494,NA,blue,Ccdc152
Gm12446,14.0527368,-0.326718412,0.099260961,-3.219106044,0.001285909,NA,blue,Gm12446
Rnf170-ps,24.18483377,-0.33051152,0.104223433,-3.172464628,0.00151151,0.420199699,blue,Rnf170-ps
Col12a1,115.9075108,-0.341089301,0.104165819,-3.277236075,0.001048287,0.330489348,blue,Col12a1
Klf4,99.11182661,-0.360716319,0.103525809,-3.422520596,0.000620434,0.268866887,blue,Klf4
Alpl,177.4531234,-0.362655478,0.097033362,-3.763479019,0.000167566,0.11222338,blue,Alpl