"","p_val","avg_log2FC","pct.1","pct.2","p_val_adj"
"Gm42418",1.08166658284279e-260,-1.31830858672516,0.846,0.919,2.7088176234132e-256
"Plp1",9.16734866297205e-157,-1.25922408978045,0.588,0.72,2.29577912566809e-152
"Scd2",3.27683523280948e-134,-0.840899709493356,0.495,0.566,8.20617847352479e-130
"Mbp",4.29404906072421e-133,-0.832080393108366,0.613,0.775,1.07535870627716e-128
"Cmss1",1.73439376515267e-127,-0.827322938649676,0.581,0.66,4.34344230607184e-123
"Mast3",4.8193950752826e-125,-1.08184403823453,0.268,0.405,1.20692110870302e-120
"Map7",6.48819626567947e-123,-0.973339123706239,0.395,0.519,1.62483899081411e-118
"Plcl1",5.15340996714529e-120,-0.747275166934124,0.744,0.85,1.29056845807219e-115
"Ano4",1.76211839355548e-119,-0.975837295538663,0.397,0.554,4.41287309298099e-115
"Enpp2",3.92971965197545e-113,-0.86814870798064,0.419,0.55,9.84119692444212e-109
"Ttr",2.24938587440307e-111,-1.31953096839522,0.209,0.435,5.6331370452676e-107
"Kif1b",7.19706840610787e-107,-0.491639028817064,0.546,0.526,1.80236184094159e-102
"Abca1",8.91885022633725e-105,0.72312371125981,0.495,0.241,2.23354766218164e-100
"Edil3",1.41644766081394e-104,-0.640076762591679,0.756,0.865,3.54720987697636e-100
"Zbtb16",5.81811514373219e-103,-0.970136467308613,0.22,0.309,1.45703057544485e-98
"Cdc37l1",7.14727577032044e-102,-0.640927480183902,0.516,0.558,1.78989227116135e-97
"Mobp",2.69099226718694e-100,-0.779920286987334,0.437,0.527,6.73905193471625e-96
"Rcan2",6.89626739876522e-97,-0.776198296345032,0.292,0.363,1.72703224467277e-92
"Nbas",3.54227045141767e-96,-0.712541177293095,0.281,0.331,8.87090789148527e-92
"AY036118",2.43941338765656e-95,-0.632145342162482,0.505,0.531,6.10902294670831e-91
"Sept7",4.99565142822646e-94,-0.616037358891541,0.38,0.407,1.25106098717075e-89
"Ptprd",1.61755975967488e-93,-0.628043303383131,0.774,0.843,4.05085490615381e-89
"Aplp1",3.59101905901994e-93,-0.870769991905938,0.308,0.398,8.99298902950363e-89
"Ttll7",9.38677727082915e-93,-0.712092477679398,0.352,0.416,2.35073063193374e-88
"Mag",4.25031176885096e-92,-1.10728355763998,0.223,0.409,1.06440557627335e-87
"Dthd1",3.29247684497184e-90,1.06842808319035,0.268,0.081,8.24534976286298e-86
"1700047M11Rik",5.30893196748253e-90,-1.0231969446595,0.151,0.265,1.32951583261665e-85
"St6galnac3",1.12973197705714e-89,-0.653948277356469,0.573,0.637,2.8291877901442e-85
"C030029H02Rik",5.41830693651595e-89,-1.03731818381201,0.202,0.333,1.35690660611169e-84
"Rtn4",3.73567638198357e-88,-0.348838367854368,0.581,0.534,9.35525436340144e-84
"Prrc2c",1.29239356432509e-87,0.245622685255211,0.37,0.211,3.23654120313933e-83
"Srrm2",2.78419498067226e-87,0.074741180745364,0.571,0.411,6.97245949009755e-83
"Pip4k2a",5.86912263704474e-87,-0.63346260055956,0.371,0.418,1.46980438199512e-82
"Tmod2",2.44618174120548e-86,-0.626640204081234,0.373,0.414,6.12597293450088e-82
"Rnf13",1.32119159232246e-85,-0.313883155829862,0.379,0.332,3.30866010465313e-81
"Magi2",1.80273426697329e-85,-0.459257871952005,0.912,0.963,4.51458742478122e-81
"Phlpp1",2.13845037891559e-85,-0.54034077062824,0.721,0.79,5.35532128391831e-81
"Slc24a2",2.43394500927075e-84,-0.529968262649909,0.844,0.887,6.09532848671673e-80
"Grm3",3.37531702401906e-84,-0.70831683130575,0.515,0.617,8.45280642325093e-80
"Snhg11",7.38330465928714e-84,0.756462210463714,0.496,0.256,1.84900098582528e-79
"Aspa",1.08880246653464e-83,-0.927021797382429,0.264,0.393,2.7266880169427e-79
"Lrrc8c",1.57835944798099e-83,0.484047599469928,0.323,0.15,3.9526855655788e-79
"Gnao1",1.70341180042526e-83,-0.503558800437424,0.514,0.527,4.26585417180498e-79
"Hnrnpu",5.57982895370305e-83,0.11463659803405,0.367,0.235,1.39735656487585e-78
"Atp8a1",1.91492170612449e-82,-0.457502773418297,0.455,0.453,4.79553842864755e-78
"Ssh2",6.66277275135748e-82,-0.201568136336578,0.504,0.417,1.66855818012245e-77
"Hnrnpa2b1",9.86960055775594e-82,-0.0234581754460383,0.433,0.317,2.47164406767882e-77
"Hecw2",2.77648403539781e-81,-0.46605709799066,0.651,0.653,6.95314896984674e-77
"Daam2",3.91263459970637e-81,-0.65513123510065,0.313,0.36,9.79841082804467e-77
"Usp9x",9.30697062212847e-81,0.271257396946307,0.366,0.213,2.33074465289963e-76
"Lrp1b",3.26613155949522e-80,-0.503259032607706,0.821,0.897,8.17937326444387e-76
"R3hdm1",4.83806658208893e-80,0.064234027440548,0.355,0.232,1.21159701415253e-75
"Pacrg",6.14225652852703e-80,-0.991825021502099,0.25,0.355,1.53820530243902e-75
"Srsf7",1.35008658813813e-79,0.373692629745767,0.36,0.192,3.38102184267431e-75
"Cnp",1.58932984374439e-78,-0.804335250707385,0.194,0.255,3.98015872768907e-74
"Lncpint",3.1252495377305e-78,0.174654104743043,0.492,0.328,7.82656241733849e-74
"Ptn",3.71625035089114e-78,-0.7014654960961,0.36,0.426,9.30660575373669e-74
"Cdc42bpa",3.81305375912865e-78,-0.441991578868475,0.619,0.624,9.54903052898589e-74
"mt-Co1",5.89942879102973e-78,-1.17998818076758,0.28,0.412,1.47739395213758e-73
"mt-Co3",3.10115417384832e-77,-1.05797541369404,0.32,0.436,7.76622039756835e-73
"Prickle2",4.81972225745028e-77,-0.635409238772513,0.498,0.57,1.20700304493327e-72
"Ncam1",5.42454228654949e-77,-0.498626810082622,0.673,0.709,1.35846812482059e-72
"Gab2",1.561289867465e-76,0.572757337307856,0.426,0.224,3.90993821509261e-72
"Foxn3",1.73547040127403e-76,-0.499028614493632,0.336,0.347,4.34613852591055e-72
"Frmd4b",1.81759247894798e-76,-0.470450872027384,0.408,0.416,4.55179684502943e-72
"Wnk1",1.05738275268397e-75,-0.182465441501486,0.433,0.359,2.64800362754647e-71
"Igf1r",1.06159607371012e-75,0.318918911965183,0.452,0.275,2.65855504739226e-71
"Baz2b",1.42128813021768e-75,-0.0035428158329478,0.515,0.386,3.55933186450414e-71
"Nsd1",1.59691174736959e-75,0.214183991297489,0.457,0.294,3.99914608893766e-71
"Pcdh9",1.66633512442136e-75,-0.384269669216675,0.938,0.985,4.17300305208841e-71
"Clmn",2.47504120366024e-75,-0.782137903673328,0.23,0.303,6.19824568632635e-71
"Birc6",2.90926150349428e-75,0.266543194775473,0.371,0.219,7.28566358320071e-71
"Rbm39",3.34157322785767e-75,0.376849016024404,0.643,0.432,8.36830183452395e-71
"Exoc4",4.02898858790762e-75,0.394938947702925,0.722,0.499,1.00897961206971e-70
"Kmt2c",4.03783663050954e-75,0.0329243824955197,0.395,0.275,1.0111954273785e-70
"Abhd17b",1.11842051363225e-74,-0.282723108650842,0.318,0.267,2.80086049228923e-70
"Eprs",2.19232227464199e-74,0.348880247929063,0.288,0.146,5.49023267238593e-70
"Ubn2",2.90580480990763e-74,0.298555940189217,0.388,0.227,7.27700698545168e-70
"Rnf169",5.56339424007375e-74,0.420130953212274,0.299,0.146,1.39324081954167e-69
"Il1rap",8.18550060521505e-74,-0.448151769859581,0.424,0.423,2.04989491656401e-69
"Shtn1",1.01201314284088e-73,-0.59115030262137,0.251,0.281,2.53438451361642e-69
"Pten",1.19315829908823e-73,0.34829426170649,0.264,0.131,2.98802632840666e-69
"Tnrc6b",2.42223390280961e-73,0.21213125229209,0.472,0.311,6.06600036280611e-69
"Ptk2",5.65083450043609e-73,-0.355001686682821,0.379,0.352,1.41513848394421e-68
"Fth1",1.2673217776384e-72,-0.596135968850789,0.473,0.492,3.17375392773985e-68
"Plekhh1",2.59479554985745e-72,-0.746073914806569,0.203,0.274,6.49814649550802e-68
"Ncor1",3.12637737463342e-72,0.122042596114951,0.371,0.241,7.82938685929447e-68
"Ppp1r16b",6.30675689613861e-72,-0.662857184378428,0.375,0.425,1.57940112949999e-67
"Nipbl",6.60682701811539e-72,0.190018513618321,0.428,0.279,1.65454769014664e-67
"Itch",8.29495473867919e-72,-0.075009627006537,0.362,0.272,2.07730551520743e-67
"Kif13b",8.89842711929294e-72,-0.403808858553324,0.375,0.357,2.22843310348453e-67
"Ctnna3",1.44505639517531e-71,-0.773112873148613,0.392,0.519,3.61885473043752e-67
"Picalm",1.47403707341232e-71,-0.101973044689691,0.367,0.276,3.69143104294646e-67
"Sbf2",2.16976891895028e-71,0.113635017320527,0.383,0.257,5.43375230372718e-67
"Ubr2",2.45314391142493e-71,-0.0610691182217242,0.355,0.265,6.14340829738145e-67
"Sfpq",3.34336316136948e-71,-0.121073247167382,0.311,0.238,8.37278436501759e-67
"Sept4",3.77025143569107e-71,-0.59428700452629,0.224,0.254,9.44184067040115e-67
"Klf13",4.32872232482781e-71,-0.207456808961858,0.326,0.271,1.08404193180663e-66
"Agap1",4.55202184235033e-71,-0.292951347325397,0.568,0.525,1.13996282997979e-66
"Clk1",1.50471170167595e-70,-0.246421751472223,0.352,0.302,3.76824951450709e-66
"Arhgef2",1.53810450028029e-70,-0.0477690547190139,0.359,0.264,3.85187510005194e-66
"Kmt2e",1.59258310846042e-70,0.153044866267304,0.367,0.238,3.98830587851742e-66
"Itsn2",1.62872653671436e-70,-0.221808313134289,0.337,0.282,4.07881986589376e-66
"Prpf4b",1.66350691341631e-70,-0.00964020859994008,0.543,0.416,4.16592036326848e-66
"Stag1",2.28780154004844e-70,0.121262206807514,0.438,0.299,5.72934139674331e-66
"Nsd3",2.55410655226912e-70,0.115396698085772,0.293,0.183,6.39624903884756e-66
"Tspan2",2.68963551507583e-70,-0.566846785412078,0.292,0.316,6.7356542204044e-66
"Cdk12",2.8887146759705e-70,0.234659390663839,0.314,0.174,7.23420816303292e-66
"Huwe1",3.4828939301652e-70,0.0852058252211392,0.318,0.209,8.72221126931271e-66
"Fbxo7",3.80304720933139e-70,-0.231084585614862,0.265,0.214,9.52397112632859e-66
"Ermn",4.23913654545246e-70,-0.721167244775944,0.23,0.292,1.06160696507766e-65
"mt-Atp6",4.69394409026222e-70,-1.06477281445368,0.284,0.403,1.17550441852437e-65
"Usp34",5.11723525385602e-70,0.216179751521167,0.403,0.257,1.28150922462316e-65
"Cul1",6.29750289506325e-70,0.192127294826623,0.274,0.156,1.57708365001069e-65
"Slc44a1",6.42764894943289e-70,-0.280029110995497,0.414,0.368,1.60967612640648e-65
"Tnrc6c",7.00125254314581e-70,0.146162077382399,0.365,0.236,1.75332367438001e-65
"Sgk1",1.05636624720126e-69,-0.702632454942477,0.273,0.342,2.64545799286611e-65
"Lrch3",1.40694566989227e-69,-0.000637090732879209,0.326,0.23,3.52341404111122e-65
"Srsf11",1.85751784697578e-69,0.360109034711456,0.322,0.175,4.65178194418145e-65
"Tra2a",1.94279503419161e-69,0.231158962575283,0.369,0.226,4.86534160412606e-65
"Arhgap23",2.80100823850473e-69,-0.660927095317551,0.341,0.421,7.01456493168738e-65
"Trim2",3.7980022479104e-69,-0.609998938716807,0.367,0.429,9.51133702944201e-65
"Pafah1b1",3.88917021651108e-69,-0.077525868182001,0.432,0.336,9.73964897320869e-65
"Arhgef12",3.8984846600569e-69,0.264649768776085,0.366,0.218,9.76297513418048e-65
"Erbin",3.90310048412702e-69,-0.303481623859212,0.532,0.482,9.7745345423993e-65
"Ccnl2",4.04117115753335e-69,0.204589432509782,0.28,0.16,1.01203049298108e-64
"Dlg1",1.05696409896285e-68,-0.305688370045327,0.412,0.372,2.64695519303266e-64
"Lpgat1",1.10861626580489e-68,-0.437317439270464,0.274,0.27,2.77630771445519e-64
"Mat2a",1.22421100997376e-68,-0.392376091635806,0.308,0.293,3.06579163227729e-64
"Epc1",1.2976199252079e-68,0.081489553310091,0.29,0.185,3.24962957869814e-64
"Ncoa1",1.33426758672458e-68,0.0869086574328097,0.341,0.227,3.34140631743437e-64
"Dock9",1.913109942498e-68,-0.175537274779716,0.349,0.281,4.79100122899773e-64
"Dip2b",2.00482202116152e-68,-0.269568610478883,0.482,0.438,5.02067578759479e-64
"Spag9",2.32703542383345e-68,0.166271116472954,0.398,0.263,5.82759481190612e-64
"Dennd1a",3.15832283894715e-68,-0.0163219342330359,0.388,0.285,7.90938788557535e-64
"Mdm2",4.22511776474167e-68,0.870655788307907,0.275,0.107,1.05809624182426e-63
"Gatm",5.31672889431334e-68,-0.515524069308482,0.336,0.362,1.33146841700289e-63
"Pvt1",6.51143956852912e-68,0.491822376317599,0.467,0.272,1.63065981114675e-63
"Klhl2",7.03655446615363e-68,-0.200030899725257,0.458,0.387,1.76216433495885e-63
"Nfasc",9.41361195531671e-68,-0.436985414678633,0.451,0.463,2.35745084196996e-63
"Paip2",1.1909100795452e-67,0.186164847731878,0.293,0.177,2.98239611220505e-63
"App",1.42168477361398e-67,-0.400564456737217,0.708,0.707,3.5603251785615e-63
"Vti1a",1.63016065912074e-67,0.0888943184486455,0.37,0.248,4.08241133863606e-63
"Dlg2",1.66030606196502e-67,-0.430331192369282,0.606,0.598,4.15790447097901e-63
"Phf3",2.3179847857546e-67,0.147037471893242,0.263,0.159,5.80492929896524e-63
"Gpatch8",2.47658890715148e-67,0.0400026126290958,0.413,0.298,6.20212160017946e-63
"Syt11",2.49847311227425e-67,-0.571522312888324,0.348,0.386,6.25692621506841e-63
"Ash1l",3.04942027909128e-67,0.139758627304241,0.332,0.21,7.6366632049283e-63
"Dnm2",3.82849257104454e-67,-0.0384743642845151,0.311,0.224,9.58769394566683e-63
"Rbm25",6.05795451225131e-67,0.0279763153519836,0.335,0.232,1.5170935485031e-62
"Grb14",8.15760279066342e-67,-0.525784656984831,0.308,0.333,2.04290846686584e-62
"Cadm1",9.32331466470861e-67,0.313571098135899,0.553,0.364,2.33483769148298e-62
"Rbm26",1.08409055723881e-66,0.0546702391094218,0.347,0.238,2.71488798249314e-62
"Ank3",1.19359761700342e-66,-0.41422370334552,0.6,0.599,2.98912651226166e-62
"Fa2h",1.25972146272609e-66,-0.580316715722043,0.234,0.265,3.15472045910496e-62
"Bclaf1",1.48094007513856e-66,0.184437581301567,0.266,0.153,3.7087182301695e-62
"Ppp2r3a",1.66782504032595e-66,-0.252607449608418,0.406,0.359,4.17673424848828e-62
"Zfp638",1.96859606806772e-66,-0.0832821302351756,0.478,0.378,4.929955133262e-62
"Gsk3b",2.16007427829624e-66,0.0927013243631967,0.291,0.185,5.40947401513729e-62
"Krit1",2.37394748204453e-66,0.172511267979086,0.264,0.154,5.94507667928412e-62
"Crebbp",2.52322145728441e-66,0.084772750334811,0.321,0.213,6.31890349547735e-62
"Ppp1r12a",3.40327807443132e-66,0.167074754197585,0.316,0.195,8.52282928179835e-62
"Npepps",4.0575391085451e-66,-0.0159843419870411,0.333,0.241,1.01612951895295e-61
"Ddx17",5.36095084778096e-66,-0.262830921813563,0.295,0.256,1.34254292080979e-61
"Zfand3",5.94732528360493e-66,0.263137870446172,0.311,0.178,1.48938867077318e-61
"Acaca",6.57558686860252e-66,-0.226486049360222,0.288,0.236,1.64672421950413e-61
"Mbd5",7.20478136924095e-66,0.0414194906225396,0.326,0.224,1.80429339829901e-61
"Mkln1",7.45268495506606e-66,-0.122000495233044,0.3,0.233,1.86637589329719e-61
"Son",8.56488017120136e-66,-0.114603937784111,0.626,0.522,2.14490294127396e-61
"Vps13b",9.72992288459508e-66,0.0760220394301381,0.328,0.221,2.43666458798915e-61
"Gnaq",9.8554503548422e-66,-0.0289168152398589,0.351,0.253,2.46810043236313e-61
"Usp54",1.02468029676552e-65,-0.462857043978106,0.282,0.289,2.56610686718988e-61
"Chd6",1.16533475726131e-65,0.138975646389008,0.305,0.192,2.9183478326095e-61
"Arih1",1.30734743085274e-65,0.327756528044158,0.367,0.213,3.27399017108453e-61
"Atrx",1.30756776455966e-65,0.163456343215822,0.346,0.221,3.27454195278675e-61
"Wdr33",1.85636171604577e-65,0.0598361982217916,0.259,0.165,4.64888664549341e-61
"Zfc3h1",2.06156442421555e-65,0.340035328631554,0.265,0.135,5.162775787563e-61
"Mark3",2.41991688673317e-65,0.337422197686566,0.322,0.179,6.06019785944588e-61
"H3f3b",2.64287155398214e-65,0.908779080207824,0.357,0.17,6.61854323263747e-61
"Tmem178b",3.42216922759543e-65,-0.436230071844591,0.503,0.508,8.57013839666723e-61
"2610035D17Rik",4.49589392992118e-65,0.112648464232032,0.396,0.27,1.12590671687016e-60
"4930402H24Rik",7.00263837264855e-65,-0.161479950699631,0.367,0.302,1.75367072766238e-60
"Cnot4",9.00643249800999e-65,0.306601842386307,0.348,0.204,2.25548089047664e-60
"Gm44511",1.04000657068496e-64,-0.345557108915894,0.336,0.323,2.60448845496634e-60
"Aff2",1.47449449264579e-64,0.634274798449456,0.298,0.135,3.69257655793286e-60
"Kansl1",2.14232731973352e-64,0.254324569765362,0.477,0.314,5.36503030680865e-60
"1110051M20Rik",2.17094053573888e-64,0.194446799121243,0.288,0.171,5.43668638365088e-60
"Hnrnpr",2.20068234318288e-64,0.157561970325131,0.25,0.148,5.51116879203289e-60
"Mllt10",3.74356921977781e-64,-0.0107202069673984,0.3,0.212,9.37502039708957e-60
"Slc38a2",5.8987962536221e-64,-0.384793310223195,0.466,0.439,1.47723554579458e-59
"Ncoa2",6.2659016557442e-64,-0.177626363612644,0.333,0.277,1.56916975164802e-59
"Tulp4",6.61327035826772e-64,0.023680110241143,0.572,0.438,1.65616129582098e-59
"Park2",8.42474571392532e-64,-0.504223503116115,0.287,0.291,2.10980906913832e-59
"Ankhd1",9.32409592047213e-64,0.260841557048872,0.354,0.217,2.33503334136383e-59
"Ppp2r2a",9.44321800638873e-64,-0.0709266498524468,0.322,0.24,2.36486508533993e-59
"Gm20388",1.0218991924976e-63,0.313082437446585,0.807,0.618,2.55914214777174e-59
"Ywhaq",1.10986980080822e-63,0.00506838606934856,0.399,0.295,2.77944694216403e-59
"Ccdc88a",1.48887043868605e-63,-0.01164064654786,0.372,0.271,3.72857823960149e-59
"Chd2",1.79168457955462e-63,0.243844913913768,0.274,0.154,4.48691569257863e-59
"Setd5",2.34891207010338e-63,0.21292956478208,0.311,0.186,5.8823804971599e-59
"Bcas3",2.3912139355852e-63,0.10340565344403,0.41,0.28,5.98831705888602e-59
"Limch1",2.77121364818039e-63,-0.434425735163381,0.375,0.374,6.93995033913815e-59
"Arhgap5",3.14115878501408e-63,-0.0688220563533666,0.281,0.205,7.86640394531076e-59
"Plekha1",3.18345179514539e-63,0.011704032575238,0.435,0.328,7.9723183305826e-59
"Maml3",3.28875822143368e-63,0.722087416830018,0.263,0.107,8.23603721393636e-59
"Eef1a1",3.31376113565446e-63,0.302464646390362,0.349,0.208,8.29865201201945e-59
"Clasp2",3.43987295177593e-63,-0.215193474852691,0.493,0.485,8.61447383313246e-59
"Vmp1",3.60765947831116e-63,-0.0873816375142629,0.513,0.418,9.03466163153465e-59
"Nckap1",4.12315927889498e-63,0.00882728945122757,0.32,0.223,1.03256277821367e-58
"Brd4",4.12939962568404e-63,0.283214480196739,0.26,0.141,1.03412554826005e-58
"Pum1",4.42215635910591e-63,0.291168966425273,0.255,0.134,1.10744061701089e-58
"Dusp10",4.72984405848005e-63,0.369132635254518,0.264,0.132,1.18449484756516e-58
"Dennd4a",5.65425116430783e-63,0.243865432546373,0.286,0.165,1.41599411907761e-58
"Zcchc7",5.84702870299187e-63,-0.0626120121715115,0.551,0.449,1.46427139809025e-58
"Gpm6b",8.54844117454341e-63,-0.481802661466006,0.597,0.629,2.14078612334091e-58
"Tom1l2",9.97777593265695e-63,0.051197891438,0.356,0.251,2.49873442681528e-58
"Pstpip2",1.10620876173433e-62,-0.059263311446283,0.4,0.302,2.77027860201127e-58
"mt-Co2",1.30302105505474e-62,-0.997158581890276,0.259,0.377,3.26315562817358e-58
"Pnisr",1.3705347318591e-62,0.0903201184047555,0.386,0.265,3.43223012899474e-58
"Fus",1.39029375366833e-62,0.182256891857739,0.307,0.189,3.4817126473116e-58
"Dpy19l1",2.8283935302409e-62,0.218652818988838,0.364,0.228,7.08314591778229e-58
"Fto",3.18307376199312e-62,0.088111607471606,0.377,0.263,7.97137162215938e-58
"Bach2",3.77102248941973e-62,0.182897947508093,0.341,0.215,9.44377162025384e-58
"Mog",6.0296203645047e-62,-0.84542834499433,0.234,0.351,1.50999782788291e-57
"Apbb2",6.76636919768077e-62,-0.183812659861209,0.34,0.283,1.69450183817519e-57
"N4bp2l2",7.15770304356206e-62,0.243941091886805,0.264,0.148,1.79250357319925e-57
"Rbm6",7.2210761108119e-62,0.154810220842485,0.348,0.23,1.80837409043062e-57
"Ddhd1",7.55840462489222e-62,0.573153566052164,0.303,0.143,1.89285127021176e-57
"Vps8",8.908385880775e-62,-0.19575873262953,0.314,0.263,2.23092707612248e-57
"Psme4",1.11358405601945e-61,0.0960048362937356,0.267,0.17,2.7887485514895e-57
"Osbpl1a",1.12196736720994e-61,-0.249664070180148,0.251,0.211,2.80974287770386e-57
"Bin1",1.54353445269235e-61,-0.312915545146448,0.523,0.494,3.86547332987746e-57
"Unc5c",1.61181831376984e-61,-0.538208903366528,0.552,0.603,4.03647660317382e-57
"Otud7b",2.1538983831351e-61,-0.337467343671341,0.348,0.33,5.39400772088522e-57
"Arid4b",2.65316109219527e-61,-0.0469927247978821,0.341,0.256,6.64431132318462e-57
"Zfp280d",2.79776372836494e-61,0.152223899654821,0.317,0.202,7.00643970494431e-57
"Ankrd12",5.24081469318295e-61,0.288500158576372,0.371,0.227,1.31245722361381e-56
"Fbxl5",5.40950822215681e-61,0.00392940578278855,0.306,0.214,1.35470314407473e-56
"Luc7l2",6.39659405716147e-61,-0.253827830508623,0.407,0.361,1.60189904973495e-56
"Kpna4",6.69124713732966e-61,0.134528607707615,0.255,0.154,1.67568902060147e-56
"Nedd4",7.70927686808513e-61,-0.0226808244569041,0.25,0.173,1.93063420607456e-56
"Ankrd11",8.10856679483463e-61,0.269213005330004,0.377,0.238,2.03062838243044e-56
"Agpat4",9.31805996319799e-61,-0.0243179484202827,0.268,0.193,2.33352175658367e-56
"Sox10",1.06015336651375e-60,0.0513678649705915,0.285,0.193,2.65494207576038e-56
"Lrrc8b",1.127675975069e-60,0.387844052819861,0.393,0.231,2.82403894436529e-56
"Ambra1",1.16851307346568e-60,0.143668992984294,0.348,0.227,2.92630728988011e-56
"Tpr",1.33997745846345e-60,0.186854102418886,0.251,0.148,3.35570554923001e-56
"Dst",1.58324030684931e-60,-0.119683510800169,0.64,0.554,3.96490870044272e-56
"Kdm2a",1.59539391630056e-60,0.223651770902916,0.253,0.144,3.99534498459149e-56
"Rock1",2.18896265971585e-60,0.15898060353985,0.299,0.186,5.48181918872639e-56
"Cobll1",2.20265189498585e-60,0.063565995321158,0.358,0.252,5.51610114061307e-56
"Slain1",2.67067080879484e-60,-0.311890728963884,0.397,0.375,6.68816090646492e-56
"Nf1",2.75040973136887e-60,-0.0606380353366323,0.372,0.288,6.88785109026707e-56
"Kif13a",3.59036213217387e-60,-0.241493960925001,0.401,0.372,8.99134388760302e-56
"Taf15",3.74468882346783e-60,0.109093794493734,0.301,0.201,9.37782422061048e-56
"Arglu1",3.83546132550335e-60,-0.335555447425493,0.349,0.323,9.60514579745804e-56
"Sel1l",3.91910568993296e-60,0.251228363416633,0.251,0.14,9.8146163792991e-56
"Atp9b",4.0281103710442e-60,0.0643863311675268,0.261,0.173,1.0087596802206e-55
"Qk",5.20742972917793e-60,-0.379381614993187,0.838,0.837,1.30409662707803e-55
"Zdhhc20",5.39776185939376e-60,-0.458034747146212,0.29,0.297,1.35176150244798e-55
"Dnajc1",5.55607981525611e-60,0.168860241499537,0.331,0.211,1.39140906813459e-55
"Rsrp1",6.01594415816428e-60,-0.0728781185975413,0.537,0.436,1.50657289552908e-55
"Gm16168",6.10193008297584e-60,-0.96211542994102,0.171,0.275,1.52810635067964e-55
"Rb1",6.15129312674424e-60,0.0824857677412085,0.317,0.216,1.54046833773056e-55
"Fam208a",6.23914549824025e-60,0.0759146541544748,0.273,0.178,1.56246920712431e-55
"Cog5",6.54801571635924e-60,0.0402726834743998,0.327,0.23,1.63981957584784e-55
"Kcnk13",7.94855237645895e-60,-0.0427549847289064,0.361,0.273,1.99055597163662e-55
"Rbm5",8.48885499199055e-60,-0.0652137053643964,0.276,0.209,2.12586395564419e-55
"Sltm",8.88177443633787e-60,0.0751688607097885,0.419,0.304,2.22426277209209e-55
"Acap2",9.91258700517411e-60,-0.1044367928732,0.299,0.231,2.48240916370575e-55
"Gm37240",1.03689117409779e-59,0.403777576295571,0.387,0.223,2.59668656729309e-55
"Rab2a",1.12709173459029e-59,0.201567963590225,0.258,0.151,2.82257583093445e-55
"Akap6",1.50050295234647e-59,0.0459243203112192,0.472,0.345,3.75770954356127e-55
"Kif21a",1.60474443209306e-59,-0.4247866613793,0.324,0.328,4.01876148129065e-55
"Pak1",1.75978567261436e-59,-0.362379810556857,0.519,0.508,4.40703125992815e-55
"Ascc3",1.76581767779443e-59,0.30545334970587,0.313,0.179,4.42213721050058e-55
"Jmjd1c",1.80854465201894e-59,0.279974751674108,0.359,0.22,4.52913837205103e-55
"Fam168a",2.03069854622866e-59,0.0706856850312851,0.312,0.213,5.08547836932042e-55
"Kcnq3",2.46744102505377e-59,-0.687670766439321,0.341,0.424,6.17921255904215e-55
"Chd7",3.18230812727069e-59,-0.0659869648932143,0.283,0.212,7.969454243124e-55
"Akap9",3.4992869279638e-59,0.00984695695881777,0.272,0.189,8.76326425369974e-55
"Hipk2",3.73171014957719e-59,-0.446059446603441,0.33,0.338,9.34532172758616e-55
"Tmod1",3.90672160513056e-59,-0.201342610960452,0.259,0.215,9.78360291572847e-55
"Ugt8a",4.03865378728708e-59,-0.461800933720954,0.293,0.302,1.0114000679503e-54
"Retreg1",5.97172411696559e-59,-0.347217150396654,0.269,0.252,1.49549887061169e-54
"Pde8a",6.40727412784767e-59,-0.466878769826641,0.3,0.312,1.60457365983689e-54
"Faf1",6.9194749433646e-59,0.285203785128319,0.305,0.178,1.7328441100668e-54
"Trpm7",7.20539648219959e-59,0.214984015300921,0.351,0.224,1.80444744103724e-54
"Snrnp70",8.88231872220302e-59,-0.0416009979597316,0.549,0.442,2.2243990776013e-54
"Nr3c1",9.59301823078249e-59,-0.0283349486363877,0.263,0.188,2.40237955553486e-54
"Syne1",1.05729990069962e-58,0.10061716680524,0.321,0.212,2.64779614132207e-54
"Wac",1.10645274337152e-58,0.0421809809278024,0.287,0.195,2.77088960522531e-54
"Nktr",1.1226041025807e-58,0.116362863641907,0.324,0.216,2.81133745409286e-54
"Pan3",2.2972946129611e-58,0.160421288909233,0.289,0.181,5.75311489923848e-54
"Ank",2.77331188635078e-58,-0.168810438888664,0.303,0.255,6.94520495698825e-54
"Rnf220",2.78509774884097e-58,-0.347574508905555,0.432,0.462,6.97472029242244e-54
"Arhgef10",2.86591861418927e-58,-0.247810149880195,0.296,0.261,7.17711998551419e-54
"Dock1",2.95472900622209e-58,0.140450360534261,0.734,0.571,7.39952785028197e-54
"Fgfr2",3.09969473436502e-58,-0.264918198400149,0.823,0.775,7.76256552327031e-54
"Fryl",3.60610556714452e-58,-0.11505991903182,0.355,0.29,9.03077017180002e-54
"Ago3",5.02557714180319e-58,-0.00907445119794059,0.277,0.198,1.25855528362177e-53
"Rps6ka5",5.98924730896581e-58,-0.112687773344274,0.27,0.207,1.49988720358431e-53
"Frmd4a",6.2793090695537e-58,0.413566375275106,0.348,0.193,1.57252737028833e-53
"St18",6.60088852258968e-58,-0.528796825365226,0.685,0.767,1.65306051271213e-53
"Arid1b",7.49423238286648e-58,0.0193512417870414,0.373,0.271,1.87678061564125e-53
"Ypel2",8.41795090873728e-58,-0.337187510791817,0.318,0.305,2.10810744607508e-53
"Slc12a2",8.47856578750062e-58,-0.364741354664515,0.343,0.333,2.12328723016378e-53
"Srek1",9.88760140173072e-58,0.107167061175415,0.29,0.189,2.47615201903542e-53
"Bptf",1.2441568922541e-57,0.0981506286160116,0.289,0.193,3.11574210527195e-53
"Lcor",1.33914600398627e-57,0.195352616956129,0.262,0.156,3.35362333778282e-53
"Clk4",1.66746189208785e-57,0.0219191977678108,0.254,0.175,4.17582481635561e-53
"Phf21a",1.82381157590741e-57,0.0385766111340413,0.311,0.216,4.56737132954492e-53
"Rapgef6",2.05968306988389e-57,0.248652394271459,0.263,0.149,5.15806431191023e-53
"Tmcc1",2.60666439510365e-57,-0.154114651176402,0.495,0.42,6.52786964465807e-53
"Sh3kbp1",2.98644228284219e-57,0.0687372766315093,0.35,0.248,7.4789474089217e-53
"St3gal3",3.5705812731516e-57,-0.277569294826155,0.266,0.24,8.94180668235356e-53
"Btaf1",3.78715847387035e-57,0.301821023519108,0.283,0.16,9.48418096611351e-53
"Rnf144a",4.6953216441441e-57,-0.0982659887749264,0.255,0.19,1.17584939934301e-52
"Strbp",5.03253051905938e-57,-0.0907636486654573,0.433,0.345,1.26029661788804e-52
"Cdk13",5.42148023861404e-57,0.113771716759854,0.261,0.166,1.35770129615611e-52
"Nbea",5.68138496486627e-57,-0.0967939877339776,0.578,0.484,1.42278923675146e-52
"Tmtc2",5.94321570987821e-57,-0.139387903183098,0.499,0.41,1.4883595102248e-52
"Pak7",6.25663467451512e-57,-0.474417492201237,0.457,0.484,1.56684902153882e-52
"Herc1",9.14580227346955e-57,0.0580037826291753,0.273,0.182,2.29038326334498e-52
"Paxbp1",9.18495464198895e-57,0.149432507248333,0.25,0.153,2.30018819099329e-52
"Arhgap21",1.08330067628494e-56,-0.24207258108619,0.311,0.268,2.71290988362038e-52
"Ralgapa1",1.32657915903508e-56,0.229027780720318,0.389,0.255,3.32215218797155e-52
"Sik3",1.34516245590272e-56,-0.0942182149021087,0.66,0.564,3.36869033831719e-52
"Gm4593",1.46580179888415e-56,-0.735348635265262,0.208,0.286,3.67080744494557e-52
"Glg1",1.90323334217071e-56,0.0625442487401862,0.408,0.296,4.76626725879811e-52
"Apba1",1.99436971303601e-56,-0.169251555720004,0.348,0.282,4.99450007235609e-52
"Amph",2.46421348981483e-56,-0.210667160315692,0.255,0.208,6.17112984254328e-52
"Trim44",2.77699281984705e-56,0.109757544037159,0.279,0.185,6.95442311874297e-52
"9330182L06Rik",3.18586216037548e-56,-0.0530769069774388,0.342,0.262,7.97835460822832e-52
"Xrn1",5.48291018390039e-56,0.0417487276265591,0.253,0.167,1.37308519735418e-51
"Cdc42se2",5.53939654106336e-56,-0.110572390557603,0.251,0.195,1.3872310757785e-51
"Pde4b",5.58214383076232e-56,-0.276899758859495,0.916,0.983,1.39793627953781e-51
"Trip12",6.7347083759192e-56,-0.00901863173878992,0.257,0.18,1.68657301858145e-51
"Rab10",8.09834070205259e-56,0.0922847949722763,0.327,0.224,2.02806746201503e-51
"Lrrc8d",8.40501175634969e-56,0.26446915306387,0.266,0.149,2.10486709414265e-51
"Pcm1",1.00283993092839e-55,0.0802181098392367,0.274,0.182,2.51141203902396e-51
"Fnip2",1.02741903714316e-55,0.161011025751537,0.268,0.168,2.5729654947176e-51
"Dip2c",1.18588762563432e-55,0.418747326432578,0.568,0.376,2.96981838087603e-51
"Ehbp1",1.21058042975608e-55,-0.00797281389360904,0.261,0.183,3.03165657023815e-51
"Gbf1",1.21073209299055e-55,0.294203361257356,0.277,0.155,3.03203638047623e-51
"Rb1cc1",1.31572325107556e-55,0.165347952159278,0.255,0.156,3.29496573766852e-51
"Rab31",1.31593808673048e-55,-0.293574923770195,0.455,0.422,3.29550375059915e-51
"Gm26733",1.34044136369014e-55,-0.0315879728418174,0.323,0.236,3.35686730708922e-51
"Csnk1a1",1.51010031688976e-55,0.23008330446954,0.293,0.178,3.78174422358703e-51
"Ralgps1",1.61635101214241e-55,-0.0311253217797565,0.33,0.245,4.04782783970823e-51
"Bicd1",2.08452736234327e-55,0.0148973598273172,0.285,0.2,5.22028187351624e-51
"Myo6",2.79555661167174e-55,-0.0749020347797877,0.459,0.375,7.00091242260953e-51
"Zcchc11",3.23693085485365e-55,0.178244660174993,0.279,0.172,8.10624593980998e-51
"Rere",3.34532817755784e-55,-0.0483988010913214,0.509,0.413,8.3777053550581e-51
"Ube3a",3.7535463486271e-55,0.133403034187336,0.292,0.181,9.40000612086684e-51
"Wipf1",4.204218903971e-55,-0.0431437551541167,0.288,0.216,1.05286254012146e-50
"Pkp4",4.79634620381607e-55,-0.235115979281276,0.391,0.353,1.20114897982166e-50
"Fubp1",4.91985667400459e-55,0.182393678129585,0.251,0.15,1.23207970687097e-50
"Magi1",4.99213357974843e-55,-0.172103683981904,0.311,0.257,1.2501800123764e-50
"Exoc6b",7.48180726717711e-55,-0.129810422899491,0.566,0.49,1.87366899391916e-50
"Rasal2",7.99131025309681e-55,0.317618357613097,0.299,0.169,2.00126382668303e-50
"Ptpra",8.31688763139e-55,0.0322045975147818,0.278,0.193,2.082798169529e-50
"Dmxl1",1.01490503303214e-54,0.0167841543668936,0.292,0.209,2.54162667422238e-50
"Itm2b",1.10353790817917e-54,-0.068004790716613,0.262,0.194,2.76358998345309e-50
"Chd9",1.4360566227973e-54,0.137770032106157,0.27,0.17,3.59631660047127e-50
"Eml1",1.52173298312464e-54,0.200221964412856,0.314,0.198,3.81087590963903e-50
"Cdk19",1.70579391736606e-54,-0.386566236755543,0.612,0.614,4.27181970725982e-50
"Lcorl",1.83288830773292e-54,0.149640401377374,0.301,0.195,4.59010218905555e-50
"Gm26804",2.35527863354189e-54,0.0300369990067848,0.586,0.467,5.89832428197896e-50
"Usp31",2.45982073286074e-54,-0.024870139627156,0.343,0.259,6.16012906130316e-50
"Strn3",2.5402798885134e-54,0.0226776869904957,0.319,0.228,6.36162292480411e-50
"Otud7a",2.729796396061e-54,-0.38952363913216,0.373,0.368,6.83622911465558e-50
"Gm26694",2.78587025568854e-54,-0.270527443387403,0.302,0.264,6.97665488132082e-50
"Atp6v0b",2.91648778055523e-54,0.175358302970143,0.306,0.194,7.30376034884446e-50
"Creb5",3.00003751158168e-54,0.100617508770835,0.415,0.296,7.51299394025401e-50
"Mycbp2",3.72153893308801e-54,0.00420463281146599,0.469,0.366,9.3198499501323e-50
"Pard3",3.82495974758643e-54,-0.0250834367911463,0.366,0.28,9.5788466958807e-50
"Lrba",5.02661108243085e-54,0.0523573455605659,0.299,0.205,1.25881421337316e-49
"Tcf4",5.5274222600867e-54,0.0197612385254837,0.629,0.5,1.38423235659351e-49
"Spock3",5.86476302003918e-54,-0.56900089576085,0.378,0.446,1.46871260310841e-49
"Enox1",6.21342015902194e-54,-0.167928376351818,0.533,0.467,1.55602681042386e-49
"Stxbp6",7.20166566286052e-54,-0.25798604488291,0.332,0.293,1.80351313195016e-49
"Ubr3",8.06125721732002e-54,0.16958787563832,0.299,0.195,2.01878064493345e-49
"Ttc14",9.69510725511166e-54,0.0344924381393714,0.253,0.171,2.42794570989761e-49
"Zdhhc14",1.2064489744236e-53,-0.0348927688164022,0.485,0.39,3.02131016664902e-49
"Gm38304",1.47086476969216e-53,-0.271753982331362,0.264,0.238,3.68348664274008e-49
"Snx24",1.74222826081799e-53,0.0355204710665076,0.263,0.178,4.36306223356648e-49
"Rabgap1l",1.95248266806505e-53,-0.136127179852441,0.327,0.261,4.88960234563531e-49
"Mdm4",3.48552793583353e-53,-0.0355118693716401,0.254,0.186,8.72880760970792e-49
"Apoe",3.94802119292671e-53,-0.523471610262607,0.457,0.49,9.88702947344637e-49
"Ube2e2",4.08414398201992e-53,-0.401207940551801,0.523,0.531,1.02279217741725e-48
"Rabgap1",5.56148751896303e-53,0.0146056884117103,0.291,0.208,1.39276331937391e-48
"Plxdc2",5.62193609450974e-53,-0.319066962898766,0.675,0.655,1.40790145614807e-48
"Fam196a",6.00941523811031e-53,-0.122639653943294,0.301,0.242,1.50493785807997e-48
"Apc",6.0889539165204e-53,-0.081053902121323,0.312,0.241,1.5248567293142e-48
"Braf",6.46630747419134e-53,0.259808971701423,0.257,0.147,1.61935738076174e-48
"Pik3r1",8.74432589660402e-53,-0.147794611686323,0.348,0.291,2.18984153428654e-48
"Nsmce2",8.7871418396402e-53,-0.0778797782018508,0.25,0.187,2.20056393090109e-48
"Tbc1d5",1.6356607570643e-52,-0.274357189894832,0.682,0.65,4.09618523391612e-48
"Snx29",1.71120901726205e-52,0.10289367224176,0.253,0.165,4.28538074192935e-48
"Arhgap39",1.87452821871715e-52,-0.249802873830718,0.254,0.223,4.69438101813335e-48
"Fbxo11",2.17959322890878e-52,0.140156597688454,0.251,0.156,5.45835532315625e-48
"Fign",2.20712160936722e-52,-0.0866098941909224,0.344,0.263,5.52729464633832e-48
"Tanc2",2.99352917559786e-52,0.360618897322568,0.446,0.284,7.49669511444972e-48
"Celf1",3.04206914503846e-52,0.194700641036073,0.255,0.154,7.6182537599198e-48
"Kmt2a",3.5817573542363e-52,0.24855801194916,0.297,0.178,8.96979494221395e-48
"Phf20l1",4.56408362551283e-52,-0.0563544344260087,0.264,0.197,1.14298346233718e-47
"Atrn",5.09672946667223e-52,0.00590798265448322,0.258,0.182,1.27637396033873e-47
"Fmnl2",5.69601259394318e-52,-0.179222804847726,0.484,0.42,1.42645243390119e-47
"Ddx5",5.91814775926325e-52,0.0325578267849993,0.677,0.551,1.4820817433523e-47
"Apod",7.29100361642834e-52,-0.801872752547506,0.304,0.385,1.82588603566215e-47
"Add3",8.57424574566179e-52,-0.13357455216424,0.316,0.254,2.14724836208608e-47
"Prkca",9.84381007368241e-52,-0.126340600521396,0.484,0.407,2.46518535675229e-47
"Fam19a5",9.87457985597452e-52,0.165382328129088,0.3,0.195,2.4728910333317e-47
"Gm48678",9.93365609496153e-52,-0.303438987906256,0.416,0.39,2.48768549586122e-47
"AW554918",1.28549677036906e-51,0.133353772758025,0.268,0.174,3.21926956203525e-47
"Extl3",1.37899360462159e-51,0.116001250602424,0.252,0.162,3.45341368405384e-47
"Mtdh",1.71497417161859e-51,0.119453351039786,0.28,0.184,4.29480981798443e-47
"Clic4",1.77371387007117e-51,0.0776359716041957,0.333,0.235,4.44191164481922e-47
"2010111I01Rik",1.85245431057878e-51,0.142083094390403,0.369,0.258,4.63910132998244e-47
"Sh3d19",2.40593070020065e-51,-0.123053441549259,0.409,0.341,6.02517225251248e-47
"Sorcs1",3.87346167563825e-51,-0.31240612363695,0.462,0.437,9.70031007430087e-47
"Tmem243",6.0226186366955e-51,0.0410163775883123,0.293,0.205,1.50824438518765e-46
"Atad2b",6.84762825735191e-51,0.225877098461753,0.27,0.164,1.71485154448864e-46
"St6gal1",6.92253070715614e-51,0.0521253172686937,0.399,0.316,1.73360936499311e-46
"Arnt2",7.0476599303577e-51,-0.218132731355386,0.251,0.218,1.76494547635948e-46
"Mbnl2",7.84331942808693e-51,-0.097463462965032,0.711,0.616,1.96420248437581e-46
"Srsf5",8.58381812069114e-51,-0.00744981729054217,0.251,0.181,2.14964557196468e-46
"Psap",1.38490839720958e-50,-0.0962054834533426,0.331,0.261,3.46822609913194e-46
"Cdh2",1.41976516116969e-50,-0.32239990059619,0.286,0.271,3.55551789311725e-46
"Rtn3",1.51345604460503e-50,0.0173418110726611,0.313,0.224,3.79014797250438e-46
"Spock1",2.36619088045548e-50,-0.138306064477138,0.473,0.395,5.92565182192466e-46
"Wdfy3",3.24869978709233e-50,-0.0122017434159085,0.251,0.183,8.13571887681532e-46
"Dyrk1a",5.09895862369868e-50,0.161696587139863,0.258,0.163,1.27693220813286e-45
"Rev3l",5.13369358714966e-50,0.013078939866221,0.281,0.2,1.28563088502989e-45
"Car2",5.55283768359336e-50,-0.389579412247512,0.395,0.393,1.39059714110228e-45
"Kansl1l",5.95023771739978e-50,-0.16002878641501,0.378,0.314,1.49011803156843e-45
"Palm2",6.95250059034998e-50,-0.415311675232379,0.468,0.485,1.74111472284135e-45
"Phldb1",8.11685084779035e-50,-0.301527977800465,0.266,0.249,2.03270295781214e-45
"Gab1",8.23172757859616e-50,-0.167608283041523,0.536,0.473,2.06147153750784e-45
"Gna12",8.9914624633236e-50,-0.176820466356348,0.26,0.217,2.25173194469013e-45
"Grm7",9.14357889269483e-50,-0.700224436840367,0.291,0.355,2.28982646209757e-45
"Mbnl1",9.66867741492011e-50,0.167692643178002,0.381,0.265,2.42132688501844e-45
"Mast4",1.14975639657896e-49,-0.384204248319699,0.754,0.782,2.87933494395268e-45
"Map4k4",1.17532995858767e-49,-0.0805131595367632,0.334,0.272,2.9433788152911e-45
"Klf7",1.38715347511368e-49,0.0769244833667215,0.27,0.183,3.47384844772718e-45
"Sf3b1",1.52810277016741e-49,0.292841024012509,0.25,0.142,3.82682776733025e-45
"Phactr1",1.53705595765131e-49,-0.342502697831195,0.366,0.35,3.84924923474617e-45
"Klf9",1.73447275873795e-49,-0.0719826111930955,0.253,0.19,4.34364012970746e-45
"Gm43713",2.00916725131188e-49,0.0347493613985372,0.259,0.179,5.03155754746034e-45
"Myo1d",2.23592082870408e-49,-0.245560770129764,0.325,0.292,5.59941653132362e-45
"Crebrf",2.69948460542964e-49,0.186713003198268,0.259,0.16,6.76031929737745e-45
"Tubb4a",2.92871875752047e-49,-0.511989896816561,0.264,0.291,7.33439038445851e-45
"Adamtsl1",1.12187224425037e-48,-0.216333928579144,0.337,0.301,2.8095046612762e-44
"Tjp1",1.17021236586763e-48,-0.0373888928628896,0.268,0.196,2.93056282784231e-44
"Ankrd17",2.9260195730408e-48,0.089823431620194,0.264,0.176,7.32763081676606e-44
"Sptbn1",3.2300669998534e-48,-0.122848470115026,0.318,0.263,8.08905678773286e-44
"Sec14l5",3.29643939167781e-48,-0.410042650201017,0.363,0.387,8.25527316857875e-44
"Nfia",3.41432982373994e-48,-0.145883684135371,0.563,0.49,8.55050617759194e-44
"Gm26904",6.32663720034597e-48,0.0585799941605829,0.253,0.174,1.58437975408264e-43
"Macf1",6.92429421735365e-48,-0.198543625033708,0.294,0.257,1.73405100085187e-43
"Hnrnpdl",1.49595347584133e-47,-0.00428094127234102,0.255,0.187,3.74631628954944e-43
"Txndc16",1.59488449777683e-47,-0.189783435579074,0.258,0.22,3.99406924778253e-43
"Dtna",3.21586989589654e-47,-0.108895301764655,0.325,0.265,8.05350298029372e-43
"Stox2",3.26732007873159e-47,0.055382074946654,0.318,0.229,8.18234967316751e-43
"Ank2",4.43110238103881e-47,-0.372880096899251,0.781,0.809,1.10968096928355e-42
"Fam172a",4.50759682661352e-47,-0.141603934090357,0.332,0.275,1.12883747328882e-42
"Tmcc3",5.8265227216812e-47,0.0578233372277288,0.465,0.372,1.45913608519062e-42
"Zfr",1.17906105515331e-46,0.193306404389316,0.319,0.208,2.95272260042042e-42
"Btbd9",1.23847447507629e-46,0.34539317114793,0.253,0.139,3.10151162793355e-42
"Tenm4",1.28331879677688e-46,0.728057875444372,0.294,0.143,3.21381526276833e-42
"Insr",1.37130785195166e-46,0.0420364219944522,0.251,0.174,3.43416625364254e-42
"AC149090.1",1.52290469816925e-46,0.204703855016642,0.273,0.161,3.81381023562526e-42
"Ktn1",1.5705778067976e-46,-0.0705772363596138,0.277,0.218,3.93319800156323e-42
"Slc8a1",1.97957700812624e-46,-0.463134118865298,0.442,0.472,4.95745470145054e-42
"Elmo1",2.24864565723193e-46,-0.27267970869175,0.742,0.716,5.63128331940593e-42
"Gm37459",2.34231790108136e-46,-0.193433664048028,0.582,0.515,5.86586671967805e-42
"Bcl2l1",3.4741243104064e-46,0.0118647941896048,0.49,0.388,8.70024951055075e-42
"Npas3",3.93291512821837e-46,-0.335582951643693,0.522,0.512,9.84919935559726e-42
"Aig1",6.05580424742612e-46,-0.33209815634459,0.267,0.256,1.51655505768292e-41
"A330015K06Rik",8.54135258375982e-46,-0.518946521607122,0.293,0.321,2.13901092755097e-41
"Fbxl17",1.08278916849707e-45,0.00258625857662653,0.286,0.211,2.71162891466722e-41
"Srgap1",1.68516304532713e-45,-0.156506147944976,0.301,0.25,4.22015381441274e-41
"Sema6a",1.95728662343277e-45,-0.0758648148212724,0.391,0.323,4.90163289106268e-41
"Ptma",2.05185791376902e-45,-0.130894110057989,0.261,0.217,5.13846777345176e-41
"Cttnbp2",2.19154574642719e-45,0.00392655080382243,0.412,0.319,5.4882880127776e-41
"Adgrl3",2.59205555133204e-45,0.457301633092449,0.33,0.186,6.49128471720082e-41
"Tenm2",2.76871393714643e-45,-0.57960313986667,0.302,0.299,6.93369031279581e-41
"Nav2",3.23234290044508e-45,0.740784330265655,0.355,0.195,8.09475632558461e-41
"Ctnna2",7.90265244950109e-45,-0.403446188082016,0.429,0.434,1.97906125292856e-40
"B3galt1",8.25677305602966e-45,-0.23629749129133,0.483,0.445,2.06774367642151e-40
"Gnai1",9.06938309164838e-45,-0.137127251889598,0.259,0.214,2.2712456076415e-40
"Pde1c",1.54055746817577e-44,0.131310379558403,0.426,0.31,3.85801806755259e-40
"mt-Cytb",2.046593199761e-44,-0.815002028346545,0.22,0.319,5.12528335016147e-40
"Il33",2.13068284367875e-44,-0.725167540454785,0.198,0.27,5.33586904542469e-40
"Aplp2",2.55576886100976e-44,-0.0260785204219875,0.264,0.203,6.40041195862675e-40
"Opcml",3.05395862057578e-44,-0.355238929367635,0.351,0.328,7.64802857350792e-40
"Adipor2",4.17134400987051e-44,-0.287936769172566,0.543,0.532,1.04462968039187e-39
"Gm26936",4.88611927770783e-44,-0.0155036385884251,0.349,0.271,1.22363085071637e-39
"Ankrd28",6.96272974582052e-44,0.115909523815434,0.592,0.466,1.74367641024583e-39
"Ephb1",1.23569971945987e-43,-0.19797530681608,0.351,0.308,3.09456280744336e-39
"Tcf12",1.44592858277541e-43,0.1577315354594,0.693,0.548,3.62103894984445e-39
"Dscaml1",2.60230085414524e-43,-0.459648715372955,0.339,0.365,6.51694202903594e-39
"Camk1d",2.97449327695915e-43,-0.365971428469147,0.275,0.271,7.4490235134888e-39
"Ubash3b",3.55574610208474e-43,0.0365344881728977,0.328,0.243,8.90465496345081e-39
"Plekha5",3.5958767997877e-43,-0.0633861615510707,0.276,0.215,9.00515426970835e-39
"Lrrtm3",4.28895679756268e-43,-0.596332956348078,0.227,0.275,1.07408345081362e-38
"Tspan5",5.97504731778273e-43,-0.280367621544696,0.264,0.244,1.49633109979233e-38
"Vps13a",9.5282533970958e-43,-0.0283348351606438,0.263,0.202,2.3861604982347e-38
"Kcnab1",1.00661053294964e-42,-0.384206948536749,0.387,0.394,2.52085475766578e-38
"Pam",2.31182202463907e-42,0.030176527609385,0.277,0.198,5.78949589630361e-38
"Ppp3ca",2.37797393805044e-42,0.0533620875651217,0.45,0.347,5.95516013305973e-38
"Mef2a",3.39894730078553e-42,-0.0548394520323088,0.256,0.199,8.5119837253572e-38
"Dock3",3.53133509669583e-42,-0.128789765497153,0.274,0.229,8.84352248265537e-38
"Mapt",3.61847138750705e-42,-0.161575845385759,0.694,0.673,9.06173789573389e-38
"Smg6",3.86525227965056e-42,0.150570211509347,0.265,0.174,9.6797512839289e-38
"Ahi1",5.4509419974894e-42,0.185422067788676,0.277,0.173,1.36507940443127e-37
"Gm35188",8.43247785465055e-42,-0.0632511020146076,0.373,0.302,2.11174542914014e-37
"Cdh20",1.15655395828412e-41,-0.14530969395652,0.521,0.451,2.89635807773091e-37
"Dgki",1.43247676737334e-41,-0.153483395241421,0.6,0.542,3.58735156853306e-37
"Arap2",2.44662455481567e-41,0.0795492823539403,0.795,0.658,6.12708187262487e-37
"Dock4",3.05853538864228e-41,-0.0597202438119799,0.273,0.206,7.65949017377687e-37
"Map4",3.90708408103173e-41,0.163520885710844,0.4,0.302,9.78451066412776e-37
"Gm11149",6.02947643155346e-41,-0.351489202490654,0.3,0.303,1.50996178275393e-36
"Gjc3",6.65853384662463e-41,0.133847509761974,0.551,0.427,1.66749663121021e-36
"Auts2",1.67559276228544e-40,-0.312023799342469,0.451,0.432,4.19618695459142e-36
"Nfib",1.71728782009988e-40,0.0384002998309692,0.273,0.193,4.30060388787614e-36
"Gphn",1.9667221976891e-40,-0.0343160171469772,0.671,0.58,4.92526239967281e-36
"Oxr1",2.18882267461143e-40,-0.171269843368487,0.468,0.417,5.4814686240294e-36
"Cdh19",2.63079131135827e-40,-0.35749548989625,0.281,0.284,6.58829068103451e-36
"4930419G24Rik",2.95486423924533e-40,-0.236360092302332,0.71,0.651,7.39986651434208e-36
"Nkain2",8.0070801249716e-40,-0.277817470475392,0.945,0.973,2.00521307569664e-35
"Samd4",1.38929613398342e-39,0.257393145044065,0.422,0.295,3.47921430833467e-35
"Naaladl2",1.96801422507388e-39,-0.370321005393011,0.318,0.313,4.92849802385251e-35
"Nfat5",2.83962595779985e-39,0.194941779950469,0.251,0.161,7.11127528611815e-35
"Prr5l",4.07452318609998e-39,-0.492056670603524,0.515,0.617,1.02038284149502e-34
"Ptprk",7.6846071739339e-39,-0.140721558995778,0.651,0.592,1.92445617456827e-34
"Camkmt",1.03863629225281e-38,-0.150426996817979,0.254,0.209,2.60105686668871e-34
"Zbtb20",2.64692064078379e-38,-0.0532282570104496,0.767,0.676,6.62868336071485e-34
"Cadps",2.96410413553863e-38,-0.197795605616135,0.25,0.208,7.42300598662939e-34
"Tnik",4.299789066086e-38,0.106879308887074,0.252,0.172,1.07679617581992e-33
"Fut8",9.49115234355359e-38,0.216326146760917,0.254,0.161,2.37686928139613e-33
"Gm28376",1.06587523607401e-37,-0.321178509043581,0.346,0.332,2.66927135370013e-33
"Tanc1",2.80247669674947e-37,0.0512098751990124,0.266,0.196,7.01824239166969e-33
"Lrrc4c",6.29490588583817e-37,-0.375164489433828,0.551,0.557,1.57643328099045e-32
"Mdga2",4.66882096680475e-36,-0.291797326449476,0.606,0.597,1.16921283471691e-31
"Negr1",1.43980288848012e-34,0.533408581932215,0.255,0.134,3.60569837362076e-30
"Grik2",1.47851413706565e-34,-0.0236332503487313,0.606,0.505,3.7026429534535e-30
"Il1rapl1",2.36329416051267e-34,-0.319432473427624,0.455,0.448,5.91839756617188e-30
"Arid5b",3.57134199848391e-34,0.3997380945662,0.346,0.222,8.94371176680325e-30
"Ccser1",6.7511543574195e-34,-0.145437713093216,0.391,0.341,1.69069158572856e-29
"Ext1",1.21637114381313e-33,0.0764659854646395,0.306,0.224,3.04615825545122e-29
"Kcnip4",2.21852740256389e-32,0.195935145087384,0.318,0.196,5.55585817424074e-28
"Csmd3",7.01441175035443e-32,-0.347159810981511,0.725,0.749,1.75661913464126e-27
"Anks1b",1.25415120161966e-31,-0.0450054717133708,0.427,0.356,3.14077085421611e-27
"Pcdh15",1.50395017838339e-31,-0.450502813635063,0.289,0.305,3.76634243172553e-27
"Atp2b1",1.78964224755597e-31,0.248111963670842,0.277,0.174,4.4818010805544e-27
"Xkr4",4.4310938939881e-31,-0.146850449751511,0.337,0.287,1.10967884387144e-26
"Cdh10",5.27136636873717e-31,-0.197134586411733,0.308,0.273,1.32010827972285e-26
"Neo1",1.24239542657784e-30,-0.0869206768471289,0.267,0.228,3.11133086677889e-26
"Macrod2",1.9263375950345e-30,-0.305026696090933,0.259,0.239,4.82412723924489e-26
"Adgrb3",2.30792592628958e-30,-0.0267515909882652,0.259,0.193,5.77973889720699e-26
"Zeb2",6.49441961206871e-30,-0.182422733348955,0.813,0.772,1.62639750345037e-25
"Meg3",1.32998140237926e-29,0.309543261930143,0.518,0.371,3.33067242597837e-25
"Malat1",4.88433952941703e-29,0.228733389200132,1,1,1.22318514835191e-24
"Frmd5",8.12512480800751e-29,-0.303869560167186,0.815,0.866,2.03477500566932e-24
"Nlgn1",1.74666883643961e-28,-0.274099791360963,0.404,0.379,4.37418276709572e-24
"Celf2",1.81451200220694e-27,0.350606154002955,0.283,0.171,4.54408240712685e-23
"Lsamp",4.51401659850219e-25,-0.0288466249236363,0.358,0.272,1.1304451767629e-20
"Bcas1",2.6190836450205e-24,-0.146945503095445,0.503,0.474,6.55897117222485e-20
"Dnm3",2.10428015215624e-23,-0.106472802098001,0.788,0.744,5.26974878504488e-19
"Zfp536",5.41188820355085e-23,-0.038624120846031,0.756,0.691,1.35529916281524e-18
"Grid2",3.902295498787e-21,-0.12868266590191,0.507,0.47,9.7725186176123e-17
"Fnbp1",5.26583041186198e-21,-0.111375554475476,0.764,0.73,1.3187219100426e-16
"Kirrel3",7.27800798028654e-20,0.119812953138805,0.732,0.629,1.82263153850316e-15
"Dcc",3.40110067885076e-18,-0.041375972677649,0.309,0.258,8.51737643004595e-14
"Nav3",7.33392877814974e-17,-0.0035504440204388,0.265,0.215,1.83663578391204e-12
"Tmeff2",1.36842644732421e-15,-0.200158784969774,0.888,0.898,3.42695035203401e-11
"Ncam2",1.41892830445559e-15,0.0137827080176094,0.612,0.552,3.55342215284814e-11
"Gria2",5.83183784062851e-15,0.0440364605461947,0.294,0.223,1.4604671504286e-10
"Cadm2",6.5914691770741e-15,0.136718849289393,0.721,0.635,1.65070162601467e-10
"March1",4.21423015938245e-11,-0.0981426275111392,0.72,0.692,1.05536965881415e-06
"Erbb4",3.24787820771564e-08,0.0456523976998611,0.727,0.675,0.000813366139558227
"Dock10",0.000187059432695103,-0.135991434016026,0.908,0.926,1
"Neat1",0.0293907074709032,0.117853438109847,0.857,0.835,1
"Pex5l",0.0847099041742173,-0.120734323121149,0.904,0.909,1
