symbol,LogFC,FDR
Smtnl2,-2.132590308,1.44E-11
Begain,-1.86731046,1.94E-21
Col2a1,-1.855549033,7.71E-14
Plin3,-1.829773513,7.76E-31
Cbs,-1.820430745,9.86E-21
Agmo,-1.705779003,1.49E-21
Unc5d,-1.66564387,3.62E-11
Dclk3,-1.658274747,4.72E-16
Kdr,-1.656966336,6.19E-21
Paqr6,-1.604855052,0.000217177
Dab1,-1.57720378,2.58E-10
Nkx2-9,-1.534331215,3.10E-12
Rapgef5,-1.515743136,1.49E-21
Grik1,-1.484639244,1.24E-11
Rgag4,-1.4332495,6.08E-12
Ppp1r1b,-1.417191407,5.71E-09
Nucb2,-1.415686973,0.000000026
Deptor,-1.381818463,6.39E-13
Aven,-1.368478342,0.000000158
Prim2,-1.317431263,1.58E-13
Nedd9,-1.31236444,0.000000323
Col9a1,-1.278214937,0.000000016
Clic5,-1.276578442,2.63E-10
Ldhb,-1.275585178,4.23E-18
Plekhh2,-1.261560138,1.85E-17
Aif1l,-1.251600449,3.02E-11
Shroom1,-1.2335963,1.76E-16
Paqr7,-1.223884017,1.22E-11
Nppc,-1.220234102,4.84E-15
Bmp2,-1.219920739,5.58E-09
Enpp6,-1.179991452,9.59E-20
Acy3,-1.151957937,0.000000449
Thsd4,-1.147252762,0.0000022
H1fx,-1.127989704,0.0000277
Selenop,-1.120714489,2.98E-22
Gstm6,-1.108380203,3.64E-17
Slc25a27,-1.104677445,5.66E-21
Fam210b,-1.095830665,3.02E-09
Ndrg2,-1.090245817,0.000000058
Hdac9,-1.079176671,3.89E-08
Casq1,-1.074540698,1.41E-11
Tln2,-1.072638816,9.33E-24
Slc34a3,-1.071798258,3.89E-08
Sowaha,-1.069219829,4.51E-11
Creg2,-1.060259999,2.50E-10
Serpinb1a,-1.053809164,5.53E-22
Tenm4,-1.049987116,0.0000475
Arhgdig,-1.043494302,0.00000149
S100b,-1.019361413,8.03E-08
Tdrd6,-1.015118672,8.68E-09
Plagl1,-1.005283659,6.79E-12
Car13,-1.00473364,1.14E-11
Asphd1,-0.993076772,5.76E-09
Depdc7,-0.992547256,5.21E-18
Ccdc187,-0.985881069,1.96E-10
Fam212a,-0.9686144,0.00000142
B3galnt1,-0.965220813,9.00E-10
Col9a2,-0.964321197,0.000000376
Phldb2,-0.961158603,6.41E-08
Cds1,-0.954345008,1.06E-09
Bricd5,-0.952189144,0.000000047
BC024139,-0.950518593,2.78E-08
Pdlim1,-0.944803075,3.65E-15
Rasl12,-0.933642818,0.000005
Pxdn,-0.933315613,0.000156319
Klhl4,-0.922474405,5.53E-22
Palm,-0.922137657,0.00000614
Msrb2,-0.914298677,1.07E-09
Serpind1,-0.913062008,3.62E-09
Clec2l,-0.908882137,0.000655891
Arl4d,-0.900513449,0.0000436
Trim7,-0.898865935,0.000000397
Csdc2,-0.898712546,0.000134977
Asah2,-0.894934618,2.16E-08
Tmem81,-0.893196125,0.000000011
Anln,-0.891839208,4.96E-16
Mfsd2a,-0.889808416,0.000000426
Cyp27a1,-0.888532051,7.85E-16
Lrrn3,-0.886172852,6.86E-12
Per3,-0.88610558,0.000000065
Syt9,-0.885027544,0.000000856
Gpr61,-0.878081293,0.000000329
Fam117a,-0.871287052,0.00000483
Aldh2,-0.855430727,1.33E-12
Rnd2,-0.852137692,0.000000323
Tmem117,-0.850645558,4.62E-11
Pla2g4a,-0.843167557,6.41E-13
Slc1a3,-0.840985532,2.05E-11
Slc12a8,-0.837275987,0.00010956
aa,-0.836368554,3.07E-11
Folh1,-0.835102012,4.48E-14
Aldoc,-0.834827305,9.53E-08
Chst12,-0.828545103,1.19E-14
Kctd4,-0.823290355,1.77E-12
Hip1r,-0.819057158,1.04E-10
Dync1i1,-0.815146367,8.94E-13
Sall1,-0.810688487,3.47E-17
Spock3,-0.807075227,1.14E-12
Sez6l2,-0.803768002,7.26E-08
Slc25a42,-0.803004348,1.14E-12
Bdkrb2,-0.800154316,0.0000071
Il11,-0.795955581,0.0000013
Sqor,-0.794374934,5.31E-10
Psd2,-0.7924445,0.000000103
Rab37,-0.790429633,0.00000349
Slc1a2,-0.7890203,9.94E-08
Gng11,-0.78726359,3.29E-26
Lpcat2,-0.785027665,5.48E-09
Sostdc1,-0.777994508,0.017930515
Cpox,-0.76933504,2.29E-16
Abcb9,-0.769316449,0.00000609
Fancc,-0.763739874,8.57E-08
Cntn3,-0.760366709,0.00018296
Atp10b,-0.759481647,3.29E-12
Thsd7a,-0.755863885,3.51E-11
Pcdhb6,-0.753190259,0.0000645
Fbxo2,-0.744190622,3.38E-10
Spata13,-0.738490333,0.00000711
Gcfc2,-0.737236821,5.44E-12
Rhpn2,-0.735708793,2.78E-09
Fam234a,-0.73391923,4.93E-12
Efr3b,-0.7321611,7.16E-12
Prrg1,-0.728534217,3.09E-10
Wfdc18,-0.725394706,0.0000107
Ctn3,-0.724589673,1.86E-09
Grm7,-0.719825619,0.00000221
Cavin4,-0.712103578,0.00000943
Epb41l4a,-0.70875012,2.98E-08
Cyp39a1,-0.705614576,0.000000132
Lypd6b,-0.701977105,7.19E-08
Actn1,-0.701528415,0.00000183
Tmem121,-0.701172682,1.91E-12
Usp31,-0.700242468,1.15E-12
Cdh8,-0.699519333,0.000213199
Carns1,-0.699444545,2.53E-09
Cldn10,-0.697353263,0.010971244
Amigo1,-0.693661404,0.0000088
Trim36,-0.691099042,5.46E-12
Cdh10,-0.686861629,1.54E-11
Fn3k,-0.686193332,2.74E-09
Chdh,-0.681363639,2.48E-08
Mapre2,-0.68086888,2.41E-18
Kctd13,-0.679741018,0.000000123
Tdo2,-0.677845183,0.0000226
Ccdc13,-0.677786256,3.75E-11
Lama2,-0.677733701,3.36E-08
6430573F11Rik,-0.673699314,0.0000173
Rab33a,-0.671849823,0.000473685
Gstk1,-0.67160848,5.70E-14
Maob,-0.670622429,2.41E-09
Kcnu1,-0.668436281,0.00000127
Fam189a2,-0.667338835,0.001404742
Pbx3,-0.666805447,2.02E-11
Bcat1,-0.666092449,0.0000433
Sobp,-0.662215405,0.0000346
Pacsin1,-0.65967298,8.10E-11
Alcam,-0.659352647,1.07E-09
Wnt5b,-0.658644539,0.000000146
Fhdc1,-0.657628764,5.28E-08
Pla2g7,-0.656876356,0.000386258
Dhcr7,-0.653215361,1.03E-09
Ptpre,-0.650711923,5.81E-10
Tmem97,-0.649365614,0.016403604
Mgll,-0.645006853,0.007902912
Jph1,-0.644663547,3.35E-11
2310022B05Rik,-0.644420377,2.92E-12
Prtg,-0.644304171,0.000179608
Pdgfc,-0.643708093,0.002752883
Dhcr24,-0.643157242,0.001956602
Robo1,-0.641697762,0.000024
Slc27a1,-0.641101294,0.000000512
Gss,-0.637591859,2.75E-09
Acsbg1,-0.637362332,0.006682482
3110082J24Rik,-0.635991205,0.008046999
Pmp22,-0.634395112,1.18E-12
Matn2,-0.632270226,0.001926717
Nipal3,-0.629696262,1.36E-09
Flrt3,-0.629064914,0.0000131
Itga4,-0.628984923,0.000832041
Rftn1,-0.628586824,3.62E-11
Fgf1,-0.628010494,1.26E-12
Grhpr,-0.628002082,2.08E-09
Acaa2,-0.627077652,0.000676104
Acss2,-0.624434945,0.000000397
Scd1,-0.623117984,2.93E-09
Gpr137b,-0.621909009,0.00013227
Gsn,-0.621566484,0.0000975
Fut9,-0.621509501,0.0000162
Slc45a3,-0.620013165,0.000164031
Gstm7,-0.616940739,7.12E-17
Slc9a3r1,-0.615386279,2.41E-08
Nlgn1,-0.615347186,0.000000256
Scg5,-0.613542171,2.72E-11
Fgd6,-0.60929376,0.000011
Nrn1l,-0.605156056,0.00000144
Dixdc1,-0.600791856,0.000000082
Cd200,-0.598603919,0.000486107
Ddc,-0.598513034,3.78E-09
Sh3bp1,-0.59744622,0.00073436
p1l3,-0.59551024,0.00000011
Adgrb1,-0.594282293,1.96E-08
Itgb5,-0.592993732,0.000000236
Cyp2d22,-0.59269036,0.012313683
Ppp2r2c,-0.592353006,4.26E-12
Fam107a,-0.587569232,0.003339204
Hcn2,-0.587486338,0.000205217
Ccnjl,-0.58584143,0.002944238
3632451O06Rik,-0.584715566,0.000000068
Slc6a9,-0.58324711,8.68E-09
4933413G19Rik,-0.583008472,8.04E-09
Tspan9,-0.580659473,0.002325127
Enpp1,-0.580355052,0.000000418
Itgb4,-0.579753246,3.83E-11
Mvd,-0.578297718,0.0000107
Reps2,-0.574996481,1.36E-08
Rasgrp3,-0.574333209,2.77E-08
Tle2,-0.573745339,0.000000197
Gstm1,-0.572717859,0.00000403
B3gat1,-0.570147393,1.44E-12
Coro2b,-0.570070614,0.00000698
Tppp3,-0.569170969,0.000000931
Abtb2,-0.568331534,0.0000841
Adk,-0.568282667,1.08E-15
Hopx,-0.567782641,0.003555663
Gcat,-0.56635947,4.54E-09
Ddah1,-0.565015805,0.002094436
Dcdc2a,-0.564807355,9.44E-08
Adgrg2,-0.561308029,0.000226381
Luzp2,-0.56082871,0.0000234
Slc22a15,-0.5606329,0.000000475
Cdkn1c,-0.560531276,0.000281629
Mettl7a1,-0.559290288,0.00000012
Paqr8,-0.557806581,2.86E-08
Tmem144,-0.557766549,9.77E-11
Snca,-0.556723431,0.0000229
Spef2,-0.554635217,0.0000616
Shisa4,-0.552382897,1.23E-12
t8f1,-0.552040624,1.17E-09
Srsf12,-0.551986797,0.003425421
Zdhhc20,-0.550912802,1.18E-10
Cavin2,-0.550568583,0.001104339
Nipal4,-0.549563655,1.92E-09
Hapln2,-0.548017046,2.81E-13
Mthfd1l,-0.547887351,0.001239781
Crim1,-0.547358123,1.79E-10
Garem1,-0.546457689,0.000000908
Sccpdh,-0.545555269,9.99E-11
Rftn2,-0.544536171,7.81E-10
Snhg11,-0.542001547,0.000943126
Ank,-0.539327187,2.07E-19
Pdk2,-0.539224612,9.81E-09
Gipr,-0.539101056,0.002716353
Tmeff1,-0.537492565,0.000515706
Mtmr7,-0.536866973,0.002068418
Chadl,-0.536618597,0.000815965
Dhrs13,-0.536154852,0.0000304
Hivep3,-0.535542346,0.00000864
Ppp1cc,-0.533577422,0.002194578
Rnd3,-0.5333183,0.003949283
Ttyh1,-0.533015728,0.001209625
Omg,-0.52925232,5.50E-12
Ldb3,-0.527038556,0.000000302
Phgdh,-0.523977381,0.001127768
Ccdc28b,-0.522458728,6.63E-08
Hacl1,-0.520488802,0.0000273
Slc25a29,-0.520156415,0.00000207
Pank1,-0.518687035,0.039069985
Tmem178b,-0.515631501,3.78E-09
Nipa1,-0.515141907,0.000000599
Gpsm2,-0.514408117,1.07E-08
Bfsp1,-0.51419193,0.015531369
Psat1,-0.513363811,4.71E-09
Tmem56,-0.511645282,0.00000177
Dapk2,-0.510837172,0.000000145
Aldh1a1,-0.510803966,0.011188235
Gstm5,-0.510048826,1.03E-09
Gramd4,-0.509502583,0.002936478
Pde4a,-0.508837648,0.0000165
Otud7a,-0.506503888,0.000000768
Klf15,-0.506458643,0.000137111
Pcyt1b,-0.502668868,1.77E-08
Fdft1,-0.501827915,0.0000145
Myh14,-0.501363105,4.42E-11
Sapcd1,-0.500824861,0.00107051
Fam131b,-0.500301332,1.09E-08
Smox,-0.499689117,3.66E-10
St3gal4,-0.499471449,0.00000558
44446,-0.496210518,0.000000146
Sparcl1,-0.49565302,0.000562689
Asrgl1,-0.492652346,7.27E-14
Stau2,-0.491549932,0.00000715
Elovl7,-0.490332,6.31E-11
Nectin1,-0.489819873,0.00000953
Sp7,-0.488013227,0.000604927
Shroom3,-0.486983255,0.0000719
Apbb2,-0.486862763,2.26E-12
Dusp23,-0.486810352,2.62E-08
Dsel,-0.486292465,0.0000367
Faah,-0.485542504,0.018035407
Slc4a10,-0.484241751,0.001675655
Lingo2,-0.482426257,0.001113583
Elovl5,-0.481620697,4.93E-12
Klhl40,-0.480907931,0.000229236
44447,-0.480409877,2.87E-15
Siah2,-0.480292162,0.000000763
N4bp2l1,-0.479882254,0.0000901
Stard4,-0.476833456,0.017048263
Vangl2,-0.476638967,0.0000196
BC026585,-0.476409186,0.0000413
Syne3,-0.476089686,0.002986281
Enho,-0.475884978,0.000000212
Scrg1,-0.472578311,0.023223893
Thrsp,-0.472058559,0.000117667
Psen2,-0.470571544,0.000000391
Fgfr2,-0.469868394,0.00000106
Fah,-0.469413309,8.25E-09
Pon2,-0.468527328,5.16E-10
Rab4a,-0.466388906,0.000000174
Fam213a,-0.465204657,9.85E-08
Ankrd37,-0.464440938,0.006370503
Sqle,-0.464132249,0.000849754
Plekhf1,-0.461764569,0.00725093
Zfp771,-0.460770917,0.0000422
Slco3a1,-0.460633295,1.96E-09
Tmem169,-0.459797719,0.00063806
Traf3ip2,-0.459523348,0.010091164
Apln,-0.459078818,0.000000507
Sh2b2,-0.458847769,0.005336999
Osbpl5,-0.45876482,0.000143458
Gjc2,-0.458636672,0.00043904
Ly6g6d,-0.456343508,0.000104621
Vmp1,-0.454076498,3.15E-08
Dach2,-0.452394531,0.000802627
Abhd6,-0.452356223,0.000000599
Gca,-0.452130135,0.00000409
Tst,-0.451993913,0.0000158
Ctdspl,-0.451000955,0.00000106
Tmem38b,-0.45053613,1.22E-11
Klhl5,-0.450330336,0.0000109
Syn1,-0.449152376,0.000462225
Gk5,-0.448580001,0.011848032
Macrod1,-0.448266145,0.00000282
Cep68,-0.447517105,0.000000376
Rdh12,-0.446923866,0.000352656
Ipp,-0.446348709,0.0000275
Hsd17b11,-0.445172187,0.000000224
Rhebl1,-0.443823184,0.000300395
Ttyh3,-0.442400102,0.015286716
Dopey2,-0.44217526,4.62E-08
Map7d2,-0.44210134,0.0000413
E330009J07Rik,-0.441287944,0.00000713
Stard3,-0.441086182,5.81E-10
Celsr2,-0.440791696,0.00000386
Ephb1,-0.440771142,5.88E-11
Tmem220,-0.440405946,0.0000543
Slc25a47,-0.439994923,0.004547782
Zfp462,-0.438487473,0.000000477
Crlf3,-0.438300062,0.00000215
Tbc1d30,-0.43814294,0.003234076
Mkrn3,-0.437012663,0.010766951
Mfsd13b,-0.436540576,0.012095266
Fsd1l,-0.434352198,0.00000222
Pigz,-0.433734911,0.00000405
Cblb,-0.432654977,0.0000365
Gi1,-0.431770767,6.31E-11
Gm996,-0.43117838,0.007842651
Tmprss5,-0.430255131,0.0000436
Acot1,-0.429752021,0.00000833
Ppp1r9a,-0.428726245,0.000000472
Limk2,-0.428403806,0.0000022
Epb41l3,-0.42689965,0.000718718
Scarb1,-0.425863071,0.021446881
Cpm,-0.425745119,0.00000722
Mthfd2l,-0.425723158,0.000886666
Epdr1,-0.425694095,0.000000517
St3gal5,-0.423499247,0.0000248
Cyp51,-0.423445294,0.000638975
Pmepa1,-0.423218015,0.002936478
Tirap,-0.421559383,0.000000216
Mfsd13a,-0.42151354,0.00000804
Zcchc24,-0.420909386,8.03E-09
Fscn1,-0.420825511,0.000000446
Hsd17b10,-0.418447332,4.48E-12
Caskin1,-0.418071247,0.044249967
Aldh9a1,-0.417592067,8.92E-08
Fbxo44,-0.417326545,0.000000021
Elovl1,-0.417021408,0.00000137
Rbm11,-0.416852717,0.002626031
Fam161b,-0.415981663,0.000237947
Daam2,-0.415711708,0.0000118
Grm3,-0.415496699,0.001768619
Rnf112,-0.413916009,0.000023
Zfp867,-0.412898064,0.012893609
Appl2,-0.412285798,3.71E-10
Mtus1,-0.411498657,4.54E-09
Sox12,-0.410620178,0.003944024
Gramd3,-0.408789608,0.000000474
Padi2,-0.408555733,0.0000121
Dock9,-0.408112947,2.19E-08
Kif6,-0.407873009,0.000275456
Abca6,-0.407703801,0.00053765
Plekhh1,-0.407421907,0.00000538
Atl1,-0.407264026,0.000000121
Sc5d,-0.406882132,0.0000103
Fa2h,-0.406083069,0.000094
Dact3,-0.405539344,0.00000209
Opcml,-0.404569968,0.002419953
Slc24a3,-0.404228427,0.008848989
Kctd3,-0.404141495,2.33E-11
Mgst3,-0.403849979,0.00000442
Abhd3,-0.402958175,0.0000936
Pfkl,-0.402754617,0.014488431
St6galc3,-0.402724472,0.0000137
Slc6a1,-0.402584714,0.0000678
Acsl1,-0.401957549,1.80E-09
Laptm4b,-0.401251796,0.0000273
Hmox2,-0.401089631,1.16E-10
Rab11fip4,-0.401070649,0.00000522
Efcab14,-0.400849035,5.19E-11
Acy1,-0.398602328,0.00000531
Gpr85,-0.398147688,0.0000106
Hmgcs1,-0.397583501,0.011808406
Zyx,-0.397567188,0.0000293
Emilin2,-0.397338184,0.0000646
Il17rb,-0.396950345,0.003129675
Rnf208,-0.396506013,0.00021109
Slc25a13,-0.396051044,0.000000236
Cmtm5,-0.395885251,0.0000155
Glrb,-0.394297046,0.000000774
Strn,-0.394087918,0.0000725
Tarbp1,-0.392892116,0.003557388
Hhatl,-0.389766814,0.003565194
Gng8,-0.389713842,0.000217551
Gpsm1,-0.389530987,0.00000435
Arhgap21,-0.388263154,0.0000122
Pcx,-0.386017983,0.0000296
Ap5z1,-0.384771997,0.000000184
Sybu,-0.384668586,0.000187998
Gpm6b,-0.384074086,2.72E-08
Mpp2,-0.383971979,0.000125027
Pak7,-0.383774468,0.000123267
Atg4c,-0.381374945,0.00000712
Gdpd5,-0.38106674,0.00000141
Nde1,-0.380977888,1.16E-09
Atxn1,-0.378488038,0.000732573
Mt3,-0.378338555,0.005310759
Enoph1,-0.377954166,0.00000465
Fhl1,-0.377700524,0.00000145
Sik2,-0.37710527,0.002176157
Ago4,-0.376632758,0.009099228
Plpp1,-0.376541847,0.002357114
Acat2,-0.376205181,0.0000836
Sgk2,-0.37576002,0.026808418
Ilvbl,-0.374886823,0.00000106
Ptms,-0.373296233,0.000045
Tm7sf2,-0.372568416,0.010337374
Ndrg4,-0.372345655,0.003745441
D16Ertd472e,-0.372239497,0.000000807
Selenbp1,-0.372235026,0.001718228
Ctsf,-0.370403896,0.0000117
Fbxo10,-0.370317387,0.007963506
Dlg2,-0.370297528,0.00000559
Shtn1,-0.370181989,0.0000143
Aldh6a1,-0.369980011,3.78E-08
Vsig10,-0.369785699,0.044001653
Rcbtb1,-0.369268445,0.000000696
Ptpdc1,-0.366547215,0.0000157
Clybl,-0.366057747,0.026568082
Mtf1,-0.365896092,0.0000492
Il18,-0.365626819,0.000000124
Dusp26,-0.365617045,7.19E-08
Abhd5,-0.365317893,3.85E-13
Cd59a,-0.364022261,0.019194507
Pacsin3,-0.363575713,0.000011
Pxmp2,-0.363275904,0.000298976
Nsmf,-0.363167789,0.00000647
Tns2,-0.362400354,0.004181319
Stmn1,-0.36208762,0.022472469
Pecr,-0.361985032,0.00007
Ak1,-0.361887028,0.000295563
Arhgef28,-0.360701708,0.000108679
Cux2,-0.360552899,0.016403604
Abcb10,-0.360237822,0.0000307
Tmem229a,-0.360069957,0.00000258
Gm5148,-0.358793049,0.006365077
Cpt1a,-0.358712159,0.021698272
Tmem238,-0.35857887,0.0000494
Dram2,-0.35850329,5.98E-08
Elovl6,-0.357728525,0.0000411
Ccsap,-0.357425367,0.004700849
Mid1ip1,-0.355049801,2.67E-08
Dcp1a,-0.353929277,0.001415133
Rasal2,-0.353706002,0.0000733
Rap1a,-0.353274529,0.00000211
Fez1,-0.353167517,5.61E-10
Gnb4,-0.352654224,0.000440737
Ccdc89,-0.352401111,0.020763829
Rhobtb3,-0.351619343,0.0000155
Mest,-0.35105922,0.045817287
Ugt8a,-0.349567269,0.0014557
Agpat4,-0.349149354,0.000000016
Gpr62,-0.34892681,0.0000179
Piga,-0.347543945,0.0000675
Cyp4f14,-0.347095254,0.003883139
Scrn2,-0.346141583,0.001999058
Mgat3,-0.345632007,0.000115656
Adam19,-0.344775077,0.000530721
Cntln,-0.344749002,0.000174466
Uggt2,-0.344208133,0.003654631
Tuba1a,-0.343755815,0.00021187
Adamts20,-0.343672822,0.000824425
Chpt1,-0.343344543,0.000000107
Caskin2,-0.343051769,0.0000277
Ly6g6f,-0.342644805,0.001387422
Oat,-0.342088064,0.0000008
Mthfd2,-0.342051371,0.003563432
Cobl,-0.341993371,0.000270186
Mccc2,-0.341468376,0.000106509
Macf1,-0.341242296,0.00000024
C2cd2,-0.339693713,0.00017166
Pcolce2,-0.339615794,0.000000348
Tmem63a,-0.339610954,2.86E-10
Adap1,-0.339363068,0.0000321
Tmem132d,-0.338700518,0.030281628
Osbp2,-0.338212241,0.000218799
B4gat1,-0.337812572,0.00000698
Slc12a6,-0.337662242,0.00000685
2510002D24Rik,-0.33749436,0.000482527
Mum1,-0.337486454,0.00000681
Sorbs1,-0.337272893,0.000393069
Rab33b,-0.336900665,0.000000523
Pdp2,-0.336400261,0.00924168
Tspan5,-0.336191824,1.26E-09
Arsb,-0.336069045,0.00000261
Etv1,-0.336006078,0.000265739
Eps15,-0.335902593,0.001155743
Abhd12,-0.335211127,1.44E-11
Osbpl7,-0.334498158,1.32E-08
Fads6,-0.333911774,0.00000391
Magt1,-0.333736043,8.74E-08
Tusc3,-0.333628876,0.002115759
Slc19a1,-0.333074209,0.0304279
Sypl,-0.331917456,0.00000048
Rbm4b,-0.331498236,0.0000172
Nos1ap,-0.331461958,0.000742824
Csrnp3,-0.331157759,0.0011773
Gpld1,-0.331004051,0.043032532
Myo1e,-0.330702994,0.0000866
Retreg1,-0.330575564,8.78E-11
Lurap1,-0.330240486,0.002256629
Tprkb,-0.330037177,1.32E-08
Fam69a,-0.329515925,0.00754176
Idh1,-0.329450517,0.000333155
Cpd,-0.328939781,9.96E-09
Sfxn2,-0.328735281,0.000110363
Morc4,-0.328658652,0.022013436
Lancl1,-0.32863427,6.95E-08
Svil,-0.328492673,0.003547397
Cbx7,-0.328121723,0.003069747
Tbc1d16,-0.327829613,0.002593091
Prmt2,-0.327696285,1.96E-08
rf,-0.327606022,0.000651004
Mapkap1,-0.32756692,0.00000442
Inpp5j,-0.327411892,0.003957139
Inpp5f,-0.327346671,2.94E-10
Slc9a6,-0.326530594,0.00000777
Ctsk,-0.325744074,0.0000249
Adipor2,-0.325494598,0.000112229
Sorcs3,-0.325347993,0.026044177
Pik3cb,-0.32533775,0.000531076
Slc2a1,-0.325230232,0.0000234
Mageh1,-0.325173128,0.00000145
Slu7,-0.324762411,0.0000145
H2afy2,-0.324702172,0.048146643
Stxbp6,-0.324519232,9.53E-08
Wrap53,-0.324186672,0.00000293
Epb41l2,-0.323622066,0.000000902
Rpia,-0.323592485,0.000252122
Phactr2,-0.323218229,0.00000498
Apbb1,-0.323042289,0.00000139
Khk,-0.322698418,0.002238454
Ago1,-0.321823744,0.00000267
Fgd3,-0.321735177,0.010637655
Mob3b,-0.321245817,0.0000627
Osgin2,-0.32037923,0.001511949
Ptp4a1,-0.320286959,0.002238012
Serac1,-0.32024128,0.012104846
Rab9,-0.320114087,3.31E-09
Rhbdl1,-0.319648816,0.031094126
Scamp5,-0.319398108,0.000000508
Tsc22d3,-0.317510067,0.000079
Klhl13,-0.317327905,0.014110422
Cnn3,-0.317177697,0.0000023
Sgk3,-0.316761608,0.0000022
Slc27a4,-0.316677134,0.00000763
Rnpep,-0.316529968,0.000219001
Tmem132a,-0.316485386,0.001558327
Zfp14,-0.3163393,0.000849754
Lrig3,-0.315853669,0.002656801
Rin2,-0.315487032,0.000188071
Ints6l,-0.314909308,0.0000292
Snrpn,-0.314817759,3.38E-10
Foxo4,-0.314688921,0.011593676
Pskh1,-0.314308927,0.000696888
Porcn,-0.314233552,0.000616366
Acly,-0.31402402,0.00030799
Tmcc1,-0.313070404,0.000000567
Tmem246,-0.312917781,0.0000172
Stim1,-0.312410298,0.0000101
Gatsl2,-0.311946118,0.000438211
Acvr2b,-0.311678177,0.001965266
Abhd17b,-0.311666892,0.000304105
Maged1,-0.311111845,0.000192097
Galnt7,-0.310704706,0.00000252
Tmem151a,-0.31040279,0.0000141
Specc1,-0.310372565,0.0000065
Cdk18,-0.310079892,0.000000512
Pfn2,-0.310041894,7.09E-09
Bace1,-0.309962668,0.0000196
Got1,-0.309872525,0.0000504
Eh,-0.30949236,0.001401884
Apbb1ip,-0.309222554,0.000270536
Djc15,-0.308809414,0.00000803
Alkbh7,-0.307893151,0.000250307
Mfn1,-0.307884189,0.000000696
Zfp395,-0.307537309,0.004032584
Mink1,-0.307530068,0.001618011
Atp9a,-0.307414683,0.0000237
1190002N15Rik,-0.307064975,0.000713085
Dock5,-0.306585922,0.000191217
5730508B09Rik,-0.306236582,0.002513176
Hdac11,-0.306186656,0.00000527
Fam171b,-0.305791417,2.42E-08
Lrch2,-0.30552994,0.000121172
Mlh1,-0.304886002,0.00242413
Bzw2,-0.304549268,0.008079513
Bin1,-0.303829558,0.00000839
Rab30,-0.30346642,0.001098164
Mylpf,-0.303227883,0.002580221
Lbr,-0.303091273,0.0000625
Car14,-0.302949546,0.026655056
Cdan1,-0.30292183,0.001486179
Evi2a,-0.302751495,2.62E-08
Ogt,-0.302158389,0.00000758
Zc3h6,-0.301920717,0.016776546
Rilpl1,-0.301225253,0.00000562
Setbp1,-0.300863157,0.000449242
D3Ertd254e,-0.30073106,0.003284597
Scd3,-0.300468555,0.009756738
Gyg,-0.300215971,0.000286386
S1pr5,-0.299789465,0.000465972
Gpr146,-0.299738075,0.005714052
Akt3,-0.299172719,0.001672482
cc2,-0.298896249,0.000000475
Echdc1,-0.298618811,0.000146364
Tusc1,-0.29848942,0.021780015
1700066M21Rik,-0.298181276,0.000514079
Gkap1,-0.297527927,0.0000426
Lmbr1,-0.297218319,0.000298971
Sash1,-0.296894504,0.00000164
Efhd1,-0.296771735,0.008855255
Prickle2,-0.296459294,0.0000778
Gpd2,-0.296455767,0.0000435
Ube2o,-0.295547983,0.000540411
Efs,-0.295037566,0.019334641
Snx18,-0.294216673,0.000288318
Hacd2,-0.293952039,0.003306221
Ndrg1,-0.293869773,0.000019
Tmco6,-0.293835441,0.00485504
Gamt,-0.293172387,0.037296587
Ncald,-0.293037584,4.14E-08
Cept1,-0.292816845,0.0000423
Kmt5c,-0.292806152,0.01697589
Hccs,-0.291911577,0.00000282
Pkmyt1,-0.29164922,0.018274311
Irf2bp1,-0.291586319,0.001625156
Rnf144a,-0.291449225,0.005681023
Nxt2,-0.291321829,0.0000436
Col9a3,-0.29119453,0.02202789
Mycbp2,-0.291166685,0.0000029
Efnb1,-0.291094964,0.011029296
St5,-0.290993384,0.02578772
Sema6a,-0.290453926,0.000133942
Qsox1,-0.290305266,0.003669028
Prcp,-0.289772978,0.004792125
Triobp,-0.289612452,0.002745867
Pacs2,-0.288454504,0.00000234
Ctn2,-0.286809537,0.0000441
Nkd1,-0.286682727,0.0000129
Plcl1,-0.286647678,0.001208638
Tet1,-0.286412697,0.007129868
Mier2,-0.286071549,0.004362472
Cdh11,-0.286058952,0.001332349
Gipc1,-0.285817659,0.003506614
Aldh3b1,-0.285652327,0.020314893
Insr,-0.285612696,0.002722454
Zfp438,-0.285418098,0.001156289
Kifc2,-0.284778777,0.005958328
Prdx1,-0.28463003,0.013802586
Pea15a,-0.284546389,0.0000331
Dis3l2,-0.284362281,0.0000778
Aldh5a1,-0.28431186,0.000258768
Bckdha,-0.284295183,0.000192785
Alg6,-0.284060799,0.00050377
Eml2,-0.28386105,0.010856906
Chac2,-0.283825715,0.000236202
Adgrv1,-0.283242214,0.00205387
Dip2a,-0.283215489,0.0000326
Matn4,-0.28306058,0.026383136
Gk,-0.283050923,0.026568082
Cdk5rap2,-0.282791951,0.0000118
44440,-0.28278105,0.004006511
Mtbp,-0.282720717,0.046294999
Tnfaip6,-0.280751857,0.0000754
Vgll4,-0.280060995,0.000163961
Phlpp2,-0.279899647,0.008516047
Cyth1,-0.279380585,0.00054444
Tcp11l2,-0.279175613,0.001729402
C1galt1c1,-0.279136317,0.000121903
Abca8a,-0.278451739,0.007892735
Arsg,-0.278383146,0.00000106
Gjb1,-0.278100675,0.0000196
Kifap3,-0.277447647,0.00000767
Abhd16a,-0.277188389,0.0000335
Abcd4,-0.276523667,0.000960413
Stx1b,-0.276406871,0.033331107
Osbp,-0.276150967,0.000431181
Zfyve21,-0.276144071,0.00000211
Tmem189,-0.276111885,0.0000902
Snx22,-0.276095996,0.009279501
Coq8a,-0.276039444,0.005385777
Sspn,-0.275791767,0.000139078
Rpusd3,-0.275567829,0.025480079
Nmral1,-0.275326268,0.002891303
S100a16,-0.274906683,0.00000667
Rufy2,-0.274224592,0.0000914
Hif1an,-0.273907499,0.0152722
Sh3tc2,-0.273525435,0.00113767
Igsf8,-0.273376545,0.002819335
Zfand6,-0.273352717,0.000000583
Aig1,-0.273295974,1.13E-09
Btbd3,-0.272914714,0.006227686
Rab3a,-0.272653534,0.0000431
Map4k5,-0.272639017,0.00039926
Sorcs1,-0.272025236,0.000366572
Ef2,-0.271905497,0.019138472
Arvcf,-0.271694231,0.017834787
Cc2d2a,-0.270768615,0.002176157
Entpd5,-0.270701767,0.000202717
Nfib,-0.270701431,0.00013882
Sh3kbp1,-0.270669857,0.000000992
Sec14l2,-0.27053807,0.009202508
Dennd5b,-0.270477729,0.006760043
Amer2,-0.270182268,0.019355881
Srgap2,-0.269917578,0.001104339
Sort1,-0.269857442,0.0000195
Dcps,-0.269437165,0.000432156
Lrrc1,-0.269185517,0.000150434
Tubb4a,-0.269113184,0.001476852
Ankmy2,-0.26892695,0.033371689
A430105I19Rik,-0.268784776,0.032865822
Afap1l1,-0.268530989,0.00011663
Wasf3,-0.267200464,0.01529688
Ebp,-0.26719951,0.001027002
Kdm6a,-0.267035496,0.000816207
Cnrip1,-0.266910986,0.0000883
Nudt16l1,-0.266731835,0.0000614
dk2,-0.265910331,0.000530007
Lipe,-0.265884693,0.000192785
Negr1,-0.265873329,0.015030614
Tmem125,-0.265741809,0.006808749
Arhgap32,-0.265693354,0.007195758
Mfsd14b,-0.265692126,0.000035
Gal3st1,-0.265623456,0.001351669
Nsdhl,-0.265343301,0.006675669
1190005I06Rik,-0.265154275,0.016385339
Maged2,-0.264972834,0.010841351
Asap1,-0.264685454,0.000222055
Slc16a1,-0.26441142,0.000231943
3110002H16Rik,-0.264224816,0.005560385
Myo6,-0.263795913,0.000243019
1110065P20Rik,-0.263371781,0.0000901
Ddah2,-0.263257281,0.004934257
Rasl11b,-0.262204583,0.007168429
Coro7,-0.26161271,0.000403557
Mtss1,-0.261513405,0.0000212
P2rx7,-0.260837938,0.0000487
Glul,-0.260455968,0.002082727
Fam171a1,-0.260070097,0.001168688
Abca7,-0.25946619,0.017168828
Pdxdc1,-0.259251907,0.000000472
Diaph2,-0.258771996,0.001792917
Smim13,-0.258647691,0.000218608
Cr1l,-0.258452777,0.000423895
Spg20,-0.258427415,0.000000442
Pter,-0.258398014,0.002659158
Ssh2,-0.258339267,0.002792322
Faim2,-0.258312588,0.024234566
Lzts3,-0.258304951,0.012148285
Gpt,-0.25792498,0.009590475
Tkt,-0.257483461,0.000199152
Gas2,-0.256544646,0.001164621
Pink1,-0.255807776,0.01200272
P2rx4,-0.255724032,0.001402601
Parm1,-0.255528841,0.002335999
Slc5a3,-0.254634924,0.003855596
Mapk3,-0.254284556,0.00000986
Taldo1,-0.254217974,0.001032236
Mboat1,-0.253943915,0.004480896
Tmem5,-0.253849646,0.000000858
Atg9a,-0.253827964,0.001965266
Mad1l1,-0.252947103,0.001164789
Papss1,-0.2527694,0.0000769
Camk1,-0.252676357,0.00000242
Tspan7,-0.252246404,0.00063438
Aktip,-0.251930323,0.000142584
Trim59,-0.251116791,0.000112367
Tmcc2,-0.251088518,0.005618498
Rnf103,-0.25099377,0.0000693
Tubg2,-0.250910912,0.038939756
Csad,-0.250311025,0.003233077
Cyth3,-0.249924435,0.006800686
Igf1r,-0.249762369,0.004144871
Tada1,-0.249640883,0.000886666
Ivd,-0.249323291,0.000738279
Zfp354a,-0.248965819,0.028734356
Smug1,-0.248597141,0.008351977
Cdip1,-0.248582262,0.0000321
Cdh20,-0.248500102,0.000243019
Slc37a3,-0.248335413,0.000352446
Echs1,-0.248191841,2.65E-08
Nsmce3,-0.247935749,0.00000174
Eefsec,-0.247807597,0.002299836
Plp1,-0.246877607,0.01353211
Ap2a1,-0.246678697,0.040906092
Ccser2,-0.246617467,0.0000118
Rab11fip3,-0.24657418,0.024859777
Tnk2,-0.246270568,0.020199292
Arhgap31,-0.246212839,0.037347257
Rbak,-0.246209956,0.015799512
Gjc3,-0.246154649,0.0000475
Cdkl5,-0.245757059,0.000498311
Adh5,-0.245725324,0.000427167
Prr5l,-0.245568946,0.000272913
Tmem106c,-0.24555604,0.00070114
Tef,-0.245494356,0.004781758
Lrrc28,-0.245374157,0.00000459
Fnta,-0.245053122,0.000000594
E130311K13Rik,-0.244199963,0.021111395
Abhd14a,-0.244141018,0.000000323
Pip4k2a,-0.244089695,0.000178984
Tbc1d14,-0.24388678,0.001542228
Heca,-0.242979304,0.005247176
Arhgap39,-0.242976021,0.01891547
Neo1,-0.242288379,0.000818197
Wdr77,-0.242283194,0.004372482
Dvl2,-0.242173911,0.005208958
Sec61a2,-0.242156051,0.00800525
Leprot,-0.242052909,0.008288972
Cep85l,-0.242007047,0.02815178
Ypel3,-0.241577221,0.0000314
Hip1,-0.241422611,0.002249787
Rnf13,-0.241320936,0.000164402
Wrn,-0.241293576,0.001394195
Mog,-0.241000483,0.000689721
Snx1,-0.240914513,0.00000011
Wipi1,-0.240882709,0.00112275
Gtf3c1,-0.240157005,0.000438545
Cdh19,-0.240133882,0.003566894
Slc22a17,-0.239919908,0.006038761
Exd2,-0.239846378,0.003055774
Zfp763,-0.239631853,0.048407775
Nfix,-0.239608705,0.000129629
Usp30,-0.238685687,0.002318119
Lysmd3,-0.238616669,0.003072661
Mfsd6,-0.238570287,0.0000925
Trafd1,-0.238105792,0.006606157
Trim13,-0.238099771,0.035812285
Pcsk6,-0.237967316,0.000652199
Ccng2,-0.237739122,0.028732411
Ywhaq,-0.237611054,0.000000244
Mblac2,-0.237603389,0.002874078
Elavl3,-0.23755531,0.000000135
Nudt8,-0.237070112,0.010856906
Sgce,-0.236949053,0.000319469
Dctn1,-0.236853801,0.004766275
Hmgcr,-0.236701831,0.007541904
Olig1,-0.236174131,0.000117996
Nfrkb,-0.235941354,0.00332061
Ubac2,-0.235847999,0.0000522
Synj2,-0.235208164,0.004212404
Phactr1,-0.235194618,0.000318943
Por,-0.234887713,0.004612353
Rilpl2,-0.234693768,0.005913456
Fgfbp3,-0.234528956,0.003854602
BC052040,-0.233577876,0.030978017
Usp46,-0.233516374,0.0010263
Spns2,-0.232799556,0.001243791
Mdga2,-0.232706868,0.000732573
Pomgnt1,-0.232660202,0.002215015
Far1,-0.232651715,0.000420228
Zfp74,-0.232592461,0.003964198
Rab6b,-0.232396501,0.000101504
Bcorl1,-0.232334459,0.003636229
Sidt2,-0.232156581,0.000371281
Ube2z,-0.232036848,0.005353552
4930402H24Rik,-0.231849065,0.0000359
Hus1,-0.231697762,0.003019633
Plekhj1,-0.23168023,0.00000248
Myo1d,-0.231663497,0.0000189
Zfp866,-0.231342835,0.024195528
Adi1,-0.231237142,0.006760043
Eml1,-0.231223765,0.009226038
Ippk,-0.231121593,0.017493093
Fth1,-0.231023579,0.0000131
Gprc5b,-0.230762325,0.000354279
Spg7,-0.230699611,0.000536092
Tecr,-0.230493774,0.000808637
Dusp15,-0.230433465,0.038809768
Cadm2,-0.230378982,0.001144206
Ocrl,-0.230095335,0.019069447
Wdfy3,-0.22996465,0.000426069
Mobp,-0.22934604,0.000197811
Klf3,-0.229138652,0.000297632
Galnt16,-0.228998651,0.017493093
Wdr45,-0.228978625,0.000645034
Thnsl1,-0.228975165,0.014443044
Lims1,-0.228915812,0.000417368
Tbc1d10b,-0.228911969,0.000147639
Manea,-0.228163664,0.000776852
Zc3h7b,-0.228149779,0.01321246
Jmjd7,-0.227931523,0.036355981
Djc24,-0.227730539,0.0000437
Fam57a,-0.227485656,0.032830943
Smad1,-0.227331279,0.000513577
Nbas,-0.227180677,0.030859104
Eml5,-0.227096552,0.04589549
Lpar1,-0.227079162,0.036210843
Pop4,-0.226839803,0.00000768
Zfp874a,-0.226806378,0.039346118
Epn2,-0.2267833,0.000143194
Pgp,-0.22641961,0.00000128
Efnb3,-0.226212135,0.00000484
Dars2,-0.22610384,0.038912718
Ikbip,-0.226022562,0.000703901
Tecpr2,-0.225791041,0.010856906
Abcb8,-0.225755358,0.041056656
Ebpl,-0.225532601,0.000116166
Tspan3,-0.225259315,0.003077432
Tle1,-0.225250578,0.000740979
Bicd2,-0.225146143,0.00752352
Smim1,-0.224741127,0.009665217
Cep95,-0.224379106,0.047419958
Rnf130,-0.224349296,0.0000488
Sil1,-0.224038352,0.004429596
Rbbp9,-0.223940708,0.002695355
Kctd2,-0.22391105,0.011160466
Mapk8ip1,-0.223879824,0.003949283
Ccs,-0.223730471,0.000151056
Rhou,-0.223091902,0.000786862
Abl1,-0.22287282,0.001666087
Zfp101,-0.22272099,0.001576235
Abhd14b,-0.22268776,0.018650984
Rsbn1,-0.222567866,0.003102693
Ube2g1,-0.222518835,0.00010015
Ctbs,-0.222428975,0.002243178
Cyp2j12,-0.222088925,0.008413284
Hmgn5,-0.221771707,0.038193844
Abhd17a,-0.221728429,0.000426069
Osbpl1a,-0.221422632,0.0000794
Zfp444,-0.221307756,0.017067039
Mfsd14a,-0.22124795,0.002725353
Aspa,-0.220640758,0.011225876
Atpaf1,-0.220142961,0.04670517
Prrc2b,-0.220005413,0.000802416
Tmc6,-0.220001422,0.002986281
Errfi1,-0.219843792,0.004898455
Zfp580,-0.21981913,0.003103244
Aldh4a1,-0.21970566,0.013117816
2810021J22Rik,-0.219675092,0.02374122
Sesn1,-0.219257404,0.025269458
Gabbr1,-0.218914556,0.009684058
Xpa,-0.218472215,0.001263423
Tacc1,-0.218408016,0.001582718
Pir,-0.218389457,0.035208219
Cbx6,-0.218223703,0.000723839
Pls1,-0.218155122,0.001394195
Ptov1,-0.217711449,0.000169203
Stard3nl,-0.217532208,0.00000571
Cnp,-0.217193603,0.001400626
E130308A19Rik,-0.217066307,0.000656684
Npepps,-0.216745394,0.000613735
Fancf,-0.216334792,0.008946307
Abca2,-0.215946733,0.03707695
Bckdhb,-0.215888737,0.017947018
Immp2l,-0.215642579,0.031405675
Plekhg3,-0.215348468,0.003900732
Lrp1b,-0.215030358,0.00000533
Fbxo21,-0.214781787,0.001190631
Rft1,-0.214605229,0.016991931
1700020L24Rik,-0.213194243,0.048377042
Fam3a,-0.213134135,0.002544809
Ptdss1,-0.212773439,0.005958328
Hhip,-0.212626056,0.033960101
Slc20a2,-0.211712792,0.002831362
Hecw2,-0.211264068,0.025230631
Macrod2,-0.21112888,0.002181171
Pdia6,-0.210450365,0.008940961
Coprs,-0.210189938,0.018956423
Fbxw17,-0.210174066,0.013028826
Rab11b,-0.209654212,0.005462185
Dirc2,-0.209439914,0.003184614
2610524H06Rik,-0.209425951,0.015290846
Enpp2,-0.209342398,0.009636171
Cdc37l1,-0.209188978,0.001164621
Izumo4,-0.208847675,0.011188235
Gpr180,-0.208366601,0.001625156
Evi5l,-0.207830408,0.002335999
Prr18,-0.207773647,0.005769328
Nrde2,-0.207712016,0.028958756
Fbxo7,-0.207104045,0.001334766
Dennd5a,-0.206164085,0.001126492
44257,-0.206056218,0.000401624
Mtrf1l,-0.205757115,0.035553669
Ube4b,-0.205328877,0.000209159
Phactr4,-0.205295951,0.01590978
Gphn,-0.20511515,0.001542228
Trim32,-0.204605293,0.009328825
Mtx2,-0.203309792,0.0000172
Acot7,-0.203024894,0.00398824
Tada2a,-0.203024369,0.000754653
Stmn4,-0.202608637,0.001618011
Rhbdd2,-0.202598416,0.000432156
Pogk,-0.202470404,0.004391345
Ankrd27,-0.202468102,0.027246851
Dgat1,-0.202325112,0.00649487
Iffo1,-0.202209894,0.042928758
Scd2,-0.202168047,0.008046999
Tmem132b,-0.20211622,0.011225876
Ppp1r12b,-0.20207712,0.048175341
Pou2f1,-0.202039489,0.008298467
Elp4,-0.201899255,0.006825437
Reep5,-0.201451694,0.0000164
Sft2d3,-0.201428066,0.000371245
Med22,-0.201239598,0.001098735
Bbs2,-0.201203178,0.041732504
Ssbp2,-0.201175034,0.039499238
Atxn7l3b,-0.201136806,0.000000321
Saysd1,-0.200909038,0.000909073
Metap1d,-0.200902481,0.000713791
Rap1gds1,-0.200860345,0.000289515
Rab3ip,-0.200739604,0.00720674
Acadm,-0.200613186,0.001272453
Psph,-0.200039306,0.000201916
Klhdc3,-0.199949351,0.010959411
Ermp1,-0.198232175,0.002512662
Sumf2,-0.198214657,0.018956423
Trim3,-0.198189625,0.002196816
Sirt5,-0.19803246,0.038281429
Snx32,-0.197989253,0.009023705
Plxnb3,-0.19793871,0.004960724
Acad11,-0.196838818,0.041088276
Eif4g3,-0.196792766,0.000528799
Asf1a,-0.196774477,0.0000662
Lgmn,-0.196732836,0.025058288
Nkain2,-0.196622413,0.014867093
Map7,-0.196515391,0.008242284
Sys1,-0.196369342,0.00000274
Acat1,-0.196119124,0.000849754
Tmbim6,-0.196060336,0.004178455
Lims2,-0.195980926,0.028848498
Plekhb1,-0.195972519,0.001160343
Fmc1,-0.195510883,0.007806915
Kmt5a,-0.195457474,0.002248819
Lrrn1,-0.195416336,0.039297101
Degs1,-0.195226768,0.006184162
Lifr,-0.195226472,0.016818813
Glo1,-0.195103188,0.000071
Atxn3,-0.194800008,0.008040937
Rnf216,-0.194415211,0.004279247
Trim24,-0.194221854,0.006076774
Sdha,-0.194104364,0.00094002
Gdpd1,-0.194049458,0.00406843
Tmem42,-0.194005357,0.002144135
Shroom2,-0.193983842,0.018101146
Sox8,-0.193946478,0.002194578
Herpud1,-0.193904288,0.036288578
Nt5c2,-0.193882482,0.008374364
Unc5b,-0.193799564,0.017858411
Pqbp1,-0.193532012,0.001291697
Coq10a,-0.192864957,0.000259025
Kif3a,-0.192828045,0.001098735
Nudt4,-0.19267035,0.02776414
G12,-0.192640678,0.001568264
Kif1b,-0.192027254,0.001017157
Itpk1,-0.191853362,0.00037223
Rora,-0.191646053,0.019536566
Wnt3,-0.191403583,0.038912718
Zfp275,-0.191296848,0.04830989
Scap,-0.190739818,0.001903165
Prpsap1,-0.190459026,0.000175222
Ppp2ca,-0.19040172,0.001060294
Hibadh,-0.190361009,0.003060523
Slc2a8,-0.190094584,0.005410735
Nipsp2,-0.190055958,0.00185348
Vta1,-0.190030904,0.0000226
Sft2d2,-0.189930059,0.00166585
Smg9,-0.189881832,0.042283786
Npepl1,-0.189866383,0.003802373
Clasrp,-0.189822027,0.002150115
Ubqln2,-0.189821819,0.009807392
Pgap1,-0.189344049,0.010545157
Zfp276,-0.189315775,0.019528712
Gnpda2,-0.189302305,0.000191256
Ybx3,-0.189243776,0.004260011
Lats2,-0.189239787,0.027050195
Apool,-0.189198523,0.009760102
Heg1,-0.189138574,0.023684907
Spag9,-0.189099782,0.001511949
Erbb3,-0.188983858,0.033260345
Mta1,-0.188936785,0.02689209
Ctr9,-0.188820652,0.024226419
Tmeff2,-0.188162028,0.002043655
Tmem201,-0.187897126,0.027179874
Erlec1,-0.187845627,0.001257704
Mpst,-0.187816385,0.000263453
Glod4,-0.187738689,0.028980482
Cdk5,-0.187581843,0.017272475
Dus3l,-0.186990348,0.011129789
Cbr1,-0.186957351,0.017002426
Micall1,-0.186929321,0.015369833
B3galt1,-0.186889123,0.041647168
Saraf,-0.186858933,0.001381099
Usp25,-0.186450355,0.002059947
Hadh,-0.186406816,0.003863329
Cog6,-0.186398772,0.014151058
Hepacam,-0.186378775,0.0000615
Sv2a,-0.186328537,0.03221301
Djb9,-0.186254059,0.000896591
Lmbrd1,-0.18607991,0.00008
Wipf2,-0.185735203,0.0074742
Npc1,-0.185561385,0.001473114
Prkacb,-0.185544459,0.0000101
Cnot6l,-0.185233762,0.006682482
Mlycd,-0.185152886,0.022118148
Ctnnbip1,-0.184650035,0.0000137
Sass6,-0.184486994,0.038547059
Ift57,-0.184347115,0.015021997
Deaf1,-0.184301094,0.009807392
Pard3,-0.184126867,0.001729402
Gmpr2,-0.184011064,0.002423487
Sh3bgrl,-0.183499423,0.042379236
Jup,-0.183315079,0.002599231
Rassf8,-0.183300039,0.011203711
Inpp1,-0.183097066,0.049290055
Pex13,-0.182684779,0.00327491
Scai,-0.182637338,0.028789569
Rps6ka1,-0.182589943,0.017493093
Rhog,-0.182182215,0.046446447
Aifm1,-0.182030323,0.043109416
Mast4,-0.181921087,0.011897473
Ano4,-0.181684948,0.02689209
Map2k7,-0.181663143,0.005958328
Dmwd,-0.181513664,0.014049708
Bcap31,-0.181494024,0.00063303
Zfp704,-0.181086167,0.017002426
Sgpp1,-0.180847786,0.009135111
Rabgap1l,-0.180719293,0.027268733
Slc35a1,-0.18060079,0.007703382
Fbxo32,-0.180044291,0.002895096
Npat,-0.179789313,0.020639896
Ptpra,-0.179751398,0.000189949
Alg2,-0.179719001,0.022490191
Nt5c3b,-0.179258161,0.011663825
Bsg,-0.17871982,0.002353775
Srebf2,-0.178589596,0.040656235
Mocs2,-0.178543215,0.00059881
Tmem260,-0.178321026,0.038392731
Zfp740,-0.177970212,0.007517493
Chmp7,-0.177850141,0.020905568
Ppip5k2,-0.177780917,0.026590156
Pcca,-0.177626946,0.019480088
Msl3l2,-0.177341371,0.001522554
Djc3,-0.177126329,0.00682459
Arfip1,-0.176895397,0.003571727
Tmem184b,-0.176757484,0.015970036
Bcl2l2,-0.176663121,0.017965855
Plekhm3,-0.176602453,0.019536566
Slc35a2,-0.176514744,0.017829719
Rhno1,-0.175894253,0.042115995
Tmem109,-0.175770094,0.022214212
H13,-0.175594102,0.008539367
Rtn3,-0.175559766,0.009815666
Gramd1b,-0.17554796,0.006333778
Tmed7,-0.174827812,0.007811286
Stx17,-0.174780877,0.003824713
Kptn,-0.174732655,0.038912718
Tns3,-0.174722167,0.028857255
Tob1,-0.174646779,0.02608274
Wdr47,-0.174442853,0.042928758
Pcmt1,-0.174361732,0.000159136
Pigc,-0.174306661,0.016954162
Lipa,-0.174296494,0.030042999
Ugp2,-0.174105479,0.001098735
Fam122b,-0.173938754,0.034794289
Ip6k1,-0.173766559,0.008866731
Tmco3,-0.173711795,0.005084962
Pla2g16,-0.173491388,0.001495485
Cap1,-0.173229749,0.006693579
Acap2,-0.1727931,0.015021997
Pradc1,-0.171781399,0.006338672
Rps6ka5,-0.171570649,0.005054264
Ahcyl1,-0.171240592,0.009827957
Dhfr,-0.170982734,0.013232474
Llgl1,-0.17083262,0.032937941
Tbcel,-0.17071954,0.030248911
Pyurf,-0.170443602,0.006675669
Mpp5,-0.170402965,0.003924608
Mcee,-0.169978806,0.001620684
Bmyc,-0.169645797,0.030569834
Plod1,-0.169463073,0.024642875
Adam22,-0.169394132,0.027845138
Megf10,-0.168901542,0.002221687
Enpp4,-0.168680702,0.007248245
Acaa1a,-0.168582717,0.000440862
Apc5,-0.16772668,0.001231971
Rcn2,-0.167612906,0.025352838
Tcf3,-0.167603132,0.004714898
Hagh,-0.167220502,0.002115759
Pnn,-0.166614117,0.012942517
Cd320,-0.166417645,0.045327049
Map1a,-0.166318157,0.049849096
Mipol1,-0.166297072,0.04036811
Zdhhc17,-0.165715328,0.008700786
Kif1bp,-0.165546874,0.019536566
Cers2,-0.165509306,0.037872985
Itm2b,-0.16484241,0.008643044
Aar2,-0.164826077,0.01950356
Smco3,-0.164786242,0.007705305
Ndufc2,-0.164748939,0.0000174
Pmm1,-0.164314598,0.000749292
Hsd17b4,-0.164122958,0.048019177
Snx2,-0.163675173,0.004109672
Map7d1,-0.163342117,0.036398181
Slc48a1,-0.1629603,0.001027002
Mut,-0.162934604,0.004067901
Ldb1,-0.162824922,0.040912375
Smpd1,-0.162686455,0.010353816
Miga1,-0.162359135,0.042406817
Adcy5,-0.161947178,0.022814104
Epm2aip1,-0.161930566,0.027104436
Gpr89,-0.161924492,0.032109315
Qdpr,-0.161594792,0.0437817
Ndfip2,-0.161554688,0.000223418
Rraga,-0.161482803,0.000454304
Djc6,-0.161438254,0.032627218
Erg28,-0.160971311,0.006972852
Usp48,-0.160955591,0.002858459
Rnf20,-0.160876994,0.011650475
Appbp2,-0.160744413,0.028638187
Tcaf1,-0.160224277,0.041672598
Eri3,-0.160160973,0.001460808
Tmcc3,-0.160046758,0.010397891
Abcd3,-0.159990462,0.043183453
Otud7b,-0.159768003,0.007718706
Tmx4,-0.159578252,0.017725744
Bpnt1,-0.159502436,0.012271782
Cldnd1,-0.158779652,0.00050377
Jam3,-0.158725098,0.031592729
Ap3b2,-0.158718568,0.021780015
Ppme1,-0.158416079,0.001319786
Ncoa6,-0.157911149,0.022262433
Dusp22,-0.157818455,0.041793043
Spryd7,-0.157775126,0.006329075
BC004004,-0.157758372,0.024234566
Sptlc2,-0.157738884,0.011610294
Cds2,-0.157352722,0.007147468
Tnip1,-0.157044177,0.029199045
Ciao1,-0.156577385,0.017604085
Cnot8,-0.15653701,0.003569494
Tmbim4,-0.156205592,0.000174497
44443,-0.156187643,0.030642291
Fbxo8,-0.155536806,0.000149649
Smarcc2,-0.155410309,0.003816598
Arhgef10,-0.155142061,0.011664533
Wwp2,-0.155138327,0.048272412
Tbcd,-0.154322659,0.037199717
Krt10,-0.154280933,0.039042069
Stxbp3,-0.153545634,0.010095212
Aplp1,-0.15347491,0.0248414
Tmem50a,-0.153332023,0.001941884
Elmo1,-0.153065536,0.020238444
Fbxo25,-0.152840427,0.011787368
Smap2,-0.152739753,0.018293885
Slc25a44,-0.152600049,0.018884134
Smarce1,-0.152557605,0.016157165
Tgfa,-0.152344821,0.004834898
Pafah1b2,-0.152299765,0.001548378
Setd3,-0.152066066,0.004948174
Josd2,-0.151918891,0.019973523
Tnrc6b,-0.151866745,0.039696096
Ociad1,-0.151709259,0.006439049
Mpdz,-0.151665971,0.034821719
Hipk2,-0.151446535,0.049663085
Slc35e4,-0.150899128,0.027297287
Gpr37,-0.150844753,0.024493167
Map4k4,-0.150739848,0.020199292
Adat3,-0.150728791,0.009283212
Pik3ip1,-0.150697216,0.046408167
Ermn,-0.150696139,0.004010972
H2afx,-0.150538868,0.03528316
Cyb5b,-0.150509962,0.003212527
Tmem259,-0.150394481,0.034521116
Aga,-0.150118326,0.038027694
Calm2,-0.149750199,0.003782842
Vldlr,-0.149662004,0.019971575
Megf9,-0.149451069,0.022472469
Cux1,-0.149207141,0.001336023
Trpc4ap,-0.149134013,0.00037223
Mob2,-0.149101053,0.011107112
Phyh,-0.148929848,0.045138619
Pde4dip,-0.14877515,0.009675977
Yipf4,-0.14853724,0.003301964
Mta3,-0.148405773,0.046149071
Csnk1e,-0.148305171,0.012464013
Smim10l1,-0.148285832,0.023977853
Sec62,-0.148263247,0.016386773
Btbd10,-0.148031589,0.014936341
Ufl1,-0.147736276,0.035990547
Carhsp1,-0.147417645,0.006091969
Tmem59,-0.147341763,0.003634848
Phlpp1,-0.147251072,0.020199292
Bpgm,-0.146439682,0.007168429
Atp6v0a1,-0.146128544,0.024739969
Ccdc88a,-0.145995414,0.048730516
Ptgr2,-0.145943348,0.032830943
Cd99l2,-0.14588714,0.035249675
Fahd1,-0.145366309,0.029981013
Dcaf12,-0.145208769,0.024605331
Tmem106b,-0.145021446,0.002325175
Lrrc4b,-0.145016526,0.034573095
Plxdc2,-0.144795631,0.007732262
Thra,-0.144701416,0.02332573
Gins4,-0.144008485,0.004679206
Rabep1,-0.143949176,0.020046899
Slc33a1,-0.143729995,0.04629646
Thoc3,-0.143597054,0.001768619
Inpp5k,-0.143522485,0.040150522
Rac1,-0.143463273,0.008897052
Uqcrc2,-0.143096874,0.016443684
Selenos,-0.143014021,0.000207025
Mdh1,-0.14285286,0.024816669
Ddrgk1,-0.142029555,0.0000715
Polb,-0.142009915,0.005811435
Acadl,-0.1418426,0.008869912
p1l4,-0.141190847,0.002792322
Pja2,-0.14114553,0.03895537
Akap8l,-0.140860445,0.030977558
Zmynd11,-0.140855461,0.004645715
Tmem101,-0.140302109,0.016636608
Sars,-0.140121815,0.003883139
Bfar,-0.139854711,0.011398353
Ubxn6,-0.139664872,0.000655408
Bptf,-0.1396532,0.014285308
Ascc1,-0.139605725,0.04041825
Wdr91,-0.139597356,0.014354519
Slain1,-0.139536204,0.019878883
Wasf1,-0.139207118,0.0231339
Slc39a3,-0.139058339,0.020120859
Ggh,-0.138963337,0.02114865
Micu2,-0.1389041,0.008637611
Atxn2,-0.138874618,0.018274311
Tmem33,-0.138803265,0.03182537
Atp2a2,-0.138186278,0.018886945
Clcc1,-0.138179317,0.016173364
Rmdn3,-0.137600947,0.027105967
Vbp1,-0.137380342,0.002373439
Higd2a,-0.137173053,0.000312558
Slc25a4,-0.136929757,0.005076127
Baz2b,-0.136844169,0.019971575
Gmcl1,-0.136531425,0.048407775
Lrpap1,-0.136139496,0.016734965
Pgap2,-0.135841691,0.019480088
Tmem161a,-0.13555604,0.020293818
Dhrs1,-0.135520372,0.042551325
Phax,-0.135006224,0.002707709
Dync1li2,-0.134685267,0.012796539
Chchd7,-0.134575694,0.02202789
Aamdc,-0.134273673,0.013895218
B3galt5,-0.134146494,0.01700188
Slc25a11,-0.133889958,0.016502191
Shprh,-0.13388059,0.048098191
Dnm3,-0.133361809,0.042123726
Snx15,-0.133209102,0.03845966
Mtf2,-0.132986528,0.018281062
Sec13,-0.132868387,0.030069935
Wscd1,-0.132231252,0.003813471
Txndc15,-0.131554959,0.016277237
Gpat4,-0.131514968,0.01164621
Cops6,-0.131432745,0.005292881
Hmgcl,-0.131141802,0.007498247
Arl6ip5,-0.130901947,0.0192151
Sos2,-0.130346303,0.036815678
Kcnk13,-0.130343287,0.006748424
Ralbp1,-0.128907858,0.013237387
Pigyl,-0.128867211,0.008053566
Yif1b,-0.12838602,0.035311115
Puf60,-0.12813268,0.03718921
Tecpr1,-0.127592364,0.049093674
Adprh,-0.127162677,0.020777342
Dctn2,-0.126961089,0.00560768
Fam49b,-0.126842619,0.008333094
Emc8,-0.126796623,0.006005556
Amfr,-0.126796294,0.036210843
Myl12b,-0.126779209,0.006281909
Dhrs4,-0.126665937,0.023977853
Mboat2,-0.125560255,0.018707941
Selenot,-0.125493397,0.031405675
Cdk16,-0.124641774,0.022012253
Tfdp2,-0.124541112,0.036210843
Arl6ip1,-0.123578656,0.002703359
Keap1,-0.123229629,0.035566188
Fuca1,-0.122998946,0.006871663
Metap1,-0.122992704,0.038470315
Tmem165,-0.122647783,0.02376219
Tprgl,-0.122463386,0.007934382
Rbck1,-0.122110972,0.034120302
Mbip,-0.121931275,0.041425478
Wipi2,-0.121715334,0.017829719
Ctbp1,-0.121448411,0.021928505
Pcbp4,-0.121013447,0.002787068
Cdk19,-0.120203116,0.039519235
Faim,-0.119872339,0.011462592
Hnrnpdl,-0.119471747,0.017493093
Ilk,-0.119158359,0.045030126
Wbp2,-0.119030548,0.01322162
Emc10,-0.118978643,0.013232474
Vdac2,-0.116646756,0.01070364
Sh3glb1,-0.116188269,0.001373081
Aco2,-0.112833378,0.035311115
Cryzl1,-0.11230054,0.034650279
Gs,-0.112036465,0.013175083
Chmp2b,-0.111961013,0.032627218
Atp5f1,-0.111401981,0.019480088
44263,-0.110387846,0.031070429
Tsn,-0.11017755,0.020263659
Fam76a,-0.109409241,0.01397345
Rsrc1,-0.107684061,0.020397469
Prdx6,-0.107491312,0.027198218
Phc1,-0.10709655,0.045597893
Lrrc8d,-0.106517436,0.039346118
Ndufs7,-0.106126764,0.005721438
Insc,-0.104685036,0.041460424
Nt5c3,-0.1035566,0.020263659
2210016L21Rik,-0.103341923,0.005218264
Rtf1,-0.102336173,0.039247285
Dcaf8,-0.10084118,0.049305915
Diablo,-0.100782182,0.006562406
Ptpa,0.100669849,0.047452178
Ufc1,0.101073007,0.040912375
BC003965,0.101184199,0.042928758
Fgfr1op2,0.101723861,0.042304491
Dda1,0.101792143,0.027297287
1700123O20Rik,0.103404406,0.02376219
Bag5,0.105233425,0.040987003
Krtcap2,0.105699111,0.036210843
Twf1,0.105850717,0.037620858
Cfl2,0.105982925,0.023630247
Srrt,0.107129421,0.040188692
Tox4,0.107209321,0.033972869
Acin1,0.107683883,0.048272412
Meaf6,0.108505258,0.041617217
Ubn1,0.109181644,0.028899954
Adam10,0.110635277,0.045251733
Fam96b,0.111612256,0.041732504
Smim15,0.111788019,0.00910158
Nudt9,0.111836458,0.030500582
Cox14,0.113193021,0.032686961
Sem1,0.113817245,0.028621033
Ubr5,0.113923554,0.039408713
Utp11,0.113986919,0.014976357
Psma3,0.113990186,0.045794573
Eif1b,0.114407738,0.011947204
Stt3a,0.115998202,0.047501416
Rchy1,0.117724698,0.026044177
Hspbp1,0.118954978,0.048175341
Pfdn1,0.120182849,0.041572343
Fez2,0.120466434,0.049481303
Timm13,0.120835314,0.011341182
Gi2,0.121775292,0.012364064
Ankrd12,0.12263554,0.02696394
Sh3bgrl3,0.122762628,0.009283212
Zfand5,0.124311853,0.026044177
Tpst1,0.124865322,0.045649641
Rpl7l1,0.125404438,0.022012253
Pex5l,0.126108497,0.039499238
Prpf40a,0.126618781,0.038743226
Hspa14,0.126784362,0.044303819
Ufsp2,0.126847122,0.038912718
mpt,0.127483367,0.009048175
Supt5,0.127531107,0.047288913
Eci2,0.128418998,0.027731647
Djc10,0.12907029,0.04342613
Smim11,0.129370109,0.024757477
Git1,0.129660198,0.026788018
Rps9,0.129749597,0.017314771
Tmem205,0.129913476,0.035311115
Abcc5,0.130293895,0.04809944
Banf1,0.130365029,0.026650102
Ufd1,0.130884481,0.041706347
Mrpl21,0.130972572,0.031405675
Mapk6,0.131344465,0.047862788
Rwdd4a,0.131455818,0.045409607
Ap4s1,0.131558581,0.03927444
Gpbp1,0.132927915,0.016421978
Pde4b,0.132967658,0.002581212
Hnrnpab,0.133046338,0.003711678
Tpd52l2,0.133927405,0.000841294
Med17,0.134018113,0.018468373
Prdx5,0.134194005,0.007363957
a50,0.134351358,0.011848032
Api5,0.134535094,0.018886945
Arf3,0.135015357,0.027050195
Tomm40,0.135293847,0.021713492
Mrpl12,0.135411786,0.015552489
Arih1,0.135657063,0.024735572
Csnk1g3,0.136571107,0.030282384
Rbm7,0.136648049,0.012296079
Cebpz,0.136903976,0.044194105
Emg1,0.137088649,0.02376219
Pdap1,0.137206432,0.041423653
Dusp16,0.137528602,0.042516893
Snrpa1,0.138121295,0.008100634
Cdr2l,0.138302406,0.029245983
Cltb,0.138329913,0.038912718
Zfp664,0.138940168,0.018886945
Rad17,0.139333548,0.018999247
Polr1d,0.139590442,0.044770216
Pnrc2,0.139611568,0.043480175
Clk4,0.139841682,0.019063706
Tmem127,0.13990355,0.024665941
Ssrp1,0.140157148,0.036288578
Timp2,0.140651291,0.011530278
Wipf1,0.140743853,0.007963506
Eif5b,0.140912679,0.001140934
Ythdf2,0.140992877,0.009196102
Pnkp,0.141194432,0.027875853
Mrpl42,0.142724626,0.018829567
Otub1,0.142795219,0.02616893
Git2,0.143332456,0.032830943
Nolc1,0.143520023,0.022413159
Card19,0.143763226,0.033901261
Taf1d,0.144011085,0.033331107
Eny2,0.144204265,0.003978296
Mrpl39,0.144355113,0.02376219
Wls,0.14447527,0.015369833
Tshz1,0.145037619,0.040309195
Rapgef6,0.145924204,0.039169085
Scaf11,0.145942254,0.013318598
Ywhaz,0.146546655,0.019216422
Hmg20b,0.147082849,0.022297355
Nsd3,0.147563358,0.012142091
Azin1,0.147863272,0.034704787
Fbxl5,0.147917349,0.041423653
Ddx3x,0.148440142,0.019866902
Slc29a3,0.14883793,0.026031051
Kp4,0.149195118,0.010766951
Nploc4,0.14931671,0.026383136
Lrif1,0.149541929,0.019216422
Zc3h15,0.149554406,0.000457572
Ddx54,0.149837433,0.012988658
Txn1,0.149870668,0.004759162
Washc5,0.149979298,0.046019233
Arid1b,0.150441974,0.045653532
Acyp2,0.150447162,0.04595756
Zfand3,0.150582609,0.005763424
Fign,0.151208555,0.020326934
Pcdhga9,0.151603358,0.02379151
Mcrip1,0.151652105,0.003740953
Znhit3,0.15211351,0.011624392
Mrpl30,0.152172595,0.004287308
Gns,0.15237393,0.031445288
Vps37a,0.152401305,0.006562535
Rnmt,0.152466142,0.037267926
Arpc5,0.153481754,0.000902784
Efl1,0.153554656,0.04526946
Eif5,0.153594503,0.011890558
Arpc1a,0.154073264,0.000828898
Mak16,0.154445735,0.005463696
Lyrm2,0.155073402,0.024605331
Max,0.156165056,0.033694974
Fxr1,0.156427527,0.036283223
Rps5,0.156650765,0.016108404
Mrto4,0.156826085,0.049930531
Sae1,0.156919693,0.019355881
Vcpip1,0.157005737,0.028065258
Dnlz,0.157088857,0.009888982
Dync1li1,0.157194887,0.002196816
Smg7,0.157814713,0.041269064
H3f3b,0.157885953,0.012502708
Med27,0.158284011,0.021224791
N6amt1,0.158552472,0.028846228
Ntmt1,0.158761881,0.012777683
Ap1g1,0.158867913,0.03528316
Zfp536,0.1591611,0.011165646
Fuom,0.15927541,0.021855454
Mcmbp,0.15938432,0.024757477
Ank3,0.159616435,0.037264747
Mrps14,0.159638736,0.012718142
Hs2st1,0.159720146,0.02459529
Jak1,0.160595069,0.005258857
Lsm1,0.161306785,0.006281909
Azi2,0.161341552,0.009176929
Mtpap,0.161408453,0.003077516
Psme4,0.161472638,0.047862788
Tor1b,0.161493908,0.017026456
Mrps11,0.161645724,0.011420208
Sbf2,0.161840962,0.006169232
Ranbp9,0.162129077,0.015405392
Fam117b,0.162138169,0.019202236
Eif1ad,0.162785503,0.004900995
H2afj,0.162873521,0.006844482
Cadm1,0.162930327,0.010606943
Mrps26,0.163019301,0.000608633
Mrpl54,0.163236996,0.009650167
Elf1,0.163338065,0.010741874
Ndufaf4,0.163411034,0.010000364
Uri1,0.163703664,0.013630616
Clpp,0.163889994,0.001462575
Dph3,0.163911817,0.002022816
Bclaf1,0.164137931,0.000957282
Utp15,0.164221224,0.02535372
Farsb,0.164418728,0.031130678
Rad23b,0.164649378,0.001688417
Skiv2l2,0.165101516,0.022104916
Cpne3,0.165146472,0.011848032
Rlim,0.165626842,0.03824061
Snrpd1,0.165780699,0.003796615
Slk,0.166549615,0.013117816
Socs4,0.16665341,0.026756362
Pithd1,0.166859714,0.006465385
Rbm34,0.167295554,0.016157165
Zfyve9,0.167325624,0.006675669
Bicral,0.167553335,0.010606943
Gin1,0.167586075,0.016385339
Scarb2,0.167745014,0.005211644
Usp33,0.167837869,0.012073847
Erich1,0.168036632,0.023264369
Mbd2,0.16896332,0.010656986
Mrps18a,0.16915098,0.004342533
Mark3,0.16929062,0.000858633
Hipk1,0.169429183,0.017785257
Commd10,0.170210999,0.015174681
Sh3d19,0.170654924,0.038392731
Ccdc58,0.170895047,0.033972869
Ankle2,0.171079013,0.026200613
Tceal9,0.171123869,0.036298043
Erf,0.171347719,0.013643468
Gm17018,0.171425719,0.009605017
Tmem256,0.171483175,0.040127424
Pcf11,0.17151317,0.012859529
Map2k1,0.171642337,0.013460736
Pus7,0.171667837,0.041425478
Psmd11,0.172216911,0.00296134
Car11,0.1722404,0.02014571
Afdn,0.172376575,0.003497569
Ovca2,0.17239643,0.041500674
Fbxo11,0.172840532,0.004032584
Exoc1,0.172942394,0.017269579
Csf1,0.172984286,0.046497671
f1,0.17318679,0.003736531
Tmem160,0.173406223,0.005122178
Fbxl12,0.173532634,0.040184106
Nfkbib,0.173539753,0.016403604
Plod3,0.173656658,0.01097491
Knop1,0.173742243,0.033412975
Ppfibp2,0.173884998,0.003955691
Ino80e,0.174526312,0.022262433
Alkbh5,0.175366046,0.005463696
Tomm40l,0.175442324,0.012397364
Chchd1,0.175451255,0.002357114
Sec14l1,0.175509633,0.036410774
N4bp2l2,0.175664213,0.000960231
Mybbp1a,0.175741762,0.018109741
Acyp1,0.175832955,0.008516047
Tipin,0.176149792,0.037199717
Slf2,0.176295301,0.021120175
Lsm4,0.176329675,0.007247747
Npdc1,0.176379731,0.008046999
Casp8ap2,0.177089733,0.01321246
Stag1,0.177091161,0.028943583
Lrp10,0.177241646,0.005131772
Trim41,0.177298529,0.02335872
Tango2,0.178441568,0.008717893
Mrpl52,0.178634332,0.046679002
Cbx4,0.178675553,0.009621687
Rap2c,0.178821378,0.019213914
Ric8b,0.178898256,0.016586527
Exosc3,0.178996106,0.017630106
Actr2,0.17899776,0.002704653
Eif2s1,0.179051699,0.005150665
Ube2a,0.179117897,0.003406862
Nipsp3b,0.179342448,0.015168087
Ss1,0.179362462,0.003770589
Nme1,0.179456904,0.004741971
Golt1b,0.179470056,0.0113067
Asb1,0.180118516,0.026044177
Etf1,0.180468136,0.000652508
Luc7l,0.181043764,0.005679991
Mafg,0.181716804,0.001959774
Ppie,0.182252431,0.005218264
Nt5c,0.182566744,0.00224118
Pank2,0.182688904,0.008802332
Bcar1,0.182743572,0.017017049
Zswim7,0.1831166,0.045420959
Fam91a1,0.18340581,0.003381044
Ttc32,0.183575904,0.031513158
Faap24,0.184133335,0.030574841
Fbxo6,0.184310589,0.020332221
Ptpn2,0.184482927,0.040170802
Exoc4,0.184972103,0.007533712
Gnb1,0.185214962,0.027048307
Fyn,0.185242106,0.000959232
Tsen2,0.185423428,0.019569897
Ppa1,0.185569317,0.028621033
Timm9,0.186171137,0.001772845
Trappc8,0.186199831,0.025894168
Ski,0.186221314,0.001309206
Acd,0.186281461,0.029395834
Ctn1,0.18629263,0.000530721
Cdk12,0.186331906,0.007147468
Wdr55,0.186453681,0.031842274
Pole3,0.186538946,0.001299036
Eb1bp2,0.187296844,0.000648026
Esrra,0.187897641,0.047516535
Rtkn,0.188147456,0.004290375
Utp3,0.188161388,0.003252956
Rpl22,0.188422079,0.023716809
Mapre1,0.189135888,0.00000802
Trrap,0.189160541,0.005504866
Uvssa,0.189485881,0.044083665
Djc13,0.189858177,0.006410794
Bnip3l,0.190302009,0.018829567
Snrnp200,0.19036496,0.015912679
Rundc3a,0.190519228,0.002330125
Nol12,0.191117135,0.004231943
Btaf1,0.191194179,0.011594513
Ipo4,0.191767452,0.016520388
Klc1,0.192076172,0.0000341
Nudt18,0.192077226,0.018829567
Selenon,0.192246244,0.028393154
Jakmip2,0.193079485,0.021959903
Grsf1,0.193321655,0.019480088
Prr14,0.19345869,0.005732715
Nip7,0.194315224,0.011674774
Soga3,0.19451271,0.005503151
Prosc,0.194571009,0.000848338
Fam234b,0.195373204,0.000223937
Usp14,0.195432895,0.002357114
Utp18,0.195546003,0.015621018
Pdf,0.195622126,0.021642029
Mcm7,0.195758781,0.039696096
Eif4g1,0.197170638,0.0000308
Djc2,0.19728892,0.000737673
Mrpl2,0.197297934,0.002599231
Pgam5,0.197327715,0.040656235
Washc4,0.197440377,0.000625673
Kif5b,0.197656299,0.000696888
Rbm15b,0.198048277,0.036822344
Ptpn12,0.198053736,0.015796524
Cklf,0.198282443,0.047862788
Bicc1,0.198754998,0.003379017
Lsm2,0.199254511,0.004743557
Mrps28,0.200440313,0.021032631
Smim20,0.20102478,0.001808259
Atp13a3,0.20125086,0.009023705
Zfp638,0.201340944,0.003802373
Scpep1,0.201554591,0.015799512
2610301B20Rik,0.202008698,0.010425745
Usb1,0.202133506,0.04986138
Itgav,0.202186925,0.000608927
Dhx16,0.20223916,0.005987902
Lrrc59,0.202356775,0.00836331
Rfk,0.202596126,0.024757477
Slmap,0.202832162,0.015371372
Sema4d,0.202833072,0.024477466
Ranbp2,0.20291691,0.011071857
Snx33,0.20292687,0.005235438
Stk19,0.203586865,0.009590475
Fip1l1,0.203709846,0.0000312
Cyfip1,0.203766482,0.001367974
Thoc6,0.20426205,0.027145634
Rpl32,0.204263368,0.026303371
Tsfm,0.204291737,0.008866731
Nfe2l1,0.204841945,0.046408167
Fam89b,0.205903844,0.006150285
Zfp281,0.20591297,0.004010972
Hspd1,0.205918784,0.039069985
Sumf1,0.206260887,0.033714245
Nova1,0.206447061,0.047787292
Ccdc86,0.207048523,0.012094031
Gnb5,0.207536581,0.009571012
Wdsub1,0.208050683,0.047288366
Thyn1,0.208230593,0.022449943
Rpf2,0.208269598,0.007711578
Pbdc1,0.208709089,0.000088
Birc6,0.209266599,0.000428562
Gusb,0.209468875,0.022413159
Abca8b,0.209587137,0.01070698
Chpf2,0.209858379,0.016277237
Hs3st1,0.21028035,0.001130273
Smyd2,0.210640244,0.005019839
Smc4,0.210943775,0.003737257
Ctps,0.211073487,0.023898924
Bola1,0.211432016,0.004620939
9330182L06Rik,0.211618389,0.017002426
Tars,0.21193147,0.013565121
Ankrd49,0.212258695,0.007406779
Nenf,0.212681807,0.000153216
Fbxo18,0.212906917,0.007005462
Tmem120a,0.213081088,0.025185074
Tyw5,0.213119946,0.002064637
Fbxo36,0.213549136,0.004390551
Efcab2,0.214053103,0.048996971
Akt1,0.214058514,0.017067039
Amdhd2,0.214066049,0.017733486
Pcsk1n,0.214079839,0.038513112
Ubtf,0.214327026,0.000159356
Fdx1l,0.214435751,0.00764356
Zscan26,0.215040486,0.015306389
Selenom,0.215139725,0.001226097
Ric1,0.215255959,0.041088276
Plekhm2,0.215327477,0.002631729
Extl3,0.215992441,0.007404223
Sec23ip,0.216069087,0.000526122
Map1s,0.216203067,0.032865822
Nop14,0.216689334,0.001262925
Rtkn2,0.217394002,0.03024581
Nmi,0.217690534,0.022131018
Arf6,0.218190741,0.022574886
Scfd2,0.218477843,0.011126413
Elmsan1,0.218939299,0.006224686
Rhoq,0.219013227,0.000406117
Mrpl49,0.219073888,0.002194578
Map1b,0.219751461,0.017753875
Snx24,0.219768044,0.002819613
Pole4,0.220190035,0.040945474
Hscb,0.220591522,0.019791723
Zfp51,0.220984288,0.043099651
Mrps34,0.221062834,0.00074842
Surf2,0.221068008,0.003682562
Map9,0.221196806,0.035284745
Rplp1,0.221327598,0.039836716
Pusl1,0.221625123,0.010618643
Opalin,0.221772396,0.017355382
Smtn,0.221869569,0.041818438
Arl13b,0.222565451,0.0000623
Ddx50,0.222632451,0.001291697
Tmc7,0.222777853,0.000339009
Sqstm1,0.22328021,0.002353775
Cmtr1,0.223335994,0.003090893
Cdkn2c,0.223780006,0.01697589
Impact,0.223861773,0.000705603
Irak1,0.224290837,0.004184597
Pkig,0.224349347,0.000958907
Ncoa7,0.224879881,0.000960615
Rasa3,0.225083548,0.00027116
Tpp2,0.225185538,0.000868569
Polk,0.22531638,0.015531369
Samd4b,0.22553502,0.02554069
Wdr12,0.225765836,0.010856906
Coro1c,0.226031172,0.000292425
Ppp2r5a,0.226467271,0.000706222
Nup98,0.226945586,0.013735044
Zfhx2,0.227315948,0.030859104
Rab28,0.227349904,0.003654631
Gar1,0.227399732,0.000116166
AI413582,0.228180457,0.008199051
Ick,0.228204718,0.000136438
Tmem251,0.22826939,0.001559877
Cpeb4,0.228288826,0.000713826
Tigd2,0.228473365,0.001113583
Tmed10,0.228487073,0.009008415
Arfgap3,0.228839926,0.002209439
Atad3a,0.22898462,0.004719866
Ciz1,0.229114668,0.002530585
Rusc2,0.229157072,0.000757533
Tsr3,0.229496309,0.004679158
Lenep,0.2298055,0.03680942
Nfkbil1,0.230343953,0.004017201
Smarcad1,0.230728467,0.001260378
Katnb1,0.230944543,0.017493093
Gtf2a2,0.231186464,0.00019033
H3f3a,0.231418283,0.048175341
Cdc42se1,0.231569418,0.000107133
Dst,0.231828059,0.0000957
Raph1,0.231871322,0.03515527
Kifc3,0.231901037,0.023690828
Commd3,0.232337942,0.00041123
Actb,0.232348107,0.018502649
Arap1,0.232609415,0.003212758
Tfdp1,0.234023528,0.037671943
Chchd5,0.234103932,0.007463497
Fbxo38,0.235499552,0.00011663
Lrp12,0.235808016,0.021006137
Trpm7,0.236051771,0.001088594
Brdt,0.236117889,0.000366078
Slc16a7,0.236628054,0.001291359
Ddx23,0.236837316,0.019569897
Paip1,0.236856552,0.017759726
Erlin2,0.236866477,0.003320759
Dyrk1a,0.236966621,0.001515505
Ptbp3,0.237119185,0.0000836
Usp24,0.237205737,0.001231546
Kri1,0.237655188,0.002180829
Ddx27,0.238111842,0.000753258
Rrp9,0.238487098,0.003654631
Tpi1,0.239372699,0.009074085
Bhlhe41,0.239695399,0.028837804
Ube2e1,0.240371023,0.002368619
Twnk,0.240788575,0.013219607
Utp14a,0.241109659,0.000151056
Pnpt1,0.241115786,0.000522976
Mcam,0.241914674,0.036076572
D1Ertd622e,0.241939624,0.000103323
Atf4,0.242161738,0.009002022
Mfsd10,0.242480926,0.010195248
Cdkl3,0.243262863,0.035390258
Rela,0.243304449,0.000142827
Ggct,0.244359558,0.00027305
Ppan,0.244800092,0.006642036
Rars,0.245200924,0.003021467
Sox2,0.245341406,0.019799279
Pak4,0.245421203,0.004972422
Ef1,0.245860127,0.007902912
Spidr,0.246017708,0.006842757
Sgf29,0.246382353,0.002059947
Abce1,0.246634847,0.003077432
Psmg4,0.246675143,0.004300235
Ufsp1,0.246996414,0.014838936
Ascc2,0.247006848,0.006431556
Endod1,0.247448105,0.000011
Pola1,0.247901252,0.014285308
Ago2,0.248644534,0.002149223
Hmgn1,0.248661984,0.000860793
Polr2h,0.249099262,0.001688417
Stx2,0.249155044,0.014714335
Dhx37,0.249243788,0.017445803
Stn1,0.249606666,0.011043602
Hsf2,0.249620816,0.011559363
Mgat4b,0.249766818,0.00716114
Tsc2,0.249980763,0.000011
Idua,0.250227947,0.022413159
Rprd1a,0.250424261,0.00740389
Cyb5r3,0.250530502,0.004561272
Nthl1,0.251249723,0.001896484
Yme1l1,0.251353676,0.0000117
Zmiz1,0.251924065,0.000381514
Plgrkt,0.251995119,0.000728261
Slc24a5,0.252315548,0.011410967
Oxsr1,0.252388552,0.001309005
Slx4ip,0.252759966,0.022472469
Serinc5,0.252873847,0.00015297
Hspb2,0.253578453,0.041732504
Mef2d,0.253581723,0.000482527
Timm10,0.253814438,0.001016593
Bop1,0.253911807,0.000530007
Acap3,0.254651949,0.003383005
Btf3l4,0.255866941,0.03446714
Pym1,0.256157712,0.010468593
Gba,0.256414942,0.004522448
Htra3,0.256755245,0.014507955
Ddhd1,0.256774551,0.00000415
Bicra,0.2570022,0.002696349
Ywhag,0.257054026,0.00000616
Msn,0.25735562,0.018307809
Fam107b,0.258287579,0.022802795
Lonrf1,0.258359074,0.001319168
Manba,0.258482619,0.04403488
Nsun6,0.259004792,0.003212758
Mcu,0.259416408,0.030210815
Sptan1,0.260147335,0.0000926
P4hb,0.260169689,0.0000426
Il6st,0.260659375,0.0000115
Tstd2,0.261785624,0.004283267
Prdm2,0.262550236,0.002581212
Supt16,0.262590423,0.000112584
Malsu1,0.262990577,0.000203384
Arc,0.263018778,0.027015425
Nek9,0.263580892,0.000405636
Card10,0.26365719,0.04798946
Ccdc9,0.263772688,0.005560385
Brd2,0.263954827,0.00020545
Stk24,0.264718887,0.010304186
Grwd1,0.26493311,0.014650086
Zfp36l2,0.265518515,0.04052302
Lcmt2,0.265917107,0.029649896
Kras,0.266149952,0.00000864
Mri1,0.266232319,0.005439656
Nol9,0.266466486,0.027875853
Zfp365,0.266764463,0.000530721
Zfp583,0.267154945,0.016157165
St6gal1,0.267460112,0.0000331
Smc2,0.267808169,0.000246572
Ccdc167,0.267956095,0.003097597
Polr3b,0.268061002,0.005890092
Nfasc,0.268653362,0.0000179
Add1,0.268725601,0.00000571
Tatdn1,0.26894176,0.002874078
Ascc3,0.26916282,0.0000658
Sirt6,0.269378255,0.006521442
Zkscan1,0.269998242,0.0000269
Epha4,0.270308762,0.009381919
Mapk14,0.270604099,0.000063
Tgfbi,0.270945623,0.005385777
Rb1,0.271004448,0.0000146
Srbd1,0.272478051,0.001023967
Plcb4,0.272524653,0.004911448
Usp53,0.27263787,0.004470843
Fkbpl,0.273577565,0.025134454
Josd1,0.274399923,0.001834998
Myo5a,0.274668303,0.000339721
Dock1,0.274716305,7.14E-09
Olig2,0.275186328,0.0000174
Rai1,0.275284641,0.007760683
Gtpbp3,0.275310653,0.003301964
Cars,0.275526137,0.009321116
Lrrc4,0.276163623,0.016424137
1700025G04Rik,0.276317835,0.001339611
Zrsr1,0.276382427,0.000536114
Rps19,0.276643246,0.013813469
Rbm45,0.276681282,0.013147424
Lsm10,0.276902104,0.000347172
Ero1l,0.277003525,0.000390846
Prepl,0.277203346,0.021032631
Tra2a,0.27731947,0.000120037
Zbtb41,0.277345446,0.001834998
Tceal3,0.277558539,0.036076572
Gpx1,0.277585523,0.027800301
Odf2l,0.277858612,0.004032584
Tesk1,0.279473951,0.007474316
Myo18a,0.279659859,0.001132609
Polr3g,0.279690716,0.033055146
Zdhhc21,0.280634719,0.009490261
Wdr4,0.280874565,0.006187076
Ifrd1,0.281252304,0.000825273
Rcor1,0.281955261,0.000848338
Rpl18,0.282154,0.013428567
Yes1,0.282337651,0.012528226
Usp6nl,0.282352164,0.000115656
Tinf2,0.282481695,0.002357114
Cyp2u1,0.282553035,0.005113512
Smcr8,0.282802634,0.011907291
Fundc2,0.283073402,0.000000573
Mroh1,0.283175095,0.037362704
Ttc27,0.283316885,0.021224791
Myef2,0.28350748,0.000522129
Fndc3a,0.284010628,0.000432829
Inip,0.285160178,0.00102761
Thumpd3,0.28533995,0.002725353
Zfp426,0.285861886,0.000594175
Dph5,0.285880917,0.00000705
Pih1d1,0.28616417,0.000270536
Rpl19,0.286249874,0.049146503
Slc20a1,0.28657995,0.02498976
Tdrd7,0.28676911,0.0000387
Cbfb,0.286841458,0.014451028
Ddx10,0.286871718,0.000960615
Socs5,0.287461742,0.0000315
Rrp15,0.287549846,0.000937812
G6pdx,0.287553847,0.004558871
Ttc37,0.288183813,0.001849097
Osbpl9,0.289043859,0.010625367
Crem,0.289332049,0.006693579
Clcn7,0.289439227,0.000239818
BC005561,0.289459878,0.00000021
Skil,0.289470377,0.006146795
Lpin1,0.289502547,0.0000335
Apobr,0.289618106,0.029245983
Klf6,0.289760166,0.004345298
Pcdh17,0.2898508,0.0000883
Flnb,0.290052105,0.0000381
Znrf1,0.29005606,0.0000339
Sac3d1,0.290102242,0.001522554
Dcxr,0.290345136,0.008255173
Adamtsl1,0.290661887,0.000000718
Dis3,0.290699549,0.014888343
Sik3,0.291268097,0.0000163
Rabggtb,0.291301644,0.0000475
D6Wsu163e,0.292079194,0.000435259
Prkab2,0.292429061,0.037264747
Zmat3,0.292974862,0.007382043
Armcx3,0.29299046,0.009676745
Vwa1,0.293110672,0.014462953
Dcaf15,0.293322677,0.006562535
Pinx1,0.293354296,0.000135019
Capn2,0.293367099,0.000943704
Nubp1,0.293627811,0.00041989
Senp2,0.293667319,0.000185365
Rpain,0.293796911,0.0000111
Sowahc,0.2946704,0.014218371
Dclk2,0.294948648,0.014818423
Grb14,0.296694688,0.00000826
Cic,0.297005958,0.000000142
Kti12,0.297107449,0.003380934
Rnf19b,0.297477793,0.002986281
Rdh10,0.297869612,0.010122665
Ttc9,0.298429053,0.00012771
Hdac7,0.299653942,0.0000241
Hirip3,0.299944615,0.001579353
Tgfbr1,0.300204289,0.000650937
Pcbd2,0.300741704,0.001265786
Mnt,0.300899891,0.00029915
Iars,0.301029117,0.0000365
Rrs1,0.301827907,0.00000816
Cyfip2,0.302118324,0.000925535
Fbxl15,0.302395769,0.002986281
1110008P14Rik,0.302449909,0.0000439
Cerk,0.302749512,0.000193775
Utp4,0.302819787,0.00478478
Psmc3ip,0.303068379,0.018118108
1600002K03Rik,0.30322808,0.011286446
Rnf122,0.303641524,0.006678097
1810009A15Rik,0.303960423,0.036551829
Arl16,0.304135903,0.009189171
Arhgap15,0.304319268,0.029180724
Kif5c,0.305047567,0.000133638
Rell1,0.305099025,0.00000442
Xpot,0.306526998,0.00296134
Shq1,0.306528186,0.028384022
Ocel1,0.307033834,0.002573487
Thg1l,0.308179525,0.035223571
Dpp7,0.308242648,0.001450368
A830080D01Rik,0.308994312,0.0000207
Onecut2,0.309490359,0.003470407
Prdm5,0.309558124,0.002547121
Blvrb,0.310309706,0.002249787
Gne,0.311098869,0.000743325
Gm42742,0.312418276,0.00000128
Trp53inp1,0.312809025,0.005309842
Enkd1,0.312819954,0.030230197
Map1lc3a,0.313803611,0.000000102
Marf1,0.313967327,0.005274621
Wdr36,0.314264875,0.000676104
Idnk,0.314283332,0.000201916
Lmln,0.314649431,0.021390858
Rrn3,0.314736562,0.0001254
Ftsj3,0.314816713,0.0000725
t6,0.315342352,0.000231943
Rsad1,0.316862866,0.036452032
Wtap,0.318115402,0.005995931
Zranb3,0.318296913,0.032431974
Wdr75,0.318544367,0.0000561
Scrn1,0.318598146,0.000000501
Zfp672,0.318672181,0.000245491
Il33,0.319395109,0.013901577
Ikbkg,0.31941209,0.000294221
Vangl1,0.320119285,0.011733898
Add3,0.320508264,0.00000188
Abhd11,0.321981983,0.001434469
Zbtb4,0.322078859,0.000259334
Mettl1,0.32246428,0.001128361
Mgat5,0.322547383,0.000703373
Gpcpd1,0.322756316,0.000011
D17H6S53E,0.322779978,0.018886945
Gfer,0.322981597,0.000116608
Rfx1,0.323919487,0.007997287
Rnf31,0.325881516,0.000806714
Mtmr2,0.326160545,0.0000279
Ppp2r2a,0.326447444,5.22E-08
Gnl3,0.326585256,0.00000296
Ahdc1,0.326941456,0.002122793
Sytl2,0.327150997,0.00011663
Ifi27,0.327233961,0.004130943
Zfp142,0.32742634,0.002259205
Chml,0.330620407,0.037346674
1110008L16Rik,0.33290076,0.020314893
Oxsm,0.333538575,0.002544809
Djb1,0.334422242,0.005890092
Brca2,0.335442135,0.004300235
Nol10,0.335758457,0.002285673
Prorsd1,0.33609041,0.000368111
Fam213b,0.336788436,0.000732573
Lix1l,0.33719307,0.009665217
Trmt10a,0.337580954,0.006188763
Nufip2,0.337699271,0.00000571
Tvp23a,0.338738892,0.014856679
Heatr1,0.339602727,0.001808259
Tulp4,0.339614157,0.000289552
Erbin,0.342577809,0.0000022
Larp7,0.344259192,0.00000804
Pvr,0.344331126,0.015717722
Apc15,0.345609452,0.001831618
Cstb,0.34591296,0.00000877
Aldh16a1,0.346537668,0.001147357
Tpm4,0.34662965,0.0000285
Gas2l1,0.34686699,0.000231339
Wsb1,0.346891528,0.000041
Znfx1,0.348646057,0.000000376
Uspl1,0.348785355,0.0000732
Xrcc5,0.349824992,0.0000319
Zfp628,0.349907702,0.007810429
Cyp3a13,0.351098802,0.021139261
Dtx4,0.35146727,0.01353211
Tbc1d4,0.351982728,0.024006281
Cac2d1,0.352125347,0.000193775
Rnft1,0.35319559,0.000328359
Flot1,0.353309835,0.001697523
Gpatch4,0.35420129,0.000231943
Nfkbia,0.354700188,0.008890761
Sgpl1,0.35525164,0.00000715
Mcl1,0.355325802,0.0000127
Ly96,0.356049738,0.006042424
Lrrc8b,0.356379316,9.88E-08
Ctsb,0.356765685,0.006156042
Pprc1,0.357572124,0.001060294
Rbm15,0.357713252,0.0000793
Stk40,0.359090307,0.004549304
Lypla2,0.359151068,0.0000226
Coa4,0.359415355,0.000175222
Galnt2,0.361134213,0.0000108
Rpgrip1,0.363794101,0.00146354
Noa1,0.365316714,0.0000522
Ncor2,0.365370006,0.00000277
Fbl,0.365740259,0.024119545
Nlgn2,0.366383752,0.000719843
Mtr,0.366790895,0.021698272
Nop58,0.37027741,0.0000111
Bmp2k,0.370641998,0.0000101
Zfp407,0.371185177,0.000291801
Sec24d,0.371748622,0.004690874
Rfx5,0.37177843,0.029133198
Kc2,0.372034023,0.0000715
Sgsm2,0.372476618,0.010937557
Adam9,0.372490465,0.0000284
Srgap1,0.37345771,4.24E-08
Bcl6,0.37407039,0.0000436
Cox7a1,0.374906941,0.030367674
Dtx1,0.3757998,0.02167622
Large1,0.37674112,0.004032584
Trmt61a,0.378985811,0.001128018
Zbtb7b,0.380048952,0.00000655
Sipa1l2,0.38125414,0.0000158
Tle3,0.382260811,0.00000152
Atp6v0a2,0.382607099,3.47E-09
Lgals2,0.383561724,0.003999051
Pcdhb20,0.383678136,0.016120194
Crmp1,0.383827033,0.011913369
Rps27l,0.383831623,0.000524919
Amt,0.384618718,0.008802332
Btg1,0.385590797,0.008690966
Zfp219,0.385770937,0.041111465
Dmd,0.386101729,0.003533381
Fam83d,0.386320648,0.023207497
Ephx4,0.386402872,0.006516343
Ankrd28,0.386948045,7.23E-08
Gab2,0.386982066,0.00265439
Snx9,0.387044419,0.000116166
Zfp593,0.387587451,0.00000715
Xaf1,0.387656884,0.00000274
Gdap1l1,0.387758524,0.022054808
Ssbp3,0.389275621,0.00000337
Jmjd1c,0.389425687,2.15E-08
Nudt7,0.391653128,0.003112232
Evi5,0.391787437,0.001675655
Pcdhb19,0.392252109,0.010063436
Bin3,0.392585286,1.82E-08
Frmd4a,0.392780953,0.0000105
Fam214b,0.394254267,0.00000524
Zbtb1,0.39497449,0.000000837
Foxp4,0.395268289,0.0000965
Kdelr2,0.395304028,0.0000723
Zfp691,0.395529012,0.008242676
Rras,0.395752959,0.002527582
Dip2c,0.397110695,0.00000122
Rps2,0.397165535,0.014240315
Pde10a,0.397388125,0.020326934
Ankrd9,0.39757529,0.005292881
Polr1e,0.397638444,0.02578772
Trpv3,0.397922608,0.002196816
Itpkc,0.398248326,0.000528799
Bax,0.398846531,0.000120823
Kremen1,0.400352558,0.001420921
v2,0.400702043,0.000134977
Sspo,0.401106511,0.005403247
Txnip,0.401578939,0.000653428
t14,0.401860061,0.001041608
Hexa,0.402277706,0.003068174
Ehbp1,0.402659751,0.00000148
Synpo,0.404756229,0.000375485
Sh3gl2,0.406070157,0.0057814
Pramef8,0.406107891,0.000229392
Mfap3l,0.407281075,0.034943528
Arhgef19,0.407582462,0.02332573
Msrb1,0.407713635,0.000408972
Rcc2,0.407874546,0.004690874
Tnks1bp1,0.407943634,0.001153827
Slc25a20,0.408604886,0.020238444
Isoc2b,0.40920505,0.006682482
Rap2a,0.411888454,4.72E-08
Npr1,0.411938531,0.028651081
Cks1b,0.4159774,0.023152899
Nin,0.417616016,0.000318943
Cdyl,0.418130267,0.000000874
Prag1,0.418212638,0.000000511
4931428F04Rik,0.419008369,0.000397559
Rpsa,0.419408033,0.00050492
Npm3,0.421742306,0.001442831
Nrxn1,0.421747239,0.001834998
Ssh3,0.422047204,0.000459954
Slc8b1,0.422966883,0.005054264
Shc4,0.42444993,0.01687683
Csrnp1,0.426191028,0.034000538
Rab13,0.426324861,0.003338737
Fbxo4,0.426704231,0.0000255
Arap2,0.428998472,0.0000215
Pam,0.430234336,0.000165814
Sema7a,0.430432634,0.000103739
Rhoc,0.431399111,0.00012996
Inppl1,0.432411165,0.007288858
Zfp146,0.433323603,0.005811435
Mapk10,0.434866824,0.019249729
Lrrc8a,0.437046168,0.001160343
Ubxn11,0.43743003,0.043027573
Id4,0.438478535,0.008826547
Myl6b,0.439672064,0.036253225
Jun,0.441130924,0.0000435
Smad2,0.441344759,0.000000685
Nfkb2,0.442360618,0.009351762
Zfp467,0.444396928,0.00007
Eif4e3,0.444429774,8.67E-08
Katl1,0.444849681,4.13E-11
Sntb2,0.449635642,0.001101218
Spry2,0.450536972,0.001295074
Lhfpl2,0.452195522,0.000168374
Pafah2,0.452861816,0.001499016
Parp11,0.452865191,0.000192097
Tmem107,0.452933888,0.001476852
Sparc,0.453515357,0.001865692
Zfand4,0.453704946,0.003367258
Rassf4,0.454160319,0.000350534
Nme2,0.454677576,0.047862788
Eif4ebp3,0.454891107,0.000121903
Lad1,0.455249872,0.008043948
Phlda3,0.455311687,0.000000389
Klc2,0.45673212,0.002585653
Trex1,0.456876814,0.001688417
Tnik,0.457175983,0.000000914
Dll1,0.458483494,0.043022784
Rdh5,0.458670405,0.045057078
Abhd8,0.459263254,0.035390258
Mt1,0.460811233,0.001078273
44264,0.460867821,0.000265507
Mc1r,0.463127472,0.000785106
Pcdhb14,0.463451992,0.000765663
Zfp488,0.46739967,0.000181166
Tuba4a,0.467561003,0.023684907
Tmem59l,0.467932712,0.022334547
Pcdhb17,0.468591504,0.0000146
Nod1,0.470263253,0.000018
Kctd11,0.47081286,0.0000801
Slc35e3,0.473450301,0.00000865
Eif1a,0.473492263,5.68E-10
Sema3d,0.47440253,0.026132827
Xkr4,0.47455285,0.0000789
Nhp2,0.474671245,0.00000244
Nsun3,0.475564602,0.000167084
Pomc,0.477153374,0.003006062
Cmip,0.478467166,4.12E-08
Hist1h1e,0.479697541,0.005763424
Cnbd2,0.480853852,0.039868957
Zfp579,0.481817197,0.0000817
Ap1g2,0.483512489,0.001470794
Ccdc17,0.484299675,0.00351138
Sulf2,0.48495598,8.92E-08
Tmod1,0.485607168,2.74E-09
Spry1,0.486865134,0.000100462
Etv6,0.487400209,0.000722497
Abca1,0.487710513,0.0000255
Rps6ka3,0.487823881,0.00000812
Dnttip1,0.487842097,1.22E-08
Tha1,0.489011003,0.000865137
Arid5a,0.489536631,0.0000377
Psme2b,0.489752731,0.001256685
Ermard,0.490174443,0.00000363
Rpp38,0.490352752,0.000167918
Bhlhe40,0.492101905,0.00000557
Clock,0.492122861,6.08E-12
Ccdc136,0.49273106,0.000000826
Cac1a,0.493347148,0.013443106
Mitd1,0.496363003,4.15E-09
Ddx21,0.496370054,0.00000133
Mark1,0.498472957,0.013985038
Iqck,0.500267995,0.004181319
Znrf2,0.502890038,0.00000534
Cdkl2,0.503310178,0.0000327
Zc3h12a,0.503593247,0.037872985
Axin2,0.504428754,0.000512092
Prickle1,0.505516648,6.08E-08
Aprt,0.50555197,0.000000387
Myd88,0.506700691,0.000111313
Cd9,0.506914984,0.00000104
Ralgps1,0.50698985,6.24E-12
Ccdc122,0.509678639,0.034666555
Pcdhb16,0.509922732,0.0000127
Dusp10,0.510593953,8.21E-10
Rnf225,0.510633406,0.001163471
Map6,0.512171563,6.13E-10
Src,0.512966846,2.41E-09
Trp53inp2,0.513471316,0.0000183
Plscr3,0.513831223,0.0000203
2010107G23Rik,0.515547149,0.000773594
Plpp3,0.517728394,4.48E-14
Hebp1,0.518792433,1.51E-10
Lypd6,0.52076296,0.0000793
Sh3bp2,0.521078029,0.00000105
Ada,0.521575942,0.0000408
Hook2,0.521661535,0.004539248
Nceh1,0.523237552,1.68E-08
Plxnb2,0.523735802,0.012752689
Asap2,0.524264828,4.29E-09
Dgkz,0.52451188,2.31E-08
Pcdhb21,0.524846852,0.0000594
Lm,0.525142147,0.000412598
Map3k5,0.525509539,0.000108173
Luzp1,0.525693995,0.00000337
Mybl1,0.528393846,0.002938965
Trp53,0.528724029,0.00000953
Jpt1,0.529324569,0.000594175
Tubb2a,0.5303845,0.012397364
Gdf1,0.531134007,0.001062396
Polm,0.534175718,0.0000276
Myrip,0.535440481,0.000295301
Fnip2,0.536065464,0.000000003
Fam212b,0.536229147,0.000606739
Dock6,0.539804574,0.004918045
Igsf9b,0.54431312,0.00000113
Cac2d4,0.546898982,0.024757477
Sat1,0.547527354,0.0000272
Ier5,0.548550912,0.031094126
Tep1,0.549962702,0.00000899
4430402I18Rik,0.55024786,0.001075317
Ogdhl,0.551054322,0.014661486
Fbxl16,0.55159059,0.003097597
Rab34,0.552443763,0.007454367
Hsd3b7,0.55604558,4.67E-10
Arhgef12,0.556147462,4.72E-16
Txnrd1,0.558322963,0.000000356
Ccng1,0.560256525,0.000653575
Caprin2,0.562726568,0.000779716
Plin4,0.563313749,0.003888732
Tubb3,0.563900217,0.001076239
Pfkfb3,0.566884852,2.16E-08
Irak4,0.568773233,0.000253519
Camk2d,0.568941641,0.000000434
Tnip2,0.57074825,0.000000274
Dennd1b,0.57231481,0.0000118
Tnfaip8,0.572575895,0.041111465
Gpd1,0.573242888,0.004792125
Foxj1,0.57348283,0.00000383
Nfia,0.57427407,1.14E-11
Dct,0.57479416,0.01372553
Galt,0.574892553,0.00435265
Tor3a,0.57721249,0.011860123
Nedd4l,0.580296703,0.00000503
Cd151,0.583512988,0.000000573
Hspa2,0.584709389,3.31E-09
Sp91,0.585070181,9.00E-10
Fbxl8,0.585325776,0.0001452
Mdm2,0.58557766,3.33E-15
Rel,0.586314462,0.000728261
Sema4g,0.587252718,0.032795514
Ablim2,0.589189108,2.17E-09
Anxa6,0.590191988,0.005496015
Stat2,0.593887569,0.0000192
Maf,0.59489507,0.00535265
Irs1,0.595578594,0.00017304
Ltbp3,0.597428009,0.000518355
Eya4,0.597898213,2.06E-08
Cmbl,0.602494512,0.0000255
Rims2,0.602660137,0.000673368
Stat3,0.603536299,7.69E-09
Hpgd,0.604942629,0.024824346
Rbms1,0.607358604,0.000646991
Meis3,0.6079706,0.000832041
Meis2,0.608832801,2.54E-11
Ubtd1,0.611842314,0.0000475
Rassf3,0.613920922,0.000500983
Fam19a5,0.618046507,5.64E-12
Pdxk,0.618941812,2.38E-10
Spsb2,0.619306384,0.00000188
Psme1,0.6225385,0.00000614
Cebpa,0.624066131,0.037671943
Lrrtm2,0.624129495,0.000000344
Hist1h1c,0.625723239,0.000245166
Ppp1r17,0.629156603,0.049290497
S100a6,0.629255975,0.002992637
Uap1l1,0.632823786,0.0000127
1700056E22Rik,0.634621297,0.0025819
Prune2,0.636390119,0.000277686
Jdp2,0.636862157,0.000000138
Zdhhc18,0.637581129,2.08E-08
Cadps2,0.639042236,0.000000932
Fmn1,0.640906406,0.00000215
Mgat4a,0.641018604,0.000366078
Kif5a,0.642508178,1.04E-08
Mafb,0.643587091,0.01797008
Ndnf,0.643807476,0.000252413
Pik3r3,0.644806402,0.0000014
Notch1,0.646319477,0.004391345
Baiap2,0.649165898,0.003157856
Faap20,0.652657072,0.0000163
Maml3,0.652846398,0.000144088
Synpr,0.654956088,0.035954172
Smurf1,0.656475841,6.08E-11
Bfsp2,0.657784182,0.000000763
Marcks,0.658017586,0.019932157
Plekha1,0.658766228,1.32E-16
Renbp,0.659882817,0.009085995
Msra,0.665032149,3.51E-11
Relt,0.6653521,0.010048167
Fmn2,0.668401193,0.0015781
Pcgf5,0.671126268,7.84E-08
Tnni1,0.672956948,1.36E-09
Ttpal,0.674600804,0.00000286
Gfap,0.676158721,0.000264156
Mmd2,0.67835263,0.036293892
Nradd,0.678498982,0.0000956
Camk2n2,0.678682942,0.001540559
Cdc14a,0.679073147,9.99E-09
Arpc1b,0.683410527,0.0000022
Apba2,0.685432891,0.017997052
Rgs19,0.685792015,0.021032631
Hyal1,0.687118455,1.39E-11
Mafk,0.693837751,0.000000138
Cd63,0.69388672,0.000000055
Cntfr,0.696858894,3.49E-11
Nfil3,0.697148751,0.00000089
Cadps,0.697984893,1.69E-08
Fam13c,0.69822908,0.00000711
Usp35,0.698241827,0.000183287
Hspa1b,0.699276247,0.010434073
Pycard,0.70069131,0.007963506
Plk2,0.701237427,0.001500701
Ntrk2,0.703819919,0.000833695
Mylip,0.704059836,0.002787068
Lgals1,0.70469037,0.005361141
Tiparp,0.704899288,7.34E-10
Erap1,0.707269305,0.0000436
Tapbp,0.714175683,0.00000571
Gpc1,0.716747995,3.29E-08
Me1,0.718232484,0.00000089
Fabp5,0.720968532,0.000529475
Dner,0.721828484,0.00000709
Inpp5a,0.72214822,4.06E-09
Ppp1r15a,0.722747692,0.000000197
Ephx1,0.724672035,0.000121668
Gas6,0.726346929,0.0000123
Bambi,0.727183628,0.002936478
Hfe,0.729352775,0.000887673
Ypel4,0.729580176,2.19E-08
Srd5a1,0.729745753,2.96E-11
St3gal1,0.736213464,0.000263111
Prkar1b,0.742930209,0.001625156
Dusp1,0.744932268,0.000205604
Ehd2,0.749806808,0.000193719
Kdm6b,0.751588109,0.000000031
Ddit3,0.7521021,0.000000356
Apoc1,0.752948111,0.039582571
Map3k8,0.756296491,0.045251733
Hpcal1,0.759934693,0.0000127
Btc,0.763722147,0.001060294
Prkce,0.766632888,0.000101736
Atf5,0.767254974,0.00059881
Plin2,0.768281977,0.012965928
Anxa4,0.771786357,4.19E-09
Grasp,0.77282681,1.44E-11
Cd86,0.773936066,0.046414553
Lag3,0.775945599,0.04670517
Aen,0.77705036,0.005294797
Garnl3,0.777898295,0.0000765
Dclre1c,0.7783675,6.28E-08
Acot11,0.780958381,0.0000766
Cachd1,0.78265981,0.014028736
Eda2r,0.782660713,0.000212793
Slc4a8,0.783195635,1.05E-10
Fjx1,0.784160453,0.00000224
Slc39a11,0.784309657,0.0000315
Trim25,0.784624861,0.0000156
Tnfsf9,0.784802253,0.00000303
Bmp1,0.785172284,4.21E-09
Odc1,0.785959857,0.044001653
Samsn1,0.790453605,0.036293892
Lrp4,0.790562808,1.58E-08
Sertad1,0.791045329,0.00000253
Kcnk2,0.793005902,0.007842651
Abracl,0.793681966,0.004290375
Hivep2,0.795711734,2.21E-08
Ece1,0.798924154,0.0000241
Slc16a6,0.801860044,0.000000832
Mvp,0.801942759,1.04E-08
Ly86,0.804031868,0.036293892
Per1,0.814950426,3.58E-10
Lrrc8c,0.816342534,1.75E-15
Cnih3,0.816431268,0.00000676
Csmd2,0.817089253,7.27E-08
Lhfpl3,0.821555473,0.004472867
Trim46,0.823242619,0.000053
Mt2,0.831060199,0.00097894
H2-DMa,0.831289413,0.010894408
Id3,0.832973119,0.0000226
Btg2,0.83784171,0.0000785
Lmo4,0.838975279,0.000000483
Zfp36,0.840849219,0.0000368
Grik2,0.841533854,4.51E-18
Ndst1,0.843907131,3.36E-12
Slc39a1,0.844040238,0.000757721
44448,0.847167879,0.001452821
Tmem210,0.849981125,0.003383005
Sox9,0.856224552,0.001470794
Ccl12,0.856585457,0.045029904
Pid1,0.857472824,0.002130116
Ust,0.857718132,1.83E-08
Lrrc49,0.857995354,1.11E-14
Ifitm3,0.859200936,0.043877236
Ptprc,0.863550607,0.039540261
Farp1,0.863954047,3.16E-09
Cfap126,0.864731181,0.000984023
Gale,0.865918805,4.88E-09
Irf2bpl,0.869273372,1.60E-11
Mid2,0.869572312,0.000000136
Rab3d,0.872337244,0.000486271
Ldha,0.874223434,7.76E-08
Slc16a2,0.87542179,0.0000505
Milr1,0.876544004,0.005162878
Dpf1,0.881527212,0.0000114
Thbs3,0.882105251,0.000000185
Pou6f1,0.882649409,2.63E-11
Lbh,0.892504922,0.000000159
Fzd8,0.894216958,1.32E-08
Trpv4,0.89426789,0.0000245
Aebp1,0.894539506,2.53E-13
Ggact,0.894859308,9.92E-10
Sel1l3,0.90117011,0.00000089
Hspb1,0.903301939,0.038958497
Parvb,0.911176918,2.12E-09
Nol3,0.914587891,6.90E-09
Col16a1,0.915700489,0.0000355
Kif22,0.918458451,0.0000229
Axl,0.919278862,0.046564158
Hist1h4i,0.925022602,0.021207461
Abca5,0.927313157,9.24E-18
Srxn1,0.929153356,0.000000696
Cd48,0.934909564,0.035390258
Bend6,0.937350826,0.0000235
Tspo,0.941761207,2.04E-08
Smim3,0.942110659,0.036410774
Unc13b,0.942614418,2.07E-08
Shisa5,0.943344492,0.0000505
Nfkbiz,0.944734,0.024450675
Fyb,0.945129207,0.007572123
Brinp3,0.94601308,0.0000228
Rrad,0.947325516,0.004298943
Vwa5a,0.948542102,5.87E-09
Plx1,0.948740888,0.00000727
Pim1,0.951725278,0.004109672
Fcgr2b,0.960732437,0.032130645
Casp7,0.961629429,0.004463675
Nupr1,0.963116371,0.000108679
Ier2,0.966248757,0.006844482
Mrgpre,0.967368219,0.00000559
Psmb10,0.968031572,6.11E-09
Sgms2,0.970807329,3.03E-10
Cnih2,0.971855973,0.0000475
Stard10,0.972232859,2.84E-16
Kctd15,0.972682609,0.001387908
Tsc22d1,0.972704385,3.55E-08
Bhlhe22,0.974063088,0.00000158
Jcad,0.978403322,4.61E-12
Itpripl1,0.991952851,0.0000362
Acsl5,0.995230683,0.008288972
S100a4,1.001073489,4.78E-08
Dgat2,1.015415378,2.41E-10
Col23a1,1.01553881,0.001098735
Asns,1.017712848,0.011311496
Osm,1.035815466,0.026096832
Arrdc4,1.036725768,0.001032236
Cav2,1.045644929,0.0000068
Htatip2,1.057627644,0.0000139
Fam84b,1.058307676,0.0000114
Cntn1,1.066187234,0.000000243
Adamts1,1.075158798,2.08E-14
Ier3,1.080288245,0.00121263
Trim47,1.089545196,0.000000244
Oaf,1.094382843,9.91E-11
Fxyd3,1.09665299,0.0000189
Syne2,1.098351787,8.18E-17
Tapbpl,1.1007663,0.000079
Adgrg1,1.101648056,1.00E-10
Cox6a2,1.102229419,0.012988658
Tgif2,1.103161733,0.0000265
Lrrfip1,1.11305406,0.00265439
Cd72,1.116227998,0.016834133
Ltbr,1.121428816,1.99E-08
Ccl5,1.122743109,0.018232109
Cast,1.124443102,6.43E-09
Cpq,1.126576342,0.0000181
Phlda1,1.127002264,8.49E-16
Mpeg1,1.143893185,0.030378645
Ptprs,1.153517259,1.76E-18
Kcb1,1.15993816,3.15E-17
Gfra1,1.163058237,1.09E-15
Chchd10,1.163448452,0.000000144
Kcnip3,1.16489731,0.00000036
H2-D1,1.169748777,0.00059881
Aldh1l2,1.172260999,0.00000016
Cotl1,1.17355662,0.0000331
Parp12,1.178850348,6.86E-08
Abcb1b,1.184995137,0.0000001
Tspyl5,1.18791094,6.61E-15
H2-K1,1.189333269,0.000000861
Itgax,1.20199483,0.017868316
Dlk2,1.205976712,0.000743989
prt,1.210938253,4.54E-09
Nrtn,1.21113322,0.00000012
C1ql2,1.212090596,0.001898129
Slc15a3,1.212269362,0.01519678
Tma16,1.212836199,6.39E-13
Mmgt2,1.215238408,3.72E-08
Herc6,1.228933377,6.34E-10
Ppp2r2b,1.229167679,0.000000716
Sdc2,1.234800744,0.00000402
Stat1,1.235496878,6.67E-12
Ube2l6,1.235526364,0.024428522
Trim56,1.237117612,9.66E-10
Kcnma1,1.238357976,0.00000549
Cxcl16,1.238779054,0.045421533
C4b,1.241125241,0.000561354
Atp8b5,1.250444973,6.92E-08
Fchsd2,1.265121175,1.85E-10
Bbc3,1.273606539,4.61E-12
B2m,1.276707289,0.000127078
Smad3,1.278462652,2.16E-12
Lgals9,1.278741226,0.005201149
Sbno2,1.283401849,3.59E-11
4932438H23Rik,1.292495942,0.000150434
Fgf7,1.30361884,0.000191217
Gap43,1.304039537,0.0000191
Cela1,1.318080357,2.66E-10
H2-Ab1,1.322543079,0.010637655
Fgfrl1,1.324978494,0.0000151
Midn,1.326055391,2.65E-08
Plp2,1.327335353,0.004022146
Junb,1.334752406,0.00000126
Egr1,1.363431564,0.000144368
Baz1a,1.366406634,0.000000874
Hmox1,1.376165831,8.75E-08
Col27a1,1.378333542,1.63E-08
Eif4ebp1,1.378725463,0.024234566
1700001O22Rik,1.379829432,9.11E-09
Lpl,1.380221558,0.008848989
Cyp26b1,1.38361458,0.0000004
Dgka,1.39392588,3.56E-12
Cd52,1.403115468,0.01878027
Fam46a,1.407702714,6.87E-18
Crlf2,1.40784519,0.0000292
Irf9,1.409783941,1.27E-09
Pfkfb4,1.4143938,6.28E-10
Cntf,1.427507795,4.83E-08
Slc39a14,1.427560229,1.80E-13
Atp8a2,1.429516388,4.54E-09
H2-Eb1,1.455115164,0.001160343
Myc,1.459103494,3.62E-09
Tubb6,1.470343517,0.001494261
H2-Aa,1.472218202,0.004366446
Egr3,1.494005356,0.0000347
Zfp703,1.495069441,4.49E-12
Arl4c,1.496536889,0.0000594
Ifih1,1.498968785,0.00000831
Cd74,1.505990975,0.009490261
Rras2,1.510019024,0.000000103
Ssbp4,1.510944576,2.56E-08
Tmem202,1.513465132,3.35E-11
Gadd45a,1.513754504,2.18E-10
Pcdh7,1.538909122,7.64E-10
Inpp4a,1.538974152,1.91E-12
Serp2,1.562249115,1.35E-15
Man1a,1.563060855,6.16E-17
St8sia5,1.566273014,0.0000505
Zc3hav1,1.573223889,3.43E-11
Tap2,1.575755575,1.74E-08
S100a10,1.57657696,0.000000908
Kirrel3,1.583782184,5.60E-22
Cebpd,1.587756785,4.61E-11
Ccl2,1.606910471,0.00050425
Rab3b,1.610123478,0.000000119
Astn2,1.613290777,0.00000377
Spp1,1.614399898,0.024234566
Fosb,1.618352943,0.001251514
Klhl32,1.619705765,1.14E-12
Mylk,1.620631094,9.98E-08
Pcdhb9,1.623029639,8.26E-08
Eno2,1.624939057,7.48E-13
v3,1.625199478,2.71E-11
Klk6,1.626305774,0.000487512
Psrc1,1.658900478,0.00000202
Cmtm3,1.671385621,6.21E-10
Ang,1.672369355,1.67E-10
Masp1,1.674997022,0.00021187
Lgals3bp,1.677431547,0.000992746
Tram2,1.680000183,1.18E-12
H2-T22,1.681508961,0.000000011
Cxcl14,1.712303647,0.00000163
Klc3,1.718834224,3.54E-11
Maff,1.722534734,0.00000597
Klf4,1.723881606,0.001669695
Rgs20,1.727772806,0.000000728
Tmem176b,1.748740255,0.000103955
Ifi35,1.75208135,6.28E-08
Cdkn2a,1.764829594,0.000000103
Stx3,1.772355908,3.81E-13
Fos,1.789632334,0.000000455
Fam89a,1.791513748,9.63E-08
Nrcam,1.794447278,0.000000255
Pros1,1.802832777,0.000000102
Ephb2,1.806333342,1.81E-11
Bace2,1.81684918,0.00000529
Grik3,1.821172753,4.18E-08
Rhoj,1.821411762,2.73E-23
Btbd16,1.858766099,6.05E-17
Mgst1,1.865595637,2.13E-08
Il3ra,1.873663257,0.0000759
Cacng5,1.875875448,2.73E-08
Lgi4,1.904006421,1.30E-17
Rgl1,1.905898197,2.16E-12
Tmem176a,1.954160685,0.00011663
Myof,1.954562762,2.84E-12
Piezo2,1.954647891,0.0000014
Cac1h,1.97784749,4.71E-09
Slc9a3r2,1.987579842,1.71E-12
Atf3,2.003613915,0.000124871
Gadd45b,2.011811268,2.66E-13
Hsf4,2.017070085,0.000000117
Iigp1,2.027618433,0.001961902
St6galc5,2.028209504,1.37E-10
Trib1,2.02906982,4.83E-08
Map3k20,2.037978213,0.000000067
Rse4,2.041766151,3.57E-14
Flnc,2.069688614,1.23E-16
Klk8,2.100334067,0.012095266
Hmgcll1,2.102648177,1.53E-18
Ddx58,2.132949269,5.61E-10
Irf1,2.144135765,1.39E-08
Lgals3,2.15389592,0.002357114
Cst7,2.154088688,0.015815708
Gadd45g,2.171305835,0.00000139
Fxyd1,2.173089382,2.57E-11
Sox4,2.181292086,0.00000118
Tnfrsf12a,2.185910471,2.80E-13
Amotl1,2.230993447,5.87E-09
Ccnd1,2.234937406,0.000000053
Gpnmb,2.273086852,0.011558092
Ralgps2,2.29749999,3.98E-09
Kit,2.304371305,3.36E-13
Gdf15,2.33234438,0.00000611
Tmem140,2.341522114,2.53E-08
Eif2ak2,2.344782562,2.71E-13
Rsad2,2.354870239,0.000000106
Parp9,2.388868726,6.05E-10
Vim,2.400340882,1.05E-12
Serpi3n,2.42085,0.00000103
Cebpb,2.437102131,4.99E-08
Ifi27l2a,2.439595207,9.63E-08
Nmu,2.460911794,1.15E-12
Isg15,2.472923546,0.0000163
Egr2,2.48616719,0.000000283
Anxa2,2.490946813,1.73E-09
Cd274,2.528341126,0.000000111
Irgm1,2.529002664,7.54E-10
Adamtsl3,2.557244089,2.41E-12
Irgm2,2.577884631,3.32E-08
Psmb9,2.597105468,0.00000024
Bst2,2.626294058,6.43E-11
Fosl2,2.629663717,1.76E-09
Rtp4,2.691990137,9.17E-10
Nlrc5,2.71793319,2.50E-10
Cmpk2,2.77818585,7.58E-08
Itpripl2,2.778530039,3.33E-15
Chl1,2.801531057,0.000000003
Parp3,2.817465474,5.73E-15
Tspan4,2.837971189,5.15E-09
H2-T23,2.879205665,7.78E-09
Tnfrsf1a,2.882419138,6.86E-08
Gbp3,2.884055426,1.32E-08
Sema4f,2.888471231,0.000000654
Snx10,2.907232684,6.24E-12
Ier5l,2.938235268,1.71E-12
Socs3,2.994870035,3.63E-08
Psmb8,3.012726132,2.88E-09
Klk9,3.026195268,1.59E-11
Scn1b,3.058551127,2.37E-10
Fxyd7,3.086658164,1.94E-12
Gbp7,3.095018253,6.12E-09
Irf7,3.138333642,0.000000531
Runx1,3.160221018,1.81E-11
Cd44,3.175143476,8.46E-11
Rasip1,3.205844877,2.68E-16
Ddx60,3.222185908,4.06E-11
Tap1,3.244877157,0.000000001
Ifit3b,3.245463809,0.000000193
Pqlc3,3.254527936,8.85E-12
Igtp,3.328752051,4.34E-08
Cdkn1a,3.362275961,0.000000139
H2-Q4,3.367092272,1.04E-09
Bcl3,3.382419053,1.90E-12
Oasl2,3.391726549,2.28E-08
Tagln2,3.424979728,1.51E-10
Ifit3,3.470937142,0.0000265
Emp3,3.479376788,1.94E-10
Usp18,3.513209205,1.13E-09
Col6a2,3.621837993,0.00000109
Plvap,3.714690421,4.17E-12
Ppl,3.715872086,5.81E-14
Col13a1,3.814224752,9.92E-10
Ifit1,4.401652094,1.66E-08
Steap3,4.447697324,2.66E-11
Syt4,4.776919344,2.31E-08