,p_val,avg_log2FC,pct.1,pct.2,p_val_adj,cluster,gene
Csmd3.2,0,-1.482878453,0.775,0.911,0,3,Csmd3
8030442B05Rik.2,5.51E-138,-1.331389896,0.161,0.43,1.48E-133,3,8030442B05Rik
Gm10790.2,1.46E-190,-1.290866611,0.391,0.662,3.91E-186,3,Gm10790
Siglech.2,3.35E-177,-1.240965371,0.371,0.668,8.99E-173,3,Siglech
Selplg.2,1.1E-161,-1.207858005,0.355,0.608,2.96E-157,3,Selplg
Cdh23.2,6.54E-120,-1.063122075,0.334,0.55,1.76E-115,3,Cdh23
mt-Co3.2,1.78E-52,-1.035001308,0.147,0.279,4.78E-48,3,mt-Co3
Abca9.1,8.99E-119,-1.009072893,0.322,0.519,2.41E-114,3,Abca9
Cst3.2,6.69E-159,-0.98775648,0.777,0.857,1.8E-154,3,Cst3
Numb.2,2.38E-190,-0.961814459,0.708,0.817,6.38E-186,3,Numb
Agmo.2,5.69E-101,-0.952622054,0.418,0.594,1.53E-96,3,Agmo
St3gal6.1,5.16E-103,-0.910437447,0.37,0.554,1.39E-98,3,St3gal6
Elmo1.2,1.18E-246,-0.88490551,0.938,0.97,3.18E-242,3,Elmo1
Itga9.1,2.77E-63,-0.882943326,0.137,0.293,7.43E-59,3,Itga9
Prkca.1,2.32E-89,-0.873303284,0.435,0.577,6.21E-85,3,Prkca
mt-Co1.2,7.4E-49,-0.865946359,0.158,0.26,1.99E-44,3,mt-Co1
Rapgef5.2,4.78E-158,-0.864632983,0.705,0.826,1.28E-153,3,Rapgef5
P3h2.2,5.33E-83,-0.855021033,0.377,0.532,1.43E-78,3,P3h2
P2ry12.2,1.84E-104,-0.849313,0.529,0.702,4.92E-100,3,P2ry12
Ptgs1.2,3.86E-71,-0.837252875,0.214,0.378,1.03E-66,3,Ptgs1
Plxna4.2,4.41E-75,-0.836522619,0.401,0.518,1.18E-70,3,Plxna4
0610040J01Rik.2,9.75E-89,-0.825018432,0.395,0.563,2.62E-84,3,0610040J01Rik
Sparc.2,6.35E-81,-0.824748785,0.27,0.412,1.7E-76,3,Sparc
Gm46367.2,1.27E-89,-0.819208503,0.392,0.532,3.41E-85,3,Gm46367
Pde3b.2,4.31E-145,-0.801444654,0.735,0.85,1.16E-140,3,Pde3b
Fgd2.2,8.74E-105,-0.798181911,0.456,0.63,2.35E-100,3,Fgd2
Stab1.2,4.25E-41,-0.784586886,0.21,0.281,1.14E-36,3,Stab1
Nav3.2,6.35E-151,-0.782905035,0.809,0.875,1.7E-146,3,Nav3
Rtn1.2,1.09E-64,-0.781704386,0.289,0.411,2.93E-60,3,Rtn1
Fam102b.2,4.11E-71,-0.781150559,0.32,0.447,1.1E-66,3,Fam102b
Slc24a3.2,1.4E-64,-0.777493665,0.329,0.505,3.76E-60,3,Slc24a3
A830008E24Rik.2,1.85E-52,-0.759658652,0.248,0.38,4.97E-48,3,A830008E24Rik
Col27a1.1,1.22E-62,-0.754567062,0.202,0.331,3.27E-58,3,Col27a1
St3gal5.1,5.96E-57,-0.752567326,0.214,0.353,1.6E-52,3,St3gal5
Zfhx3.2,7.88E-171,-0.751231338,0.882,0.912,2.12E-166,3,Zfhx3
4933406I18Rik.2,2.31E-106,-0.750591456,0.629,0.732,6.2E-102,3,4933406I18Rik
Cacnb2.2,8.02E-54,-0.745497228,0.357,0.503,2.15E-49,3,Cacnb2
Nos1ap.1,5.72E-62,-0.741445415,0.215,0.327,1.54E-57,3,Nos1ap
Rhobtb1.2,5.85E-54,-0.733172807,0.177,0.321,1.57E-49,3,Rhobtb1
Capn3.1,2.73E-66,-0.731204667,0.294,0.433,7.31E-62,3,Capn3
Serinc3.2,1.49E-104,-0.727296286,0.571,0.707,3.99E-100,3,Serinc3
Whrn.1,1.08E-55,-0.723887212,0.18,0.318,2.9E-51,3,Whrn
Pmepa1.2,2.52E-62,-0.716608365,0.323,0.444,6.76E-58,3,Pmepa1
Fchsd2.2,4E-96,-0.714248362,0.654,0.757,1.07E-91,3,Fchsd2
Meg3,1.41E-49,-0.7135875,0.499,0.616,3.79E-45,3,Meg3
Gpr34.2,3.11E-73,-0.704271947,0.399,0.498,8.35E-69,3,Gpr34
Pld1.1,1.18E-73,-0.700404857,0.369,0.492,3.17E-69,3,Pld1
Tanc2.2,9.43E-204,-0.683135963,0.963,0.945,2.53E-199,3,Tanc2
Bbs9.2,3.57E-63,-0.6827098,0.423,0.527,9.59E-59,3,Bbs9
Atp8a2.2,1.45E-104,-0.679250569,0.653,0.759,3.9E-100,3,Atp8a2
Lsamp.1,1.29E-29,-0.678802848,0.275,0.402,3.46E-25,3,Lsamp
Lrba.1,3.67E-55,-0.678494141,0.306,0.403,9.84E-51,3,Lrba
Vsir.2,3.62E-73,-0.676954253,0.376,0.499,9.71E-69,3,Vsir
Slco2b1.2,2.36E-83,-0.675510612,0.612,0.728,6.34E-79,3,Slco2b1
Pde4d.1,1.91E-45,-0.670223445,0.282,0.374,5.14E-41,3,Pde4d
Prkce.1,1.82E-60,-0.669487429,0.396,0.464,4.89E-56,3,Prkce
Eef2k.2,2.76E-51,-0.661937231,0.213,0.32,7.41E-47,3,Eef2k
Hpgd.1,4.11E-40,-0.641675803,0.221,0.318,1.1E-35,3,Hpgd
Nrip1.2,4.8E-79,-0.621264226,0.513,0.593,1.29E-74,3,Nrip1
Gm26542.1,9.06E-61,-0.618678663,0.384,0.462,2.43E-56,3,Gm26542
Csf1r.2,1.16E-113,-0.618430579,0.77,0.829,3.12E-109,3,Csf1r
Chd9.1,3.9E-116,-0.616062317,0.832,0.871,1.05E-111,3,Chd9
Ivns1abp.2,1.88E-83,-0.611739141,0.676,0.725,5.05E-79,3,Ivns1abp
Dip2b.1,9.73E-103,-0.610209254,0.757,0.814,2.61E-98,3,Dip2b
Srgap2.2,4.75E-163,-0.610203744,0.952,0.951,1.27E-158,3,Srgap2
Gm32036.1,4.51E-51,-0.600812213,0.337,0.428,1.21E-46,3,Gm32036
Snhg11,4.95E-43,-0.598767835,0.478,0.565,1.33E-38,3,Snhg11
Med12l.2,3.38E-64,-0.589601865,0.435,0.515,9.07E-60,3,Med12l
Il6ra.2,1.68E-65,-0.587272403,0.428,0.52,4.51E-61,3,Il6ra
Maf,4.69E-50,-0.586323879,0.378,0.451,1.26E-45,3,Maf
Otulinl.1,9.46E-75,-0.58201359,0.572,0.655,2.54E-70,3,Otulinl
Rps6ka1.1,3.41E-48,-0.581162022,0.247,0.34,9.15E-44,3,Rps6ka1
Ccr5.1,7.79E-40,-0.577852739,0.214,0.293,2.09E-35,3,Ccr5
Kcnip4,2.25E-17,-0.573261036,0.254,0.336,6.03E-13,3,Kcnip4
Tenm2,1.41E-25,-0.571371031,0.156,0.258,3.78E-21,3,Tenm2
Cmtm7.1,3.95E-42,-0.570720562,0.238,0.328,1.06E-37,3,Cmtm7
Sall1.2,5.47E-41,-0.570235838,0.271,0.376,1.47E-36,3,Sall1
Frmd4a.2,1.38E-115,-0.565452884,0.841,0.87,3.71E-111,3,Frmd4a
Nfia.1,3.24E-58,-0.558977226,0.645,0.715,8.69E-54,3,Nfia
Arhgap45.2,5.61E-73,-0.558948135,0.669,0.739,1.5E-68,3,Arhgap45
Gm2629.2,4.65E-95,-0.557128773,0.69,0.746,1.25E-90,3,Gm2629
Entpd1.1,2.54E-60,-0.554851426,0.606,0.702,6.81E-56,3,Entpd1
Gm35188.2,4.12E-67,-0.553791847,0.709,0.739,1.11E-62,3,Gm35188
Dock10,2.86E-77,-0.552022291,0.777,0.837,7.68E-73,3,Dock10
Slc16a6.1,3.49E-52,-0.547031555,0.283,0.357,9.38E-48,3,Slc16a6
Bin2.1,6.87E-53,-0.545301318,0.34,0.411,1.84E-48,3,Bin2
Tm6sf1.1,1.02E-38,-0.544692658,0.236,0.316,2.75E-34,3,Tm6sf1
Cables1.1,1.62E-37,-0.541688308,0.272,0.354,4.34E-33,3,Cables1
Cx3cr1.2,1.6E-79,-0.539655629,0.706,0.764,4.29E-75,3,Cx3cr1
Mtus1.2,1.94E-49,-0.53703351,0.285,0.358,5.22E-45,3,Mtus1
Phyhd1.2,3.27E-67,-0.534626705,0.528,0.608,8.76E-63,3,Phyhd1
Ifitm10.1,7.97E-45,-0.533763171,0.485,0.616,2.14E-40,3,Ifitm10
Zdhhc14.1,9.92E-41,-0.533608572,0.338,0.413,2.66E-36,3,Zdhhc14
Gm26827.1,1.08E-34,-0.531520302,0.214,0.279,2.91E-30,3,Gm26827
Gria2.1,1.3E-49,-0.525978317,0.346,0.386,3.48E-45,3,Gria2
Maml3.2,2.16E-77,-0.524557375,0.843,0.864,5.8E-73,3,Maml3
Ssh2.1,8.12E-84,-0.517295826,0.853,0.9,2.18E-79,3,Ssh2
Arhgap5.2,2.14E-72,-0.512190516,0.692,0.725,5.75E-68,3,Arhgap5
Fer.1,1.26E-38,-0.507409153,0.285,0.362,3.37E-34,3,Fer
Pkig.2,1.95E-41,-0.506116878,0.313,0.381,5.24E-37,3,Pkig
Gab1.1,7.27E-32,-0.49800304,0.228,0.285,1.95E-27,3,Gab1
Phactr2.1,3.65E-42,-0.496750393,0.297,0.339,9.8E-38,3,Phactr2
Wdfy2.1,6.21E-44,-0.494944181,0.359,0.427,1.67E-39,3,Wdfy2
Cfh.2,1.67E-54,-0.493452057,0.591,0.654,4.49E-50,3,Cfh
Dapp1.1,1.5E-45,-0.492223052,0.362,0.424,4.02E-41,3,Dapp1
Tpst2.1,7.81E-38,-0.491656716,0.188,0.254,2.1E-33,3,Tpst2
Kif21b.1,1.93E-42,-0.490469202,0.259,0.324,5.17E-38,3,Kif21b
Tln2.1,9.81E-29,-0.488197283,0.209,0.29,2.63E-24,3,Tln2
Gtf2h2.2,1.37E-55,-0.482892487,0.414,0.47,3.68E-51,3,Gtf2h2
Pcdh9,3.76E-18,-0.480654766,0.263,0.326,1.01E-13,3,Pcdh9
Dock4.2,5.19E-116,-0.479130326,0.958,0.94,1.39E-111,3,Dock4
Zfp710.1,5.05E-65,-0.477997332,0.692,0.738,1.35E-60,3,Zfp710
Rbfox1,1.12E-24,-0.477109053,0.316,0.382,3.02E-20,3,Rbfox1
Ankrd44.1,2.38E-71,-0.473717348,0.778,0.812,6.39E-67,3,Ankrd44
Rgs10.2,3.27E-55,-0.470534283,0.455,0.509,8.77E-51,3,Rgs10
Gng2,1.53E-50,-0.467722392,0.388,0.42,4.1E-46,3,Gng2
Ntpcr.1,2.74E-42,-0.462794342,0.247,0.305,7.36E-38,3,Ntpcr
Ints6l.2,3.73E-46,-0.461871482,0.549,0.613,1E-41,3,Ints6l
Mapk14.1,9.77E-52,-0.461348082,0.413,0.464,2.62E-47,3,Mapk14
Gm50035.2,1.95E-49,-0.460300586,0.361,0.414,5.22E-45,3,Gm50035
Lgmn.2,3.75E-63,-0.46005366,0.738,0.776,1.01E-58,3,Lgmn
Usp24.1,6.94E-57,-0.458528815,0.406,0.438,1.86E-52,3,Usp24
Dlg2.1,3.73E-16,-0.458309433,0.259,0.328,1E-11,3,Dlg2
B430010I23Rik.2,1.56E-28,-0.458073696,0.25,0.314,4.17E-24,3,B430010I23Rik
Ophn1.1,2.7E-67,-0.455316231,0.801,0.842,7.25E-63,3,Ophn1
Map4k4.1,5.59E-73,-0.452991109,0.598,0.614,1.5E-68,3,Map4k4
Ulk2.1,2.38E-57,-0.451827637,0.581,0.624,6.4E-53,3,Ulk2
Bin1.1,4.56E-66,-0.451005218,0.689,0.727,1.22E-61,3,Bin1
Nrg3,8.97E-17,-0.450409276,0.224,0.292,2.41E-12,3,Nrg3
Pik3r1.1,3.93E-53,-0.443180314,0.512,0.55,1.05E-48,3,Pik3r1
Man1a.1,1.38E-38,-0.442201164,0.401,0.447,3.7E-34,3,Man1a
Cd33.2,4.93E-33,-0.442056439,0.262,0.329,1.32E-28,3,Cd33
Csmd1,9.57E-18,-0.441996478,0.173,0.251,2.57E-13,3,Csmd1
Sipa1l1.1,3.17E-38,-0.43948463,0.377,0.429,8.51E-34,3,Sipa1l1
Scamp2.1,1.73E-48,-0.43817681,0.335,0.373,4.64E-44,3,Scamp2
Sh3pxd2a.1,1.09E-43,-0.436351825,0.357,0.406,2.92E-39,3,Sh3pxd2a
Fnbp1.1,5.75E-44,-0.43106181,0.553,0.593,1.54E-39,3,Fnbp1
Celf2.1,7.56E-57,-0.429851696,0.847,0.857,2.03E-52,3,Celf2
Rock2.1,1.08E-50,-0.426715086,0.552,0.589,2.89E-46,3,Rock2
Cadm2,7.1E-21,-0.42641963,0.252,0.287,1.91E-16,3,Cadm2
Adap2.1,1.05E-61,-0.426147678,0.706,0.727,2.82E-57,3,Adap2
Ifngr1,5.92E-35,-0.424989264,0.255,0.305,1.59E-30,3,Ifngr1
4930444A19Rik.1,6.77E-36,-0.424307172,0.373,0.409,1.82E-31,3,4930444A19Rik
Pard3b.2,5.75E-42,-0.423181608,0.436,0.453,1.54E-37,3,Pard3b
Lrp1b,8.75E-25,-0.422514302,0.216,0.253,2.35E-20,3,Lrp1b
Nr6a1.1,1.99E-38,-0.422405236,0.483,0.518,5.34E-34,3,Nr6a1
2610203C22Rik.1,1.29E-35,-0.420710006,0.338,0.377,3.45E-31,3,2610203C22Rik
Fhit.1,1.92E-26,-0.420601276,0.47,0.513,5.15E-22,3,Fhit
Inpp5d.1,9.87E-88,-0.418571198,0.954,0.957,2.65E-83,3,Inpp5d
Syt1,1.17E-27,-0.413410477,0.27,0.28,3.13E-23,3,Syt1
Wdr44.1,1.37E-40,-0.410619264,0.3,0.337,3.69E-36,3,Wdr44
Wasf2.1,2.12E-63,-0.41017938,0.653,0.667,5.69E-59,3,Wasf2
Sipa1.1,8.77E-32,-0.409780342,0.211,0.264,2.35E-27,3,Sipa1
Fry.1,5.94E-30,-0.409584103,0.29,0.333,1.6E-25,3,Fry
E230029C05Rik.2,1.13E-48,-0.407723486,0.713,0.743,3.02E-44,3,E230029C05Rik
Rabgap1l.2,7.6E-30,-0.406052212,0.251,0.252,2.04E-25,3,Rabgap1l
Sdk1.2,7.52E-21,-0.405058238,0.281,0.308,2.02E-16,3,Sdk1
Nrxn1,1.77E-17,-0.404145277,0.25,0.297,4.75E-13,3,Nrxn1
Mlph.2,5.23E-27,-0.399373441,0.222,0.275,1.4E-22,3,Mlph
Golm1.2,6.34E-46,-0.398132521,0.421,0.447,1.7E-41,3,Golm1
Dennd4a.1,4.2E-54,-0.397934983,0.773,0.796,1.13E-49,3,Dennd4a
Ssbp2.1,7.47E-28,-0.393673359,0.386,0.436,2.01E-23,3,Ssbp2
Rcsd1.1,3.54E-37,-0.392059423,0.384,0.424,9.51E-33,3,Rcsd1
Soga1.1,7.2E-55,-0.391677751,0.498,0.505,1.93E-50,3,Soga1
Tcf7l2.1,8E-30,-0.384162221,0.3,0.338,2.15E-25,3,Tcf7l2
Fkbp5.1,4.49E-34,-0.382204515,0.407,0.42,1.2E-29,3,Fkbp5
Atg16l2.1,1.58E-33,-0.381546472,0.242,0.26,4.25E-29,3,Atg16l2
Cd81.2,8.24E-44,-0.378530825,0.426,0.445,2.21E-39,3,Cd81
Ptprd,1.53E-14,-0.377419077,0.241,0.282,4.11E-10,3,Ptprd
Cryl1.1,4.57E-36,-0.372568209,0.27,0.295,1.23E-31,3,Cryl1
Inpp4b,5.36E-34,-0.370672534,0.857,0.867,1.44E-29,3,Inpp4b
Gm17231.1,1.06E-20,-0.369472772,0.23,0.274,2.84E-16,3,Gm17231
Mertk.2,7.29E-69,-0.369012836,0.921,0.92,1.96E-64,3,Mertk
Tjp1.1,5.39E-44,-0.368574673,0.354,0.367,1.45E-39,3,Tjp1
Phf14.2,2.33E-54,-0.3633579,0.65,0.649,6.26E-50,3,Phf14
Tubgcp5.2,2.24E-36,-0.3617319,0.404,0.432,6.02E-32,3,Tubgcp5
Trim2.1,1.61E-38,-0.35995834,0.238,0.252,4.32E-34,3,Trim2
March1.1,3.19E-33,-0.357593295,0.57,0.593,8.57E-29,3,44986
Adap2os.1,2.02E-40,-0.354852007,0.501,0.525,5.43E-36,3,Adap2os
Mgat4a.2,3.92E-42,-0.353487535,0.565,0.582,1.05E-37,3,Mgat4a
Sort1.2,1.85E-30,-0.352942293,0.257,0.285,4.98E-26,3,Sort1
Apc.1,7.89E-58,-0.351629745,0.467,0.457,2.12E-53,3,Apc
Nav2.2,2.18E-87,-0.351272978,0.953,0.923,5.84E-83,3,Nav2
Prex1.1,2.34E-49,-0.34903362,0.565,0.576,6.27E-45,3,Prex1
Scoc.2,3.92E-44,-0.346607655,0.304,0.323,1.05E-39,3,Scoc
Lpcat2.1,4.67E-45,-0.346577859,0.708,0.735,1.25E-40,3,Lpcat2
Qk.2,1.34E-58,-0.346534449,0.941,0.937,3.6E-54,3,Qk
Slc7a8.1,3.32E-33,-0.345267278,0.48,0.505,8.92E-29,3,Slc7a8
Rassf2.1,2.17E-34,-0.344270623,0.299,0.323,5.82E-30,3,Rassf2
Plcl2.1,5.87E-51,-0.344203526,0.809,0.796,1.58E-46,3,Plcl2
Fcrls.2,8.88E-32,-0.343319982,0.451,0.485,2.38E-27,3,Fcrls
Pten.1,5.42E-45,-0.341521143,0.458,0.467,1.46E-40,3,Pten
Slc9a9.1,6.62E-33,-0.340812185,0.843,0.868,1.78E-28,3,Slc9a9
Smarca2.1,1.23E-40,-0.340174097,0.422,0.443,3.3E-36,3,Smarca2
Laptm5.1,1.14E-39,-0.338629598,0.413,0.431,3.05E-35,3,Laptm5
Rtn4rl1.2,1.17E-25,-0.337265252,0.361,0.401,3.13E-21,3,Rtn4rl1
Itgam.1,4.38E-32,-0.335668444,0.525,0.571,1.18E-27,3,Itgam
Git2.1,1.09E-41,-0.335061693,0.514,0.532,2.93E-37,3,Git2
Tbc1d16.1,1.26E-28,-0.333975246,0.374,0.411,3.38E-24,3,Tbc1d16
Gm42418.1,1.27E-30,-0.333348838,0.986,0.982,3.42E-26,3,Gm42418
Acss1.1,7.15E-27,-0.330710442,0.292,0.321,1.92E-22,3,Acss1
Ncf1.1,1.39E-25,-0.327869821,0.282,0.321,3.73E-21,3,Ncf1
Pik3cg.1,3.52E-30,-0.319742477,0.246,0.268,9.44E-26,3,Pik3cg
Cask.1,7.94E-37,-0.319412994,0.498,0.497,2.13E-32,3,Cask
Sncaip.1,2.21E-18,-0.316418975,0.264,0.297,5.93E-14,3,Sncaip
Rptor.2,2.02E-43,-0.315751687,0.653,0.658,5.41E-39,3,Rptor
Aftph,8.66E-41,-0.315620335,0.517,0.517,2.32E-36,3,Aftph
Cds1.2,5.37E-37,-0.313859611,0.265,0.279,1.44E-32,3,Cds1
Slc12a6.1,6.11E-42,-0.310658609,0.626,0.632,1.64E-37,3,Slc12a6
Ppp1r21.1,7.82E-37,-0.309152756,0.332,0.341,2.1E-32,3,Ppp1r21
Map3k3.1,1.98E-39,-0.308951241,0.482,0.491,5.3E-35,3,Map3k3
Fli1.1,6.92E-38,-0.307503017,0.808,0.831,1.86E-33,3,Fli1
Pip4k2a.1,8.58E-46,-0.306173899,0.83,0.826,2.3E-41,3,Pip4k2a
Csad.1,4.03E-32,-0.305566174,0.26,0.272,1.08E-27,3,Csad
Kdm2b.1,7.27E-29,-0.305068539,0.289,0.302,1.95E-24,3,Kdm2b
Tsc22d4.1,1.39E-35,-0.302958894,0.383,0.39,3.72E-31,3,Tsc22d4
Gna15.1,2.58E-30,-0.300791278,0.332,0.354,6.92E-26,3,Gna15
Arid4a.1,8.73E-38,-0.298511911,0.389,0.4,2.34E-33,3,Arid4a
Gtf2i.1,8.42E-38,-0.295292953,0.366,0.368,2.26E-33,3,Gtf2i
Zeb1.1,2.96E-28,-0.294420979,0.617,0.631,7.94E-24,3,Zeb1
Klf3.1,1.53E-29,-0.290707449,0.269,0.288,4.11E-25,3,Klf3
Cttnbp2nl.1,3.11E-33,-0.290032612,0.584,0.592,8.35E-29,3,Cttnbp2nl
Mvb12b.2,7.74E-32,-0.289204913,0.43,0.44,2.08E-27,3,Mvb12b
Znrf1,1.48E-19,-0.287495362,0.266,0.287,3.98E-15,3,Znrf1
Picalm.1,1.58E-30,-0.285871245,0.743,0.755,4.25E-26,3,Picalm
Abi3.1,5.94E-33,-0.284307006,0.407,0.42,1.59E-28,3,Abi3
Ttc7,3.19E-26,-0.280463581,0.237,0.255,8.57E-22,3,Ttc7
Pag1.2,1.66E-49,-0.279865116,0.9,0.876,4.45E-45,3,Pag1
Ptprj.1,4.43E-33,-0.279374722,0.825,0.836,1.19E-28,3,Ptprj
Nr3c2,7.5E-22,-0.278249862,0.349,0.353,2.01E-17,3,Nr3c2
Arsb.1,6.26E-31,-0.277544831,0.44,0.43,1.68E-26,3,Arsb
Ikzf1.1,4.75E-35,-0.277235199,0.832,0.833,1.27E-30,3,Ikzf1
Pwwp2a.1,3.15E-44,-0.275493471,0.506,0.491,8.44E-40,3,Pwwp2a
Abl1.1,1.08E-33,-0.275252718,0.372,0.374,2.89E-29,3,Abl1
Vav2.1,2.16E-26,-0.275038121,0.317,0.335,5.8E-22,3,Vav2
Plcl1.1,6.15E-40,-0.273916209,0.869,0.845,1.65E-35,3,Plcl1
Ubash3b.1,8.63E-35,-0.273423834,0.783,0.771,2.32E-30,3,Ubash3b
Rap1gds1.1,7.33E-44,-0.273227987,0.791,0.772,1.97E-39,3,Rap1gds1
Foxn3.1,2.57E-29,-0.271269124,0.898,0.904,6.9E-25,3,Foxn3
Bmp2k.1,7.75E-46,-0.267552085,0.739,0.707,2.08E-41,3,Bmp2k
Arglu1.1,1.84E-43,-0.267355746,0.524,0.508,4.93E-39,3,Arglu1
Pik3cd,1.46E-28,-0.266533729,0.451,0.454,3.92E-24,3,Pik3cd
Ppp1r9a.1,1.2E-35,-0.266473793,0.695,0.679,3.21E-31,3,Ppp1r9a
Hpgds.1,5.8E-44,-0.265925163,0.779,0.765,1.56E-39,3,Hpgds
Tnrc6b,4.21E-35,-0.265046164,0.646,0.628,1.13E-30,3,Tnrc6b
Rfx3.1,2.14E-36,-0.262627887,0.308,0.295,5.76E-32,3,Rfx3
Herc2.1,5.98E-50,-0.26089206,0.669,0.636,1.6E-45,3,Herc2
Il10ra.1,1.52E-34,-0.260582246,0.399,0.405,4.08E-30,3,Il10ra
Hexb.2,6.17E-55,-0.259930291,0.952,0.908,1.66E-50,3,Hexb
Arrb2.1,2.71E-22,-0.258752765,0.253,0.27,7.26E-18,3,Arrb2
Fam91a1.1,1.23E-29,-0.257426141,0.314,0.321,3.31E-25,3,Fam91a1
Tab2,2.25E-39,-0.256980309,0.392,0.382,6.04E-35,3,Tab2
Tia1,1.04E-30,-0.252457752,0.251,0.251,2.8E-26,3,Tia1
Asxl1,8.88E-28,-0.250824745,0.393,0.391,2.38E-23,3,Asxl1
9130015G15Rik.1,9.59E-27,-0.24945306,0.273,0.276,2.57E-22,3,9130015G15Rik
Jarid2,8.3E-30,-0.247489651,0.304,0.301,2.23E-25,3,Jarid2
Rp2.1,2.99E-24,-0.247095606,0.252,0.256,8.01E-20,3,Rp2
Rgl1,6.76E-16,-0.246593064,0.234,0.259,1.81E-11,3,Rgl1
Nbea.1,1.54E-25,-0.246583957,0.389,0.379,4.14E-21,3,Nbea
Epb41l2.1,1E-48,-0.245301505,0.944,0.905,2.7E-44,3,Epb41l2
Calm2.1,2.42E-29,-0.245264246,0.308,0.302,6.5E-25,3,Calm2
Atxn1.1,3.24E-26,-0.245140882,0.552,0.518,8.68E-22,3,Atxn1
AW554918,7.82E-31,-0.243896228,0.344,0.331,2.1E-26,3,AW554918
Rnf216.1,2.05E-41,-0.243857337,0.679,0.652,5.49E-37,3,Rnf216
Dleu2.1,4.73E-31,-0.243768101,0.888,0.876,1.27E-26,3,Dleu2
Gspt1.1,2.34E-25,-0.242552477,0.256,0.258,6.28E-21,3,Gspt1
Tacc1.1,1.2E-35,-0.241186583,0.63,0.604,3.21E-31,3,Tacc1
Agps.2,3.97E-35,-0.240809682,0.431,0.416,1.07E-30,3,Agps
Zmynd11.1,4.39E-34,-0.238989532,0.374,0.367,1.18E-29,3,Zmynd11
Sik2.1,1.24E-32,-0.238345827,0.361,0.348,3.32E-28,3,Sik2
Wnk1.1,2.03E-37,-0.237785777,0.829,0.807,5.44E-33,3,Wnk1
Fam49b.1,1.5E-40,-0.23675204,0.883,0.856,4.04E-36,3,Fam49b
Ccm2,2.26E-20,-0.235355427,0.245,0.252,6.08E-16,3,Ccm2
Sdccag8.1,3.57E-33,-0.233851267,0.433,0.419,9.57E-29,3,Sdccag8
Smad3.1,6.39E-26,-0.2332763,0.371,0.368,1.71E-21,3,Smad3
Srrm2.1,2.65E-28,-0.23300956,0.808,0.798,7.12E-24,3,Srrm2
Rbm5,1.76E-43,-0.232771874,0.516,0.493,4.71E-39,3,Rbm5
Zfp608.1,2.69E-32,-0.232535192,0.389,0.372,7.23E-28,3,Zfp608
Pacs1,6.29E-24,-0.232176112,0.418,0.411,1.69E-19,3,Pacs1
Akap8l.1,2.13E-43,-0.232099225,0.529,0.5,5.72E-39,3,Akap8l
Stambpl1.1,4.98E-26,-0.230275085,0.265,0.262,1.34E-21,3,Stambpl1
Parp8,2.03E-23,-0.229238445,0.55,0.551,5.44E-19,3,Parp8
Snx6,4.45E-32,-0.225264918,0.314,0.301,1.19E-27,3,Snx6
Ppcdc.2,1.38E-33,-0.221931843,0.47,0.45,3.71E-29,3,Ppcdc
Clasp2.1,7.53E-42,-0.221427355,0.671,0.635,2.02E-37,3,Clasp2
4930517O19Rik.2,6.77E-22,-0.22082858,0.33,0.324,1.82E-17,3,4930517O19Rik
F11r.1,3.14E-29,-0.220067703,0.405,0.396,8.41E-25,3,F11r
Arhgap22.1,2.49E-20,-0.219342089,0.558,0.56,6.68E-16,3,Arhgap22
Senp2.2,2.1E-36,-0.218168481,0.452,0.43,5.64E-32,3,Senp2
Rapgef1.1,8.9E-30,-0.218130213,0.459,0.45,2.39E-25,3,Rapgef1
Anks1,3.79E-41,-0.218076131,0.431,0.402,1.02E-36,3,Anks1
Pitpnc1.1,3.22E-14,-0.216378251,0.736,0.741,8.64E-10,3,Pitpnc1
Dock8.1,7.55E-25,-0.215960906,0.877,0.879,2.03E-20,3,Dock8
Itpr2.1,4.43E-37,-0.215351061,0.658,0.629,1.19E-32,3,Itpr2
Prkn.1,4.56E-22,-0.213736366,0.691,0.679,1.22E-17,3,Prkn
Spi1.1,2.12E-36,-0.213734001,0.402,0.381,5.69E-32,3,Spi1
Pld4.1,6E-26,-0.212915471,0.29,0.289,1.61E-21,3,Pld4
Snrnp70.1,6.05E-45,-0.212545552,0.688,0.647,1.62E-40,3,Snrnp70
Arid1a.1,1.29E-36,-0.210740539,0.524,0.499,3.47E-32,3,Arid1a
Fermt3.1,1.24E-30,-0.210699624,0.444,0.427,3.34E-26,3,Fermt3
Tbc1d9.1,4.93E-30,-0.210142433,0.427,0.404,1.32E-25,3,Tbc1d9
Rnf169,1.79E-26,-0.209838,0.512,0.494,4.81E-22,3,Rnf169
Strada.1,1.31E-27,-0.209817069,0.262,0.253,3.52E-23,3,Strada
Fam117b.1,6.19E-31,-0.20905476,0.363,0.343,1.66E-26,3,Fam117b
Helz,1.2E-33,-0.208891006,0.358,0.338,3.21E-29,3,Helz
P2rx7.2,1.71E-34,-0.206709164,0.479,0.422,4.59E-30,3,P2rx7
Cep170.1,2.25E-28,-0.206672743,0.37,0.361,6.03E-24,3,Cep170
Mef2a.1,6.4E-34,-0.206640591,0.969,0.936,1.72E-29,3,Mef2a
Tmem135.2,8.68E-44,-0.206121736,0.629,0.584,2.33E-39,3,Tmem135
Rhoh.1,5.87E-26,-0.20503296,0.424,0.415,1.57E-21,3,Rhoh
Thada,1.47E-45,-0.203858518,0.421,0.381,3.94E-41,3,Thada
Snx29.1,2.37E-21,-0.202921968,0.858,0.859,6.36E-17,3,Snx29
Cebpz.1,7.4E-24,-0.20209591,0.253,0.253,1.98E-19,3,Cebpz
Dennd1a.2,4.93E-30,-0.202060036,0.619,0.586,1.32E-25,3,Dennd1a
Apbb1ip.2,6.26E-25,-0.201486648,0.87,0.868,1.68E-20,3,Apbb1ip
Kat6a,5.99E-33,-0.199510163,0.412,0.393,1.61E-28,3,Kat6a
Casp8,4.29E-31,-0.198832028,0.347,0.332,1.15E-26,3,Casp8
Apba1.1,5.92E-19,-0.196305367,0.509,0.499,1.59E-14,3,Apba1
Slc36a1.1,7.65E-22,-0.196141993,0.266,0.266,2.05E-17,3,Slc36a1
Vrk2.1,5.62E-26,-0.193988576,0.446,0.436,1.51E-21,3,Vrk2
Plxdc2.2,9.43E-72,-0.19283374,0.973,0.929,2.53E-67,3,Plxdc2
Acap2.1,4.83E-37,-0.19039221,0.678,0.645,1.3E-32,3,Acap2
Zfp652.1,1.64E-29,-0.1900603,0.615,0.589,4.41E-25,3,Zfp652
Mon2,3.74E-27,-0.189300202,0.367,0.352,1E-22,3,Mon2
Cntrl,1.29E-26,-0.187972973,0.296,0.285,3.46E-22,3,Cntrl
Itm2b.1,4.91E-34,-0.186591684,0.694,0.659,1.32E-29,3,Itm2b
Epc2,2.06E-25,-0.185755088,0.27,0.258,5.53E-21,3,Epc2
Mbnl1,2.23E-13,-0.185742655,0.917,0.915,5.97E-09,3,Mbnl1
AC149090.1,8.11E-29,-0.185681627,0.863,0.828,2.18E-24,3,AC149090.1
Rcbtb2.1,6.77E-25,-0.18475613,0.44,0.421,1.82E-20,3,Rcbtb2
Gm16337.1,2.95E-24,-0.184235328,0.419,0.405,7.93E-20,3,Gm16337
Lrp5.1,3.35E-24,-0.183543222,0.27,0.264,8.98E-20,3,Lrp5
Sesn1,5.6E-26,-0.183408608,0.296,0.278,1.5E-21,3,Sesn1
Itch,1.34E-30,-0.183393853,0.537,0.511,3.61E-26,3,Itch
Camk1.1,4.91E-34,-0.18222247,0.395,0.368,1.32E-29,3,Camk1
Dnm2.1,1.34E-34,-0.181860777,0.537,0.509,3.6E-30,3,Dnm2
Mtr.1,7.23E-29,-0.180145138,0.255,0.243,1.94E-24,3,Mtr
Pnisr.1,2.35E-29,-0.179319827,0.575,0.545,6.3E-25,3,Pnisr
Map3k5,3.91E-20,-0.178708279,0.447,0.442,1.05E-15,3,Map3k5
Ncoa3,4.23E-37,-0.178503871,0.465,0.427,1.13E-32,3,Ncoa3
Bicra.1,1.74E-18,-0.178045872,0.31,0.307,4.68E-14,3,Bicra
Gdi2.1,5.31E-38,-0.177293237,0.521,0.482,1.43E-33,3,Gdi2
Chd6,1.19E-41,-0.177004521,0.428,0.382,3.2E-37,3,Chd6
Mapkap1,2.52E-33,-0.176310978,0.368,0.337,6.75E-29,3,Mapkap1
Ldlrad4.1,2.19E-28,-0.175928011,0.956,0.92,5.87E-24,3,Ldlrad4
Foxp1.1,1.4E-22,-0.175915452,0.698,0.653,3.77E-18,3,Foxp1
Msi2,6.35E-29,-0.175695358,0.462,0.424,1.7E-24,3,Msi2
Unc93b1.2,8.84E-33,-0.174827344,0.743,0.703,2.37E-28,3,Unc93b1
Gfm2.1,2.02E-30,-0.174764858,0.37,0.348,5.42E-26,3,Gfm2
Tnrc18,1.9E-45,-0.174321051,0.432,0.382,5.11E-41,3,Tnrc18
Vgll4.1,7.72E-31,-0.173451981,0.397,0.368,2.07E-26,3,Vgll4
Ndfip1,3.31E-31,-0.173279951,0.361,0.328,8.88E-27,3,Ndfip1
E2f3.2,2.98E-31,-0.172574645,0.396,0.364,8E-27,3,E2f3
Evi5.1,2.23E-30,-0.172262917,0.302,0.274,5.98E-26,3,Evi5
Kdm3b.1,2.14E-32,-0.171367706,0.439,0.408,5.75E-28,3,Kdm3b
Osbpl11.1,6.81E-32,-0.170597811,0.474,0.443,1.83E-27,3,Osbpl11
Dpysl2.1,9.99E-16,-0.170361441,0.297,0.297,2.68E-11,3,Dpysl2
Mia2,2.12E-36,-0.168397044,0.403,0.363,5.7E-32,3,Mia2
Bach2.1,1.99E-26,-0.16823405,0.588,0.541,5.34E-22,3,Bach2
Arhgef6,3.52E-28,-0.168141827,0.305,0.281,9.44E-24,3,Arhgef6
Ip6k1,6.59E-43,-0.166459337,0.336,0.298,1.77E-38,3,Ip6k1
2610020C07Rik.1,2.15E-28,-0.165237026,0.29,0.264,5.77E-24,3,2610020C07Rik
Rreb1.1,6.88E-18,-0.164196849,0.883,0.869,1.85E-13,3,Rreb1
Arhgap12.1,6.46E-34,-0.163893155,0.497,0.456,1.73E-29,3,Arhgap12
Ubr3,1.02E-31,-0.163157052,0.443,0.41,2.74E-27,3,Ubr3
Smurf2,1.19E-40,-0.161622704,0.459,0.417,3.2E-36,3,Smurf2
Atf7ip,7.15E-44,-0.161385581,0.444,0.391,1.92E-39,3,Atf7ip
Armh3.1,4.98E-25,-0.161309015,0.315,0.297,1.34E-20,3,Armh3
Stk4.1,9.21E-28,-0.1611467,0.324,0.301,2.47E-23,3,Stk4
Atp2c1.1,7.19E-35,-0.160965221,0.496,0.449,1.93E-30,3,Atp2c1
Ktn1,1.3E-35,-0.160634871,0.454,0.413,3.5E-31,3,Ktn1
Jak1,1.13E-29,-0.16010724,0.466,0.426,3.02E-25,3,Jak1
Rbpj.2,3.13E-49,-0.158928112,0.464,0.307,8.39E-45,3,Rbpj
Tpm3,4.58E-39,-0.15860736,0.469,0.426,1.23E-34,3,Tpm3
Fbrsl1.1,6.05E-25,-0.158594866,0.384,0.365,1.62E-20,3,Fbrsl1
Fut8,1.21E-21,-0.158057975,0.29,0.271,3.26E-17,3,Fut8
Lysmd4.1,9.68E-27,-0.157407485,0.823,0.771,2.6E-22,3,Lysmd4
Copg2,1.13E-25,-0.157277344,0.316,0.289,3.03E-21,3,Copg2
Frmd4b,1.67E-22,-0.157233491,0.851,0.82,4.48E-18,3,Frmd4b
Sfpq,8.03E-41,-0.155571701,0.472,0.426,2.16E-36,3,Sfpq
Bcl9.1,7.44E-29,-0.155498718,0.269,0.243,2E-24,3,Bcl9
Stag2,5.23E-34,-0.153882243,0.461,0.42,1.4E-29,3,Stag2
Dcakd.1,1.99E-25,-0.153877112,0.317,0.294,5.33E-21,3,Dcakd
Itga6.2,8.75E-21,-0.153507902,0.498,0.47,2.35E-16,3,Itga6
4732471J01Rik,3.66E-27,-0.153383395,0.26,0.236,9.82E-23,3,4732471J01Rik
Mef2d.1,1.64E-26,-0.152601059,0.321,0.301,4.4E-22,3,Mef2d
Pkn1,7.57E-40,-0.15213858,0.406,0.365,2.03E-35,3,Pkn1
Mef2c.1,1.72E-17,-0.15147618,0.912,0.898,4.63E-13,3,Mef2c
Disc1.1,1.9E-29,-0.151413137,0.339,0.311,5.1E-25,3,Disc1
Nuak1.1,8.21E-25,-0.151395636,0.45,0.42,2.2E-20,3,Nuak1
Pbx3,3.26E-19,-0.15115428,0.321,0.299,8.73E-15,3,Pbx3
Med13l,4.52E-28,-0.151106901,0.535,0.498,1.21E-23,3,Med13l
Epb41,5.94E-32,-0.149950403,0.323,0.284,1.59E-27,3,Epb41
Rffl.1,1.62E-19,-0.149638276,0.42,0.397,4.34E-15,3,Rffl
Tspan14.1,4.54E-36,-0.148505671,0.446,0.405,1.22E-31,3,Tspan14
5330438D12Rik.1,2.36E-31,-0.148403892,0.676,0.621,6.34E-27,3,5330438D12Rik
Ccni,6.36E-21,-0.148208496,0.25,0.236,1.71E-16,3,Ccni
Phf21a,9.14E-21,-0.147790525,0.647,0.614,2.45E-16,3,Phf21a
Adam10.1,1.66E-42,-0.147708941,0.468,0.412,4.44E-38,3,Adam10
Myo18a,1.17E-20,-0.147685663,0.251,0.237,3.15E-16,3,Myo18a
Specc1.1,4.3E-31,-0.147562212,0.728,0.676,1.15E-26,3,Specc1
Fcho2,8.55E-32,-0.147145422,0.651,0.604,2.3E-27,3,Fcho2
Klf12.2,1.8E-29,-0.14697665,0.649,0.593,4.84E-25,3,Klf12
Crlf3,5.61E-37,-0.145933492,0.536,0.486,1.51E-32,3,Crlf3
P2ry6.1,1.72E-31,-0.145507866,0.438,0.4,4.63E-27,3,P2ry6
Trio.1,1.36E-32,-0.144908137,0.525,0.481,3.64E-28,3,Trio
Nfatc1,3.35E-22,-0.144509946,0.302,0.287,9E-18,3,Nfatc1
Cyfip1.1,7.34E-28,-0.143706963,0.743,0.698,1.97E-23,3,Cyfip1
Rsf1,2.87E-31,-0.143653695,0.399,0.357,7.71E-27,3,Rsf1
Lpin2.1,4.56E-35,-0.142263293,0.528,0.48,1.22E-30,3,Lpin2
Rbm39,1.78E-19,-0.141787619,0.851,0.827,4.79E-15,3,Rbm39
Hook3,1.44E-38,-0.141223502,0.425,0.376,3.86E-34,3,Hook3
Rab43,6.15E-22,-0.141106555,0.26,0.244,1.65E-17,3,Rab43
Cd300c2.1,9.5E-25,-0.140773721,0.292,0.272,2.55E-20,3,Cd300c2
Fam168a.1,1.75E-31,-0.139797907,0.442,0.396,4.69E-27,3,Fam168a
Kif13a,2.25E-30,-0.13940483,0.306,0.275,6.05E-26,3,Kif13a
Cd37.1,3.66E-29,-0.138596153,0.479,0.437,9.81E-25,3,Cd37
Fyco1,3.53E-24,-0.137965671,0.27,0.248,9.46E-20,3,Fyco1
Nckap1l.1,5.47E-28,-0.137807065,0.579,0.54,1.47E-23,3,Nckap1l
Sppl3,1.87E-39,-0.137460622,0.558,0.498,5.01E-35,3,Sppl3
Srsf7,8.8E-34,-0.137457776,0.455,0.409,2.36E-29,3,Srsf7
Tmem273.1,9.36E-28,-0.137266734,0.281,0.256,2.51E-23,3,Tmem273
Slc8a1.1,1.75E-17,-0.136579905,0.952,0.924,4.69E-13,3,Slc8a1
Wwp1.1,2.4E-26,-0.136559826,0.342,0.292,6.44E-22,3,Wwp1
Usp3,3.01E-20,-0.134521434,0.317,0.295,8.07E-16,3,Usp3
Adcy9,3.09E-26,-0.134257519,0.346,0.311,8.29E-22,3,Adcy9
Phf20,5.88E-26,-0.133872349,0.365,0.33,1.58E-21,3,Phf20
Nlk,1.63E-40,-0.133518149,0.434,0.375,4.37E-36,3,Nlk
Rbm26,4.62E-28,-0.13318732,0.594,0.549,1.24E-23,3,Rbm26
Stk10.1,2.56E-17,-0.13108476,0.324,0.304,6.86E-13,3,Stk10
Ppp3ca,1.29E-18,-0.130965213,0.848,0.81,3.47E-14,3,Ppp3ca
Hck.1,7.4E-11,-0.130119089,0.433,0.44,0.00000199,3,Hck
Setd2,1.02E-38,-0.129303556,0.481,0.427,2.73E-34,3,Setd2
Tulp4,2.6E-24,-0.128875299,0.336,0.303,6.97E-20,3,Tulp4
Rb1cc1,3.29E-27,-0.128732633,0.347,0.314,8.82E-23,3,Rb1cc1
Iffo1.1,2.67E-26,-0.128708847,0.321,0.292,7.17E-22,3,Iffo1
Son.1,6.06E-32,-0.128429817,0.876,0.817,1.63E-27,3,Son
Rin3.1,1.24E-21,-0.128361771,0.308,0.286,3.32E-17,3,Rin3
Sfi1,3.53E-21,-0.127791731,0.264,0.246,9.48E-17,3,Sfi1
Rab31.1,8.76E-22,-0.127198891,0.522,0.484,2.35E-17,3,Rab31
Spire1.2,5.61E-45,-0.127182375,0.536,0.472,1.51E-40,3,Spire1
Pou2f2.1,9.73E-18,-0.127155266,0.582,0.557,2.61E-13,3,Pou2f2
Il6st.1,1.77E-23,-0.126928704,0.361,0.333,4.75E-19,3,Il6st
Zranb2,1.46E-36,-0.126859093,0.384,0.335,3.93E-32,3,Zranb2
Lrch1.1,1.28E-27,-0.126515248,0.832,0.782,3.44E-23,3,Lrch1
B4galt1,4.11E-25,-0.126475362,0.452,0.417,1.1E-20,3,B4galt1
Ttc39b,7.56E-34,-0.126381055,0.263,0.226,2.03E-29,3,Ttc39b
Dennd5a.1,8.79E-22,-0.126367426,0.372,0.347,2.36E-17,3,Dennd5a
Syk,5.14E-21,-0.126286873,0.381,0.354,1.38E-16,3,Syk
Mkln1,6.38E-39,-0.126249768,0.578,0.515,1.71E-34,3,Mkln1
Camk1d,2.25E-17,-0.124821983,0.907,0.886,6.05E-13,3,Camk1d
Ube2h,1.99E-35,-0.124317217,0.507,0.45,5.35E-31,3,Ube2h
Plekho1.1,2.11E-39,-0.123883742,0.494,0.436,5.65E-35,3,Plekho1
Man1a2.1,1.79E-34,-0.123165731,0.579,0.526,4.8E-30,3,Man1a2
Tut4,2.96E-34,-0.12263839,0.452,0.4,7.94E-30,3,Tut4
2510009E07Rik,2.25E-20,-0.122307366,0.253,0.231,6.03E-16,3,2510009E07Rik
Mycbp2,2.4E-24,-0.122122822,0.846,0.8,6.44E-20,3,Mycbp2
Slc29a3.1,2.71E-26,-0.121910754,0.305,0.278,7.26E-22,3,Slc29a3
Nfatc3,3.16E-34,-0.121845049,0.296,0.25,8.47E-30,3,Nfatc3
Kmt5b.1,6.08E-26,-0.121169209,0.339,0.308,1.63E-21,3,Kmt5b
Ccdc93.1,4.85E-30,-0.121120666,0.377,0.34,1.3E-25,3,Ccdc93
Hnrnpr,3.14E-24,-0.120649683,0.262,0.234,8.44E-20,3,Hnrnpr
Sft2d1.1,4.98E-44,-0.11896306,0.487,0.423,1.34E-39,3,Sft2d1
Kat2b,1.33E-22,-0.118456047,0.253,0.221,3.56E-18,3,Kat2b
Pip4p1.1,2.53E-33,-0.117976876,0.273,0.239,6.78E-29,3,Pip4p1
Zswim6,4.04E-22,-0.117831371,0.787,0.74,1.08E-17,3,Zswim6
Wdr37,2.09E-28,-0.115869565,0.31,0.274,5.61E-24,3,Wdr37
Gm5086.1,1.12E-22,-0.115792708,0.523,0.479,3.02E-18,3,Gm5086
Senp7,1.21E-29,-0.115676175,0.289,0.253,3.24E-25,3,Senp7
9930021J03Rik,1.37E-20,-0.115582961,0.367,0.333,3.67E-16,3,9930021J03Rik
Notch2,3.65E-37,-0.115502708,0.406,0.351,9.8E-33,3,Notch2
Clk1,6.16E-42,-0.115330391,0.484,0.42,1.65E-37,3,Clk1
Btbd1.1,2.34E-30,-0.11499106,0.312,0.271,6.27E-26,3,Btbd1
Rnf38,1.92E-19,-0.114938624,0.319,0.293,5.16E-15,3,Rnf38
Dido1,6.02E-30,-0.114472629,0.308,0.271,1.61E-25,3,Dido1
C1qc.1,3.14E-27,-0.113290252,0.706,0.652,8.42E-23,3,C1qc
Hps3,3.37E-26,-0.112938409,0.421,0.388,9.03E-22,3,Hps3
Orc3,8.12E-28,-0.112647811,0.307,0.274,2.18E-23,3,Orc3
Tbl1x,8.2E-32,-0.112140456,0.445,0.393,2.2E-27,3,Tbl1x
Osbpl9.1,1.03E-36,-0.111389218,0.5,0.424,2.76E-32,3,Osbpl9
Slc4a7,1.58E-31,-0.110636968,0.34,0.297,4.24E-27,3,Slc4a7
Srsf5,1.66E-38,-0.110146169,0.499,0.438,4.44E-34,3,Srsf5
Sf3b1,1.61E-36,-0.10984367,0.608,0.545,4.31E-32,3,Sf3b1
Itgav.2,1.27E-23,-0.108701809,0.43,0.394,3.4E-19,3,Itgav
Rabl6,4.53E-24,-0.108395702,0.26,0.232,1.22E-19,3,Rabl6
Pnn,4.54E-27,-0.108087608,0.371,0.328,1.22E-22,3,Pnn
Top1,9.32E-22,-0.107604334,0.404,0.368,2.5E-17,3,Top1
Ubac2,3.39E-26,-0.107007901,0.392,0.348,9.09E-22,3,Ubac2
Ube2b,5.29E-24,-0.106502292,0.275,0.245,1.42E-19,3,Ube2b
Pik3r5.1,8.4E-20,-0.10589236,0.332,0.308,2.25E-15,3,Pik3r5
Stim1.1,2.41E-15,-0.105678953,0.266,0.24,6.46E-11,3,Stim1
AY036118,4.56E-19,-0.103901773,0.857,0.811,1.22E-14,3,AY036118
Ankrd10,2.33E-25,-0.102928081,0.252,0.221,6.26E-21,3,Ankrd10
Hps4.2,2.31E-37,-0.102921402,0.442,0.384,6.2E-33,3,Hps4
Zfp182,2.38E-30,-0.102621172,0.265,0.226,6.39E-26,3,Zfp182
Atrx.1,3.16E-27,-0.102163341,0.558,0.502,8.47E-23,3,Atrx
Ncoa2,1.57E-32,-0.101303489,0.557,0.494,4.21E-28,3,Ncoa2
Nt5c2,1.41E-29,-0.101128329,0.317,0.277,3.77E-25,3,Nt5c2
Gm28501,1.37E-28,-0.101108434,0.276,0.236,3.66E-24,3,Gm28501
Cflar.1,5.39E-31,-0.100847363,0.523,0.474,1.45E-26,3,Cflar
Vapa,5.13E-31,-0.100701159,0.269,0.231,1.38E-26,3,Vapa
4632427E13Rik,6.32E-29,-0.100521883,0.326,0.286,1.7E-24,3,4632427E13Rik
4930402H24Rik,1.5E-28,0.100097751,0.263,0.183,4.03E-24,3,4930402H24Rik
Thrap3,5.71E-28,0.10032646,0.409,0.318,1.53E-23,3,Thrap3
Ago3,4.72E-27,0.10048944,0.509,0.408,1.27E-22,3,Ago3
Gm20275,9.35E-30,0.100874322,0.481,0.374,2.51E-25,3,Gm20275
Qrich1,3.64E-29,0.102036288,0.377,0.284,9.76E-25,3,Qrich1
Gtf2a1,6.04E-25,0.102106369,0.257,0.183,1.62E-20,3,Gtf2a1
Rngtt.1,9.5E-35,0.102143081,0.39,0.288,2.55E-30,3,Rngtt
Pias2,5.75E-37,0.102540575,0.427,0.32,1.54E-32,3,Pias2
Klhl24,1.94E-26,0.102583038,0.311,0.23,5.21E-22,3,Klhl24
Ube2k,2.3E-33,0.102640538,0.483,0.372,6.18E-29,3,Ube2k
Paxbp1.1,1.95E-37,0.102680251,0.426,0.318,5.24E-33,3,Paxbp1
Vps41,4.44E-41,0.102792107,0.44,0.325,1.19E-36,3,Vps41
Csnk1g1.1,4.79E-36,0.103195873,0.431,0.318,1.29E-31,3,Csnk1g1
Sel1l,1.44E-25,0.10326217,0.271,0.197,3.86E-21,3,Sel1l
Gnb1,5.9E-35,0.103356873,0.523,0.404,1.58E-30,3,Gnb1
Fbxw11,3.76E-35,0.103592301,0.441,0.336,1.01E-30,3,Fbxw11
Hipk2,1.46E-37,0.104134048,0.501,0.381,3.92E-33,3,Hipk2
Avl9.1,5.17E-32,0.104361513,0.324,0.236,1.39E-27,3,Avl9
Map2k1,2.1E-32,0.104364466,0.382,0.285,5.65E-28,3,Map2k1
Sec31a,1.36E-27,0.10460506,0.26,0.184,3.65E-23,3,Sec31a
Acbd3,1.03E-29,0.104654606,0.264,0.186,2.77E-25,3,Acbd3
Fcer1g.1,8.26E-28,0.105465473,0.35,0.261,2.22E-23,3,Fcer1g
Trpm7,7.94E-26,0.106283274,0.528,0.426,2.13E-21,3,Trpm7
Gm19710,9.94E-27,0.106505325,0.255,0.179,2.67E-22,3,Gm19710
Lncpint.1,1.11E-28,0.106556507,0.677,0.556,2.98E-24,3,Lncpint
Smarca4,8.3E-25,0.107124331,0.256,0.186,2.23E-20,3,Smarca4
Ubap2l,2.08E-42,0.107168941,0.501,0.377,5.59E-38,3,Ubap2l
Trem2.1,7.27E-30,0.107406844,0.532,0.423,1.95E-25,3,Trem2
Vps13d.1,4.77E-37,0.108260537,0.453,0.34,1.28E-32,3,Vps13d
Phf20l1,4.88E-37,0.108620401,0.566,0.439,1.31E-32,3,Phf20l1
Fubp1,1.2E-35,0.108670178,0.555,0.433,3.22E-31,3,Fubp1
Eif3a.1,3.85E-37,0.110280572,0.321,0.225,1.03E-32,3,Eif3a
Phtf2,1.45E-31,0.110551649,0.275,0.189,3.9E-27,3,Phtf2
Vps8,9.66E-31,0.110854327,0.34,0.248,2.59E-26,3,Vps8
Lcp1.2,7.3E-23,0.111177307,0.516,0.417,1.96E-18,3,Lcp1
Kdm4c.1,2.81E-34,0.111627016,0.388,0.287,7.53E-30,3,Kdm4c
Stk38.1,1.08E-25,0.112249863,0.37,0.279,2.9E-21,3,Stk38
Ehbp1,2.44E-26,0.11226907,0.338,0.249,6.55E-22,3,Ehbp1
Zzz3,1.39E-38,0.112838349,0.358,0.255,3.73E-34,3,Zzz3
Arih1.1,2.12E-38,0.112967164,0.647,0.514,5.7E-34,3,Arih1
Baz1a,2.76E-27,0.113059259,0.368,0.274,7.42E-23,3,Baz1a
Oxr1,2.37E-18,0.113065472,0.66,0.564,6.36E-14,3,Oxr1
Xrn1.1,9.83E-32,0.113596262,0.499,0.388,2.64E-27,3,Xrn1
Zfc3h1,1.49E-42,0.114448365,0.458,0.338,4E-38,3,Zfc3h1
Zfr,4.19E-38,0.11456344,0.616,0.485,1.12E-33,3,Zfr
Actr2,4.26E-39,0.114723359,0.585,0.456,1.14E-34,3,Actr2
Clk4,7.39E-33,0.115186781,0.399,0.296,1.98E-28,3,Clk4
Lsm14a,3.02E-33,0.116282838,0.323,0.231,8.1E-29,3,Lsm14a
Actb.1,1.46E-34,0.116332165,0.372,0.269,3.92E-30,3,Actb
Ep400,7.13E-36,0.116364136,0.411,0.303,1.91E-31,3,Ep400
Celf1,2.83E-26,0.116761346,0.637,0.526,7.59E-22,3,Celf1
Memo1,8.41E-33,0.117072357,0.392,0.291,2.26E-28,3,Memo1
Mgat5,1.94E-15,0.117152343,0.709,0.617,5.2E-11,3,Mgat5
Wwox,1.46E-15,0.117525779,0.696,0.601,3.91E-11,3,Wwox
Desi2,1.52E-39,0.117535109,0.335,0.233,4.07E-35,3,Desi2
Arhgap39.1,1.97E-23,0.11783933,0.711,0.6,5.28E-19,3,Arhgap39
Kat6b,6.7E-36,0.117839873,0.336,0.233,1.8E-31,3,Kat6b
Sik3.1,1.33E-34,0.117951197,0.483,0.366,3.56E-30,3,Sik3
Gsk3b,7.09E-41,0.119061772,0.549,0.42,1.9E-36,3,Gsk3b
Atf7,1.05E-37,0.119250846,0.512,0.388,2.81E-33,3,Atf7
Jak2,2.22E-32,0.119357317,0.256,0.171,5.96E-28,3,Jak2
Impact,2.04E-39,0.119429366,0.325,0.224,5.48E-35,3,Impact
Luc7l3,1.66E-38,0.119874891,0.542,0.415,4.45E-34,3,Luc7l3
Tnks2,6.84E-40,0.120048338,0.449,0.334,1.83E-35,3,Tnks2
Fbxw4,1.33E-24,0.120255221,0.465,0.364,3.57E-20,3,Fbxw4
Vmp1,2.12E-28,0.120552605,0.296,0.206,5.69E-24,3,Vmp1
Hexa,6.34E-30,0.120556727,0.416,0.317,1.7E-25,3,Hexa
9930111J21Rik2.1,1.16E-22,0.120830443,0.309,0.231,3.1E-18,3,9930111J21Rik2
Zfp91,1.14E-29,0.122082576,0.291,0.204,3.05E-25,3,Zfp91
Cnot6l,1.33E-41,0.122316619,0.423,0.303,3.57E-37,3,Cnot6l
Ptbp3.1,1.03E-32,0.122561698,0.607,0.483,2.77E-28,3,Ptbp3
Scfd1,1.91E-35,0.123260944,0.262,0.176,5.13E-31,3,Scfd1
Rab3gap2,1.46E-34,0.123291554,0.259,0.174,3.92E-30,3,Rab3gap2
Arhgef2.1,2.8E-43,0.123303292,0.381,0.271,7.52E-39,3,Arhgef2
Ndufs4,4.76E-37,0.123497733,0.315,0.218,1.28E-32,3,Ndufs4
Dock11.1,2.49E-28,0.124481725,0.597,0.479,6.67E-24,3,Dock11
Tcf25,1.4E-42,0.124637515,0.631,0.491,3.75E-38,3,Tcf25
Naip5,4.05E-32,0.125001543,0.368,0.27,1.09E-27,3,Naip5
Eps15.2,6.11E-40,0.125406772,0.418,0.3,1.64E-35,3,Eps15
Sec24b,2.72E-32,0.125504399,0.354,0.258,7.3E-28,3,Sec24b
C1qa.2,2.83E-24,0.125652929,0.814,0.706,7.6E-20,3,C1qa
Hnrnpm,5.03E-43,0.125945663,0.486,0.362,1.35E-38,3,Hnrnpm
Mbtd1,6.47E-41,0.126023687,0.517,0.386,1.74E-36,3,Mbtd1
Snap23,6.9E-28,0.126483887,0.294,0.209,1.85E-23,3,Snap23
Nup98,1.43E-31,0.126506881,0.375,0.275,3.83E-27,3,Nup98
Kpna4,3.77E-28,0.126831265,0.54,0.428,1.01E-23,3,Kpna4
Scaf11,1.35E-42,0.126961797,0.434,0.314,3.64E-38,3,Scaf11
Arfgef2,5.4E-22,0.127053783,0.269,0.196,1.45E-17,3,Arfgef2
Ddx24.1,1.12E-25,0.127689084,0.305,0.219,3E-21,3,Ddx24
Gm37240,1.11E-32,0.128055995,0.64,0.509,2.97E-28,3,Gm37240
Pafah1b1,6.87E-43,0.128392484,0.629,0.489,1.84E-38,3,Pafah1b1
Mat2a,1.37E-24,0.128538742,0.263,0.185,3.66E-20,3,Mat2a
Vti1a,2.59E-24,0.128603102,0.702,0.585,6.96E-20,3,Vti1a
Pkp4,1.1E-23,0.12894466,0.266,0.188,2.94E-19,3,Pkp4
Fam13b,1.2E-35,0.12929473,0.459,0.345,3.23E-31,3,Fam13b
Arhgef11,8.45E-29,0.130183054,0.368,0.271,2.27E-24,3,Arhgef11
Resf1.1,2.84E-23,0.132026501,0.344,0.257,7.62E-19,3,Resf1
Mbd2.1,5.69E-35,0.132449497,0.305,0.208,1.53E-30,3,Mbd2
Pikfyve,3.41E-31,0.133213655,0.275,0.184,9.15E-27,3,Pikfyve
Usp37,6.15E-25,0.133256938,0.266,0.187,1.65E-20,3,Usp37
Tent2.1,5.31E-46,0.13346332,0.468,0.34,1.43E-41,3,Tent2
N4bp1,2.2E-30,0.134163087,0.321,0.231,5.91E-26,3,N4bp1
Cdc42se2.1,6.25E-35,0.134541246,0.355,0.25,1.68E-30,3,Cdc42se2
Strn,3.63E-31,0.134568036,0.262,0.177,9.75E-27,3,Strn
Tcirg1,6.64E-28,0.134693203,0.423,0.323,1.78E-23,3,Tcirg1
Ddx50.1,3.32E-33,0.134975521,0.368,0.266,8.9E-29,3,Ddx50
Arpc1b,9.84E-32,0.134978474,0.355,0.257,2.64E-27,3,Arpc1b
Reep3,4.66E-29,0.135249874,0.31,0.219,1.25E-24,3,Reep3
Slc16a7,4.29E-32,0.135381125,0.416,0.307,1.15E-27,3,Slc16a7
Sipa1l2.2,3.37E-38,0.135390905,0.728,0.589,9.04E-34,3,Sipa1l2
Mindy2,6.05E-32,0.135698147,0.322,0.229,1.62E-27,3,Mindy2
Stat3.1,2.79E-25,0.135983009,0.389,0.294,7.5E-21,3,Stat3
Rbm25,3.83E-34,0.13665514,0.733,0.599,1.03E-29,3,Rbm25
Fgd4.1,7.85E-29,0.136738552,0.431,0.324,2.11E-24,3,Fgd4
Nvl,5.66E-33,0.136824784,0.296,0.201,1.52E-28,3,Nvl
Stk3,5.51E-28,0.136917015,0.464,0.356,1.48E-23,3,Stk3
Nptn,7.21E-32,0.138489691,0.621,0.495,1.94E-27,3,Nptn
Lars,5.51E-32,0.138714684,0.293,0.203,1.48E-27,3,Lars
Slc30a9,9E-37,0.139105148,0.35,0.248,2.42E-32,3,Slc30a9
Rtn3,2.04E-24,0.139157702,0.692,0.575,5.49E-20,3,Rtn3
Snx27,1.35E-28,0.139596079,0.254,0.173,3.62E-24,3,Snx27
Kdm3a,1.1E-34,0.139904105,0.32,0.223,2.95E-30,3,Kdm3a
Ube2w,3.95E-30,0.14020424,0.334,0.238,1.06E-25,3,Ube2w
Usp9x,7.17E-36,0.140364097,0.539,0.411,1.92E-31,3,Usp9x
Fam129a,5.12E-21,0.140465597,0.257,0.181,1.37E-16,3,Fam129a
Lgals9,1.16E-26,0.14060521,0.371,0.278,3.11E-22,3,Lgals9
Apobec3.1,5.67E-26,0.140823602,0.423,0.321,1.52E-21,3,Apobec3
Il10rb,1.03E-28,0.141230268,0.297,0.209,2.77E-24,3,Il10rb
Elk3,2.06E-42,0.141418393,0.605,0.465,5.53E-38,3,Elk3
Ggnbp2.1,2.51E-36,0.141437259,0.399,0.285,6.73E-32,3,Ggnbp2
Cbfb,3.73E-33,0.141726004,0.34,0.239,1E-28,3,Cbfb
Vps13b,3.94E-29,0.141867905,0.672,0.544,1.06E-24,3,Vps13b
Rpl6,8.87E-28,0.14240413,0.26,0.176,2.38E-23,3,Rpl6
Prkch.2,2.44E-41,0.142676012,0.513,0.371,6.55E-37,3,Prkch
St13,1.84E-33,0.143951348,0.27,0.18,4.93E-29,3,St13
Dis3l2,4.07E-36,0.143957332,0.494,0.369,1.09E-31,3,Dis3l2
Atxn7l1,1.38E-31,0.144016746,0.616,0.488,3.7E-27,3,Atxn7l1
Cab39.1,9.44E-31,0.144017975,0.36,0.258,2.53E-26,3,Cab39
Commd10,1.33E-37,0.144055545,0.294,0.196,3.56E-33,3,Commd10
Msra,3.04E-41,0.144429405,0.275,0.168,8.16E-37,3,Msra
Npc1,3.09E-32,0.144736422,0.298,0.206,8.28E-28,3,Npc1
Sirpa.1,1.17E-08,0.145333136,0.831,0.767,0.000314902,3,Sirpa
Tyk2,7.3E-28,0.145448639,0.271,0.186,1.96E-23,3,Tyk2
Slc37a2,9.1E-31,0.145514374,0.284,0.198,2.44E-26,3,Slc37a2
Chd7.1,3.52E-25,0.145759635,0.711,0.593,9.45E-21,3,Chd7
Rlf,1.19E-47,0.14625694,0.424,0.293,3.2E-43,3,Rlf
Syncrip,3.7E-32,0.146284207,0.349,0.247,9.93E-28,3,Syncrip
Hnrnpf,1.49E-36,0.146351999,0.274,0.178,4.01E-32,3,Hnrnpf
Ncoa1.2,8.71E-41,0.146836157,0.488,0.359,2.34E-36,3,Ncoa1
Fbxw7,7.4E-30,0.14704301,0.396,0.291,1.99E-25,3,Fbxw7
Rsrc1.1,8.95E-32,0.147451762,0.574,0.449,2.4E-27,3,Rsrc1
Myo9a,4.68E-32,0.147727172,0.649,0.521,1.26E-27,3,Myo9a
Htt,1.32E-35,0.147995112,0.389,0.28,3.54E-31,3,Htt
Gm47283,2.21E-17,0.148016788,0.319,0.241,5.92E-13,3,Gm47283
Nf1.1,1.48E-37,0.148313473,0.748,0.607,3.96E-33,3,Nf1
Large1.1,1.48E-19,0.14898131,0.846,0.748,3.96E-15,3,Large1
Erp29,2.45E-29,0.149137889,0.378,0.278,6.56E-25,3,Erp29
Ap2b1,4.5E-29,0.149373217,0.411,0.306,1.21E-24,3,Ap2b1
Tmem164,2.29E-30,0.149608348,0.613,0.488,6.15E-26,3,Tmem164
Cyth3,2.43E-22,0.149837054,0.27,0.189,6.52E-18,3,Cyth3
Zfp148.1,1.82E-34,0.151116196,0.588,0.454,4.88E-30,3,Zfp148
Exoc4,9.66E-30,0.151132969,0.836,0.714,2.59E-25,3,Exoc4
Atp11c,9.12E-26,0.152223525,0.342,0.251,2.45E-21,3,Atp11c
Tcf4,3.85E-21,0.152422914,0.835,0.731,1.03E-16,3,Tcf4
Gm26936,3.4E-19,0.153515874,0.267,0.192,9.11E-15,3,Gm26936
Nck1,9.43E-32,0.153985504,0.331,0.232,2.53E-27,3,Nck1
Smc6,2.95E-27,0.154709335,0.27,0.185,7.93E-23,3,Smc6
Tbc1d23,1.42E-32,0.154748745,0.48,0.362,3.82E-28,3,Tbc1d23
Pik3r6,2.96E-27,0.156207907,0.272,0.188,7.95E-23,3,Pik3r6
Tsix,2.25E-11,0.156387035,0.362,0.289,0.000000605,3,Tsix
Trip12,1.77E-34,0.157037844,0.634,0.499,4.75E-30,3,Trip12
Aatf,6.47E-30,0.157075011,0.38,0.276,1.74E-25,3,Aatf
Wipf1,1.39E-34,0.157974787,0.716,0.581,3.73E-30,3,Wipf1
Wdfy1,2.36E-33,0.158353514,0.304,0.207,6.34E-29,3,Wdfy1
Skil,2.54E-26,0.158534412,0.452,0.344,6.82E-22,3,Skil
Sbno2,2.16E-26,0.158699719,0.279,0.195,5.79E-22,3,Sbno2
Ipcef1,5.03E-22,0.158708393,0.368,0.275,1.35E-17,3,Ipcef1
Ap3b1,1.87E-34,0.158812448,0.628,0.494,5.01E-30,3,Ap3b1
Mtf2,2.3E-28,0.16041295,0.262,0.176,6.18E-24,3,Mtf2
Bmpr1a,2.7E-22,0.160874369,0.302,0.218,7.24E-18,3,Bmpr1a
Chd4.1,8.63E-29,0.161734033,0.388,0.284,2.32E-24,3,Chd4
Gak,1.76E-28,0.161744474,0.35,0.252,4.71E-24,3,Gak
Cpeb4,2.98E-32,0.162248706,0.31,0.212,8E-28,3,Cpeb4
Rasgrp3.1,3.64E-17,0.162540464,0.71,0.611,9.76E-13,3,Rasgrp3
Specc1l,8.41E-43,0.163208008,0.307,0.199,2.26E-38,3,Specc1l
Lpxn.1,2.05E-29,0.163558384,0.32,0.221,5.5E-25,3,Lpxn
Rps6ka3.1,1.91E-24,0.16395532,0.513,0.401,5.12E-20,3,Rps6ka3
Mpeg1,7.91E-28,0.16413441,0.251,0.168,2.12E-23,3,Mpeg1
Nufip2.1,4E-32,0.165346503,0.393,0.283,1.07E-27,3,Nufip2
Relch.1,4.44E-44,0.16586505,0.488,0.351,1.19E-39,3,Relch
Btbd9,1.59E-30,0.165943485,0.823,0.694,4.26E-26,3,Btbd9
Ttc3.1,1.32E-35,0.166576111,0.529,0.397,3.55E-31,3,Ttc3
Agtpbp1,5.67E-36,0.166598741,0.26,0.163,1.52E-31,3,Agtpbp1
Arpc2.1,6.7E-35,0.166772104,0.5,0.376,1.8E-30,3,Arpc2
Unk,7.17E-35,0.166984031,0.268,0.173,1.92E-30,3,Unk
Srek1,2.78E-37,0.167703492,0.493,0.364,7.45E-33,3,Srek1
Sec24a,6.08E-32,0.167733858,0.272,0.179,1.63E-27,3,Sec24a
Dync1li1,3.24E-31,0.168205458,0.266,0.174,8.7E-27,3,Dync1li1
Zfp407.1,6.74E-28,0.169153981,0.497,0.38,1.81E-23,3,Zfp407
Eri3,2.7E-30,0.169852727,0.45,0.334,7.25E-26,3,Eri3
Pdcd6ip,3.85E-26,0.169931868,0.291,0.2,1.03E-21,3,Pdcd6ip
Pcf11,2.49E-30,0.170609997,0.315,0.218,6.69E-26,3,Pcf11
Ankrd17,4.07E-37,0.172123209,0.682,0.539,1.09E-32,3,Ankrd17
Itsn1,3.27E-77,0.174493989,0.276,0.126,8.77E-73,3,Itsn1
Pou2f1,1.3E-21,0.174786645,0.371,0.275,3.5E-17,3,Pou2f1
Ptpre,2.92E-27,0.174859547,0.442,0.332,7.84E-23,3,Ptpre
Cyba,1.44E-34,0.174929739,0.281,0.185,3.88E-30,3,Cyba
Grn.1,1.62E-29,0.175286453,0.48,0.36,4.34E-25,3,Grn
Xpo6,5.68E-32,0.175518637,0.271,0.178,1.53E-27,3,Xpo6
Arid1b,4.09E-33,0.175941124,0.763,0.623,1.1E-28,3,Arid1b
Coro7,6.27E-31,0.176401994,0.289,0.194,1.68E-26,3,Coro7
Ext1.2,5.78E-31,0.176883837,0.573,0.444,1.55E-26,3,Ext1
Atp9b,7.13E-45,0.177053959,0.611,0.456,1.91E-40,3,Atp9b
Gnas,2.95E-21,0.177884421,0.463,0.359,7.92E-17,3,Gnas
Bmpr2,1.88E-41,0.178198458,0.522,0.38,5.05E-37,3,Bmpr2
Copa,7.3E-39,0.178328262,0.376,0.26,1.96E-34,3,Copa
Atrnl1,1.66E-28,0.178802915,0.275,0.177,4.46E-24,3,Atrnl1
Gusb,4.1E-34,0.17907718,0.333,0.227,1.1E-29,3,Gusb
Pik3ap1,6.82E-15,0.179962232,0.695,0.606,1.83E-10,3,Pik3ap1
Raf1.1,4.67E-40,0.181575303,0.381,0.26,1.25E-35,3,Raf1
Wdr7.1,3.03E-41,0.18171407,0.391,0.268,8.13E-37,3,Wdr7
Chchd3,2.3E-38,0.181844482,0.426,0.299,6.16E-34,3,Chchd3
Ankhd1.2,1.64E-41,0.182259369,0.642,0.491,4.39E-37,3,Ankhd1
Sppl2a,5.33E-22,0.182787221,0.365,0.272,1.43E-17,3,Sppl2a
Cap1,2.76E-26,0.183147492,0.355,0.256,7.41E-22,3,Cap1
Prkag2,1.03E-23,0.183239801,0.286,0.196,2.75E-19,3,Prkag2
Il15,5.17E-26,0.183724561,0.278,0.19,1.39E-21,3,Il15
Nsf,1.27E-23,0.183742023,0.433,0.327,3.41E-19,3,Nsf
Ube2f,5.1E-31,0.184125342,0.254,0.164,1.37E-26,3,Ube2f
Cnot4,1.13E-42,0.184272688,0.669,0.512,3.04E-38,3,Cnot4
Taf1d,9.1E-36,0.18431388,0.351,0.239,2.44E-31,3,Taf1d
Fcgr2b,7.49E-27,0.185412781,0.256,0.168,2.01E-22,3,Fcgr2b
Syngr1.1,5.27E-34,0.185750255,0.477,0.35,1.42E-29,3,Syngr1
Stag1,2.52E-33,0.185779069,0.813,0.676,6.76E-29,3,Stag1
Ehd4.1,2.55E-35,0.186048058,0.459,0.329,6.85E-31,3,Ehd4
Zfp609,6.81E-32,0.188198383,0.422,0.304,1.83E-27,3,Zfp609
Ptk2b,1.34E-27,0.189502613,0.565,0.444,3.6E-23,3,Ptk2b
Kcnma1.1,2.61E-13,0.190030455,0.619,0.527,7.01E-09,3,Kcnma1
Bbx.1,8.28E-25,0.190608807,0.34,0.241,2.22E-20,3,Bbx
Lamp1.2,8.3E-39,0.190730846,0.428,0.3,2.23E-34,3,Lamp1
Gns,3.63E-30,0.191504604,0.695,0.56,9.73E-26,3,Gns
Golga4,2.83E-34,0.192378899,0.35,0.24,7.58E-30,3,Golga4
Nsd3.2,3.15E-29,0.193410016,0.638,0.505,8.44E-25,3,Nsd3
Tmem87b,1.93E-27,0.193822131,0.325,0.224,5.17E-23,3,Tmem87b
Luzp1,1.93E-30,0.194370226,0.285,0.185,5.18E-26,3,Luzp1
Gm42962,1.41E-32,0.19516551,0.301,0.199,3.8E-28,3,Gm42962
Xpr1.1,1.45E-40,0.195337988,0.43,0.298,3.9E-36,3,Xpr1
Ago2,3E-28,0.196271895,0.266,0.173,8.06E-24,3,Ago2
Ifngr2,1.44E-39,0.196755602,0.434,0.306,3.86E-35,3,Ifngr2
Phip.2,6.27E-29,0.197050822,0.568,0.44,1.68E-24,3,Phip
Galk2,6.1E-39,0.197223416,0.35,0.23,1.64E-34,3,Galk2
Aim2,2.57E-27,0.19760427,0.548,0.424,6.9E-23,3,Aim2
Senp5,5.12E-28,0.198103134,0.286,0.192,1.37E-23,3,Senp5
Tor1aip1,4.9E-30,0.199199865,0.461,0.341,1.32E-25,3,Tor1aip1
Runx1,4.09E-19,0.199621345,0.891,0.803,1.1E-14,3,Runx1
Tfeb,5.88E-27,0.19972024,0.304,0.208,1.58E-22,3,Tfeb
Rassf4,3.18E-18,0.199776087,0.279,0.198,8.53E-14,3,Rassf4
Ralgapa1.1,1.53E-46,0.200163855,0.549,0.395,4.11E-42,3,Ralgapa1
Gm17106,1.29E-34,0.201067262,0.387,0.27,3.46E-30,3,Gm17106
Trim14.1,1.87E-31,0.202055874,0.354,0.239,5.02E-27,3,Trim14
Dram2.1,1.36E-26,0.202057664,0.335,0.234,3.65E-22,3,Dram2
Eya3,9.44E-32,0.20219871,0.307,0.204,2.53E-27,3,Eya3
Tyrobp.1,1.33E-38,0.202669361,0.318,0.207,3.57E-34,3,Tyrobp
Aff4.1,4.61E-37,0.203754858,0.462,0.331,1.24E-32,3,Aff4
Tmod3,1.34E-39,0.203824988,0.295,0.187,3.59E-35,3,Tmod3
Med15,3.71E-34,0.20416693,0.312,0.205,9.97E-30,3,Med15
Smim14.1,1.52E-36,0.204335107,0.365,0.246,4.09E-32,3,Smim14
Hsp90b1.1,9.63E-26,0.204344326,0.402,0.291,2.59E-21,3,Hsp90b1
Mink1,1.7E-32,0.204655166,0.253,0.156,4.56E-28,3,Mink1
Gatad2a,1.99E-44,0.206048939,0.287,0.175,5.35E-40,3,Gatad2a
Tsc22d2,3.46E-29,0.206950617,0.419,0.303,9.27E-25,3,Tsc22d2
Sh3kbp1,6.69E-37,0.207005117,0.81,0.666,1.79E-32,3,Sh3kbp1
Rasa1.1,1.49E-34,0.207145146,0.527,0.39,4E-30,3,Rasa1
Tmem245,1.42E-43,0.207314455,0.439,0.302,3.82E-39,3,Tmem245
Pabpc1,6.56E-35,0.208015851,0.31,0.203,1.76E-30,3,Pabpc1
Atp6v0c.1,3.12E-42,0.208441647,0.33,0.209,8.38E-38,3,Atp6v0c
Gas5,2.44E-32,0.209082391,0.281,0.18,6.55E-28,3,Gas5
3110082I17Rik,6.21E-34,0.20933502,0.457,0.329,1.67E-29,3,3110082I17Rik
Ctsa,4E-30,0.210278869,0.399,0.283,1.07E-25,3,Ctsa
Taok3.1,7.74E-32,0.210594868,0.586,0.448,2.08E-27,3,Taok3
Rcor1.1,8.07E-52,0.211896582,0.413,0.27,2.16E-47,3,Rcor1
Mast4,1.76E-36,0.21236468,0.502,0.36,4.74E-32,3,Mast4
Chmp4b,1.14E-30,0.214923261,0.269,0.171,3.06E-26,3,Chmp4b
Pnpla7,1.86E-09,0.215052967,0.664,0.583,0.00005,3,Pnpla7
Cdk6,1.05E-25,0.215845669,0.401,0.293,2.82E-21,3,Cdk6
Rnf115,2.19E-34,0.216021893,0.299,0.191,5.89E-30,3,Rnf115
Aff1.2,3.04E-29,0.216523568,0.388,0.276,8.15E-25,3,Aff1
Snx30,7.98E-40,0.216709068,0.495,0.353,2.14E-35,3,Snx30
Gpr183,1.74E-20,0.217010604,0.329,0.236,4.67E-16,3,Gpr183
Tgs1,2.18E-25,0.21775578,0.34,0.237,5.86E-21,3,Tgs1
Prkcb,2.06E-29,0.217858979,0.848,0.723,5.53E-25,3,Prkcb
Frrs1,3.05E-41,0.217989902,0.517,0.37,8.19E-37,3,Frrs1
Slc9a7,1.38E-31,0.218116711,0.288,0.183,3.71E-27,3,Slc9a7
Ankrd12.1,3.08E-25,0.218515064,0.527,0.404,8.28E-21,3,Ankrd12
Ralgapa2.1,1.14E-36,0.218998524,0.359,0.235,3.07E-32,3,Ralgapa2
Ranbp9,5.31E-34,0.220543688,0.483,0.35,1.43E-29,3,Ranbp9
Stx8.1,1.1E-44,0.220846275,0.493,0.342,2.95E-40,3,Stx8
Dpy19l4,3.68E-38,0.221602899,0.587,0.437,9.89E-34,3,Dpy19l4
Prkcd,2.29E-37,0.225430507,0.589,0.441,6.16E-33,3,Prkcd
Anxa3.1,3.37E-35,0.225534662,0.733,0.585,9.04E-31,3,Anxa3
Tgfbr1.1,1.12E-16,0.226394735,0.954,0.901,3E-12,3,Tgfbr1
Spidr,1.89E-41,0.226898789,0.327,0.205,5.07E-37,3,Spidr
Tmcc3,4.2E-30,0.227201431,0.979,0.921,1.13E-25,3,Tmcc3
Gse1.1,4.43E-29,0.227872244,0.324,0.215,1.19E-24,3,Gse1
Ecpas.1,7.61E-51,0.227970104,0.538,0.375,2.04E-46,3,Ecpas
Msn.1,1.34E-43,0.228770357,0.45,0.305,3.6E-39,3,Msn
Kdm2a,2.02E-32,0.229773383,0.619,0.474,5.42E-28,3,Kdm2a
Vdac2,4.41E-29,0.230055749,0.26,0.163,1.18E-24,3,Vdac2
Trak1,1.56E-42,0.230145461,0.412,0.276,4.18E-38,3,Trak1
Ahcyl2.1,3.07E-26,0.230538313,0.426,0.305,8.22E-22,3,Ahcyl2
Cdk17.2,6.89E-43,0.230842808,0.483,0.333,1.85E-38,3,Cdk17
Asap1,7.5E-25,0.23145932,0.906,0.811,2.01E-20,3,Asap1
Atp7a,1.1E-30,0.231977164,0.418,0.295,2.95E-26,3,Atp7a
Npepps.1,1.57E-37,0.233558817,0.443,0.306,4.22E-33,3,Npepps
Tmem184b,2.75E-36,0.233642009,0.329,0.214,7.38E-32,3,Tmem184b
Slf2,5.15E-34,0.234085251,0.473,0.34,1.38E-29,3,Slf2
Adam17,1.27E-45,0.234783071,0.499,0.347,3.41E-41,3,Adam17
Mga.2,5.55E-39,0.234805712,0.376,0.249,1.49E-34,3,Mga
Kpna3,1.26E-38,0.235340358,0.434,0.298,3.38E-34,3,Kpna3
Zmiz1,2.46E-27,0.236114552,0.714,0.578,6.59E-23,3,Zmiz1
Fam120a,6.74E-42,0.236288059,0.386,0.255,1.81E-37,3,Fam120a
Rab7,9.37E-44,0.236293683,0.373,0.24,2.51E-39,3,Rab7
Zfyve26,8.8E-34,0.237143609,0.268,0.163,2.36E-29,3,Zfyve26
Atp1b3,1.04E-44,0.238421037,0.284,0.167,2.78E-40,3,Atp1b3
Trafd1.1,1.29E-28,0.239637823,0.328,0.222,3.46E-24,3,Trafd1
Zeb2.1,1.48E-17,0.239843847,0.952,0.91,3.96E-13,3,Zeb2
Psmd1,2.26E-31,0.239936228,0.325,0.213,6.07E-27,3,Psmd1
Tor1aip2,4.98E-24,0.240510761,0.27,0.176,1.34E-19,3,Tor1aip2
Runx2,5.14E-32,0.241823252,0.251,0.146,1.38E-27,3,Runx2
Bri3,2.29E-34,0.242039656,0.321,0.205,6.15E-30,3,Bri3
Srpk2.1,6.14E-50,0.24241503,0.521,0.359,1.65E-45,3,Srpk2
Dock2.1,1.3E-31,0.242859658,0.956,0.885,3.48E-27,3,Dock2
Spag9.1,2.09E-35,0.243578149,0.611,0.461,5.61E-31,3,Spag9
Lpcat1,2.78E-33,0.243966178,0.294,0.186,7.46E-29,3,Lpcat1
Slfn8,4.93E-14,0.244118347,0.265,0.189,1.32E-09,3,Slfn8
Rap2a,3.02E-33,0.24549029,0.271,0.168,8.09E-29,3,Rap2a
Mroh1,5.73E-30,0.247861856,0.31,0.202,1.54E-25,3,Mroh1
Igf1r.1,4.74E-25,0.248645512,0.49,0.365,1.27E-20,3,Igf1r
Epsti1.2,1.6E-16,0.250043475,0.499,0.395,4.3E-12,3,Epsti1
Ctsl.1,2.31E-31,0.2501592,0.431,0.305,6.19E-27,3,Ctsl
Wls,4.06E-46,0.250622999,0.476,0.325,1.09E-41,3,Wls
Map3k1.1,3.25E-39,0.250687767,0.356,0.231,8.72E-35,3,Map3k1
Cept1.1,1.4E-41,0.250812768,0.422,0.284,3.76E-37,3,Cept1
Hpcal1,2.46E-42,0.251527257,0.316,0.193,6.61E-38,3,Hpcal1
Man1c1,1.12E-32,0.252050078,0.662,0.514,3.01E-28,3,Man1c1
Peli1.1,8.98E-38,0.252233327,0.642,0.487,2.41E-33,3,Peli1
Blnk,1.59E-33,0.252675032,0.782,0.636,4.28E-29,3,Blnk
Slx4ip,2.58E-34,0.253113287,0.308,0.194,6.93E-30,3,Slx4ip
Atp6v0d1.1,2.3E-34,0.254025351,0.324,0.208,6.17E-30,3,Atp6v0d1
Nek6,2.92E-36,0.255088175,0.391,0.262,7.83E-32,3,Nek6
Fndc3a.2,6.61E-36,0.255988123,0.531,0.385,1.77E-31,3,Fndc3a
Lrch3.1,1.88E-33,0.256133469,0.581,0.434,5.04E-29,3,Lrch3
Gab2,3.08E-32,0.257208469,0.939,0.849,8.25E-28,3,Gab2
Etv6,1.47E-20,0.257998081,0.848,0.749,3.94E-16,3,Etv6
Ric1,2.71E-36,0.25840463,0.259,0.15,7.28E-32,3,Ric1
Naip2,7.2E-44,0.258535204,0.399,0.26,1.93E-39,3,Naip2
Pcnx,1.43E-37,0.259762457,0.306,0.189,3.85E-33,3,Pcnx
Tlr7,7.46E-47,0.259898918,0.61,0.439,2E-42,3,Tlr7
Adcy7.1,8.31E-45,0.26084081,0.505,0.346,2.23E-40,3,Adcy7
Chn2.1,1.06E-11,0.261355839,0.814,0.739,0.000000285,3,Chn2
Atp2b1.1,1.85E-30,0.261382731,0.772,0.632,4.96E-26,3,Atp2b1
Fyn,1.41E-50,0.261409529,0.265,0.134,3.78E-46,3,Fyn
Vps54.2,1.02E-34,0.262084052,0.585,0.434,2.74E-30,3,Vps54
Mnat1,6.95E-33,0.262176271,0.317,0.201,1.86E-28,3,Mnat1
Map4k3,7.69E-35,0.262288752,0.512,0.37,2.06E-30,3,Map4k3
Manba,5.27E-31,0.264490338,0.353,0.234,1.41E-26,3,Manba
Pfkfb3,1.56E-24,0.264502722,0.422,0.304,4.18E-20,3,Pfkfb3
Fndc3b,3.21E-43,0.264818611,0.554,0.393,8.62E-39,3,Fndc3b
Gm15478,6E-26,0.265155994,0.262,0.163,1.61E-21,3,Gm15478
Zfand5,8.77E-39,0.267279112,0.266,0.153,2.35E-34,3,Zfand5
Ccny.1,2.91E-35,0.268519659,0.491,0.348,7.82E-31,3,Ccny
Cacul1,1.37E-39,0.268836528,0.327,0.202,3.67E-35,3,Cacul1
Mthfs,1.51E-27,0.268877997,0.491,0.36,4.05E-23,3,Mthfs
Ranbp2.1,2.25E-36,0.268941207,0.408,0.276,6.03E-32,3,Ranbp2
Fyb.1,2.07E-20,0.270156925,0.902,0.827,5.56E-16,3,Fyb
Cdk8,4.28E-48,0.270378182,0.507,0.342,1.15E-43,3,Cdk8
Rai1,8.1E-37,0.270607146,0.453,0.311,2.17E-32,3,Rai1
H3f3b,2.52E-32,0.271343854,0.259,0.152,6.77E-28,3,H3f3b
Usp25.1,1.49E-32,0.272325244,0.437,0.304,4E-28,3,Usp25
Insyn2b,4.86E-36,0.272557388,0.586,0.432,1.3E-31,3,Insyn2b
Cmip.1,3.8E-34,0.273898453,0.752,0.601,1.02E-29,3,Cmip
Tlk1.1,3.6E-35,0.274487193,0.453,0.314,9.67E-31,3,Tlk1
Tbc1d22a,6.4E-42,0.275946267,0.7,0.53,1.72E-37,3,Tbc1d22a
Ptpn6,2.49E-32,0.276337016,0.263,0.158,6.69E-28,3,Ptpn6
Atf6.1,7.59E-39,0.276696858,0.482,0.333,2.04E-34,3,Atf6
Gm2245.1,2.2E-31,0.277737052,0.634,0.488,5.9E-27,3,Gm2245
Tgfbr2,7.2E-33,0.277767184,0.806,0.665,1.93E-28,3,Tgfbr2
Gm16599,9.1E-53,0.277781715,0.622,0.439,2.44E-48,3,Gm16599
Gnaq.1,2.41E-31,0.278052616,0.891,0.78,6.46E-27,3,Gnaq
Agap1,2.15E-23,0.278215548,0.263,0.17,5.77E-19,3,Agap1
Raet1e,3.55E-38,0.278656264,0.257,0.145,9.53E-34,3,Raet1e
Mrtfa.1,8.06E-42,0.278824388,0.514,0.356,2.16E-37,3,Mrtfa
Clint1.1,1.58E-37,0.279073854,0.667,0.506,4.23E-33,3,Clint1
Klhl6.1,1.38E-37,0.279356588,0.412,0.275,3.71E-33,3,Klhl6
Colgalt1,6.02E-40,0.283259311,0.301,0.179,1.62E-35,3,Colgalt1
Stim2,3.67E-31,0.285325665,0.265,0.156,9.85E-27,3,Stim2
Abcd2,2.49E-27,0.285436024,0.463,0.334,6.68E-23,3,Abcd2
Kcnq1ot1.2,4.8E-40,0.285995014,0.479,0.326,1.29E-35,3,Kcnq1ot1
Snx24,6.57E-40,0.288261317,0.762,0.598,1.76E-35,3,Snx24
Etnk1.2,1.91E-37,0.289173958,0.426,0.286,5.12E-33,3,Etnk1
Pde4dip,1.58E-29,0.289562377,0.359,0.238,4.24E-25,3,Pde4dip
B2m.1,5.96E-58,0.290217125,0.449,0.28,1.6E-53,3,B2m
Zup1.1,1.2E-22,0.291056177,0.517,0.394,3.21E-18,3,Zup1
Nol4l,1.23E-29,0.291166171,0.402,0.276,3.3E-25,3,Nol4l
Stx7,1.87E-62,0.294477495,0.514,0.331,5.01E-58,3,Stx7
Eprs,1.49E-32,0.295565327,0.255,0.148,4E-28,3,Eprs
Ncf2,2.6E-37,0.296625248,0.452,0.307,6.99E-33,3,Ncf2
Larp1.1,1.55E-46,0.298008198,0.513,0.347,4.17E-42,3,Larp1
Med14,8.91E-39,0.300316595,0.292,0.171,2.39E-34,3,Med14
Akr1a1,9.99E-39,0.303352027,0.323,0.194,2.68E-34,3,Akr1a1
Lrrc4.1,5.56E-40,0.303514534,0.556,0.394,1.49E-35,3,Lrrc4
Oxct1,9.46E-41,0.30468549,0.665,0.495,2.54E-36,3,Oxct1
4930599N23Rik,5.21E-18,0.304960214,0.276,0.185,1.4E-13,3,4930599N23Rik
Eif4a1,2.85E-37,0.305461353,0.252,0.138,7.66E-33,3,Eif4a1
Psap.2,8.09E-31,0.305600831,0.76,0.617,2.17E-26,3,Psap
Gna13,2.7E-40,0.306495137,0.394,0.253,7.24E-36,3,Gna13
Cacna1d,7.33E-52,0.307385237,0.798,0.615,1.97E-47,3,Cacna1d
Fau,5.31E-39,0.310823324,0.284,0.162,1.42E-34,3,Fau
Snx10.1,6.53E-46,0.311912296,0.415,0.262,1.75E-41,3,Snx10
Irak2,1.41E-35,0.312311287,0.719,0.561,3.78E-31,3,Irak2
Slc44a1,1.86E-36,0.312330692,0.262,0.146,4.98E-32,3,Slc44a1
Rabep1.2,3E-40,0.312495939,0.646,0.476,8.04E-36,3,Rabep1
Atp6v0a1.2,4.33E-27,0.312628493,0.637,0.494,1.16E-22,3,Atp6v0a1
Nktr.2,1.94E-35,0.313160243,0.578,0.419,5.2E-31,3,Nktr
Apaf1,2.81E-32,0.313304809,0.265,0.153,7.54E-28,3,Apaf1
Lrrc8d,7.3E-46,0.314057203,0.569,0.394,1.96E-41,3,Lrrc8d
Cerk,9.22E-26,0.316008947,0.665,0.527,2.47E-21,3,Cerk
A330023F24Rik,2.1E-38,0.318089467,0.298,0.172,5.63E-34,3,A330023F24Rik
Sdcbp.1,2.33E-42,0.318126709,0.404,0.255,6.24E-38,3,Sdcbp
Pign,1.53E-47,0.318198683,0.478,0.312,4.12E-43,3,Pign
Fbxl17.1,8.78E-24,0.318983863,0.831,0.721,2.36E-19,3,Fbxl17
Bcl2.1,1.07E-74,0.321124383,0.359,0.167,2.86E-70,3,Bcl2
Ddx31,6.16E-29,0.321275842,0.324,0.207,1.65E-24,3,Ddx31
Sgpl1.1,6.73E-40,0.322543092,0.408,0.262,1.81E-35,3,Sgpl1
Lat2,2.31E-39,0.323137787,0.259,0.14,6.2E-35,3,Lat2
Slc23a2.1,1.22E-33,0.323532721,0.444,0.304,3.27E-29,3,Slc23a2
Snd1.2,2.86E-40,0.323582033,0.636,0.467,7.69E-36,3,Snd1
Arhgap15.2,3.97E-115,0.323797203,0.521,0.26,1.07E-110,3,Arhgap15
Cux1,9.04E-41,0.324429816,0.846,0.7,2.43E-36,3,Cux1
Arf4,8.67E-44,0.326792741,0.276,0.15,2.33E-39,3,Arf4
Atp6v1c1,4.66E-54,0.327046315,0.445,0.279,1.25E-49,3,Atp6v1c1
Tbxas1,2.77E-43,0.327259329,0.839,0.682,7.43E-39,3,Tbxas1
Cyth1.1,3.07E-45,0.327408425,0.351,0.207,8.24E-41,3,Cyth1
Pid1.2,2.92E-08,0.329114494,0.617,0.553,0.000783131,3,Pid1
Plekhm3.1,1.62E-35,0.332736736,0.589,0.428,4.35E-31,3,Plekhm3
Samhd1.1,4.51E-26,0.332774489,0.326,0.213,1.21E-21,3,Samhd1
Snx8,2.88E-32,0.33300914,0.293,0.174,7.74E-28,3,Snx8
Rab40c,6.34E-44,0.333922036,0.431,0.276,1.7E-39,3,Rab40c
Alkbh1,8.89E-44,0.334704049,0.315,0.179,2.39E-39,3,Alkbh1
Bmt2.1,3.45E-42,0.334869881,0.371,0.228,9.25E-38,3,Bmt2
Eml4,7.2E-32,0.336005332,0.688,0.536,1.93E-27,3,Eml4
Prune2.2,8.21E-50,0.336488751,0.388,0.231,2.2E-45,3,Prune2
Ccnl1.1,3.66E-54,0.337120252,0.574,0.388,9.81E-50,3,Ccnl1
Slc11a1,9.14E-36,0.338101021,0.395,0.254,2.45E-31,3,Slc11a1
Gm26740.2,1.4E-62,0.338295247,0.555,0.356,3.75E-58,3,Gm26740
Skap2,6.25E-55,0.341144044,0.872,0.702,1.68E-50,3,Skap2
Adar,4.49E-35,0.341756336,0.273,0.154,1.21E-30,3,Adar
Cd180,9.74E-34,0.343482745,0.667,0.509,2.61E-29,3,Cd180
Lpp.2,2.95E-35,0.343611343,0.555,0.398,7.93E-31,3,Lpp
Gm26917.1,8.88E-48,0.344159506,0.51,0.333,2.38E-43,3,Gm26917
H2-K1.1,3.94E-63,0.347106711,0.52,0.322,1.06E-58,3,H2-K1
Gm7480,6.95E-46,0.347440358,0.319,0.18,1.87E-41,3,Gm7480
Elf2.1,2.01E-50,0.347732982,0.575,0.39,5.39E-46,3,Elf2
Mtm1,3.26E-43,0.348248004,0.253,0.13,8.75E-39,3,Mtm1
Rttn,9.59E-47,0.349697324,0.256,0.129,2.57E-42,3,Rttn
Nln,2.75E-43,0.35019503,0.266,0.141,7.37E-39,3,Nln
4930405A10Rik,2.54E-37,0.351053068,0.279,0.156,6.83E-33,3,4930405A10Rik
Grb2.2,5.04E-47,0.351377757,0.683,0.499,1.35E-42,3,Grb2
Ddi2.1,3.17E-51,0.351935284,0.539,0.356,8.5E-47,3,Ddi2
Sgms1.1,6.39E-41,0.352217874,0.512,0.347,1.72E-36,3,Sgms1
Slc6a6.1,1.84E-46,0.352241967,0.54,0.364,4.93E-42,3,Slc6a6
Nsmce2.1,4.84E-53,0.352862812,0.604,0.413,1.3E-48,3,Nsmce2
Ctsh,2.55E-32,0.355423453,0.56,0.406,6.83E-28,3,Ctsh
Pi4ka.1,5.14E-48,0.356065858,0.426,0.262,1.38E-43,3,Pi4ka
Rasa4.1,1.73E-33,0.356355588,0.371,0.235,4.64E-29,3,Rasa4
Tbc1d8,4.92E-44,0.35641032,0.418,0.262,1.32E-39,3,Tbc1d8
Eif2ak2.1,7.19E-22,0.356763918,0.341,0.23,1.93E-17,3,Eif2ak2
Abcb1b,1.96E-47,0.357094829,0.384,0.23,5.26E-43,3,Abcb1b
Gab3,5.95E-59,0.357471668,0.312,0.161,1.6E-54,3,Gab3
Ppard,1.33E-45,0.358918843,0.477,0.309,3.56E-41,3,Ppard
Abhd12,5.71E-39,0.359015132,0.865,0.737,1.53E-34,3,Abhd12
Znfx1,9.24E-23,0.359125532,0.277,0.175,2.48E-18,3,Znfx1
Rpl10a,1.27E-48,0.362799484,0.326,0.18,3.41E-44,3,Rpl10a
Npc2.1,2.16E-49,0.362900575,0.371,0.215,5.8E-45,3,Npc2
P4ha1,1.34E-43,0.363655331,0.556,0.381,3.6E-39,3,P4ha1
Eef1a1.1,1.4E-49,0.364566698,0.475,0.302,3.76E-45,3,Eef1a1
Kif13b.1,1.84E-37,0.366429605,0.621,0.454,4.93E-33,3,Kif13b
Gls.1,7.23E-49,0.366692169,0.626,0.436,1.94E-44,3,Gls
Capn15,7.9E-35,0.367364826,0.25,0.135,2.12E-30,3,Capn15
Lamp2.1,1.64E-52,0.367532797,0.606,0.413,4.39E-48,3,Lamp2
Tns1,3.96E-52,0.368448426,0.441,0.27,1.06E-47,3,Tns1
BC005537,1.68E-48,0.370489943,0.317,0.171,4.5E-44,3,BC005537
Fgfr2,9.69E-48,0.372968853,0.701,0.514,2.6E-43,3,Fgfr2
Zc3hav1.2,6.24E-42,0.375863356,0.434,0.276,1.67E-37,3,Zc3hav1
Csnk1g3.2,2.74E-49,0.379006596,0.405,0.241,7.36E-45,3,Csnk1g3
Prickle1,1.59E-34,0.379290419,0.325,0.194,4.27E-30,3,Prickle1
Nadk,2.57E-43,0.380292914,0.304,0.167,6.91E-39,3,Nadk
Traf3.1,2.36E-52,0.382146677,0.517,0.332,6.33E-48,3,Traf3
Aopep.2,2.15E-56,0.383242678,0.612,0.412,5.77E-52,3,Aopep
Timp2.1,7.15E-47,0.385084339,0.355,0.204,1.92E-42,3,Timp2
Rbpms,5.07E-37,0.387203924,0.35,0.211,1.36E-32,3,Rbpms
Znrf2,9.96E-36,0.392430041,0.582,0.418,2.67E-31,3,Znrf2
Mfhas1,6.79E-49,0.394943681,0.437,0.269,1.82E-44,3,Mfhas1
Acer3,1.23E-50,0.395138696,0.729,0.539,3.3E-46,3,Acer3
Akap10.2,1.74E-47,0.39621887,0.631,0.443,4.66E-43,3,Akap10
Irf8,7.03E-49,0.396532754,0.663,0.473,1.89E-44,3,Irf8
Rad51b.1,1.67E-20,0.402958219,0.376,0.263,4.47E-16,3,Rad51b
Bhlhe41,2.09E-43,0.4032009,0.27,0.138,5.61E-39,3,Bhlhe41
Abl2.1,2.78E-53,0.405345232,0.517,0.329,7.47E-49,3,Abl2
Atp8a1,5.17E-42,0.407248457,0.838,0.705,1.39E-37,3,Atp8a1
Fam214a,4.34E-33,0.407750186,0.283,0.16,1.17E-28,3,Fam214a
Nagk,1.46E-46,0.407983183,0.262,0.129,3.91E-42,3,Nagk
Trim30d.1,9.46E-36,0.408401032,0.391,0.246,2.54E-31,3,Trim30d
Cotl1,2.07E-45,0.409535041,0.554,0.374,5.55E-41,3,Cotl1
Eea1.1,5.69E-42,0.414721423,0.38,0.226,1.53E-37,3,Eea1
Lrguk,2.01E-45,0.414823894,0.258,0.126,5.38E-41,3,Lrguk
Susd6.2,2.23E-55,0.415344277,0.649,0.446,5.98E-51,3,Susd6
Dhrs3.1,6.6E-43,0.41872211,0.347,0.197,1.77E-38,3,Dhrs3
Cadm1,1.6E-43,0.420387134,0.826,0.668,4.3E-39,3,Cadm1
Atxn10.1,2.18E-50,0.424791449,0.5,0.316,5.85E-46,3,Atxn10
C9orf72,4.67E-47,0.428111649,0.291,0.148,1.25E-42,3,C9orf72
Cd68,5.03E-53,0.429633829,0.316,0.163,1.35E-48,3,Cd68
Actr3.2,9.18E-59,0.43016788,0.538,0.336,2.46E-54,3,Actr3
Tpd52.1,7.49E-49,0.430932503,0.525,0.339,2.01E-44,3,Tpd52
Eya4,2.44E-52,0.431243215,0.401,0.229,6.54E-48,3,Eya4
Eepd1,4.68E-33,0.431773067,0.257,0.138,1.26E-28,3,Eepd1
Cpeb2.1,2.27E-63,0.4322786,0.492,0.292,6.1E-59,3,Cpeb2
4931406P16Rik,5.18E-56,0.433915195,0.32,0.16,1.39E-51,3,4931406P16Rik
Gpr137b,4.38E-35,0.434108386,0.252,0.131,1.17E-30,3,Gpr137b
Samsn1,1.88E-46,0.437679023,0.522,0.342,5.04E-42,3,Samsn1
Dnajb14.1,4.42E-67,0.437765682,0.423,0.23,1.18E-62,3,Dnajb14
Abca1.1,3.54E-49,0.437840508,0.838,0.681,9.49E-45,3,Abca1
Creb3l2.1,2.96E-45,0.441312575,0.407,0.242,7.93E-41,3,Creb3l2
Abcg1.1,1.11E-52,0.442720684,0.474,0.289,2.97E-48,3,Abcg1
Pik3cb,9.35E-43,0.443361409,0.513,0.337,2.51E-38,3,Pik3cb
Slc25a25,9.57E-38,0.44564945,0.271,0.143,2.57E-33,3,Slc25a25
Ctsc.2,8.19E-46,0.44739153,0.531,0.349,2.2E-41,3,Ctsc
Rbm47.2,4.51E-51,0.454981636,0.706,0.514,1.21E-46,3,Rbm47
Aig1.1,9.81E-49,0.463329598,0.472,0.29,2.63E-44,3,Aig1
Galc,1.73E-62,0.463440688,0.283,0.126,4.64E-58,3,Galc
Cdkal1.1,2.03E-56,0.463985137,0.696,0.492,5.46E-52,3,Cdkal1
Parp9.1,1.52E-40,0.464137404,0.359,0.209,4.07E-36,3,Parp9
Nfkb1.1,1.1E-39,0.466218464,0.721,0.555,2.96E-35,3,Nfkb1
Fnip1.1,6.03E-53,0.469909072,0.677,0.478,1.62E-48,3,Fnip1
Anapc15.1,9.62E-53,0.470398096,0.555,0.359,2.58E-48,3,Anapc15
Fam219a.1,5.54E-46,0.473132323,0.422,0.252,1.49E-41,3,Fam219a
Ccdc88a.1,2.79E-54,0.476576672,0.467,0.279,7.48E-50,3,Ccdc88a
Daam1,7.54E-55,0.47699992,0.425,0.24,2.02E-50,3,Daam1
Dnmt3a,2.96E-66,0.478564215,0.797,0.588,7.95E-62,3,Dnmt3a
H2-D1.1,1.58E-75,0.484077642,0.552,0.324,4.23E-71,3,H2-D1
Akt3.1,3.69E-78,0.490897144,0.732,0.492,9.89E-74,3,Akt3
Nfe2l2.1,1.85E-45,0.491586736,0.526,0.344,4.97E-41,3,Nfe2l2
Itpkb.1,1.22E-45,0.491773806,0.547,0.363,3.26E-41,3,Itpkb
Lrp12,2.69E-58,0.493816911,0.321,0.156,7.21E-54,3,Lrp12
Peak1.2,2.34E-64,0.494257022,0.526,0.315,6.27E-60,3,Peak1
Tns3,3.9E-71,0.494258292,0.868,0.691,1.05E-66,3,Tns3
Slc16a10.1,8.42E-65,0.499343816,0.443,0.245,2.26E-60,3,Slc16a10
Lonrf3,3.44E-53,0.501739719,0.262,0.116,9.23E-49,3,Lonrf3
Litaf.1,6.68E-56,0.505707589,0.384,0.206,1.79E-51,3,Litaf
Myo1f.1,6.77E-85,0.50645029,0.887,0.692,1.82E-80,3,Myo1f
Usp12.1,3.81E-60,0.511214055,0.627,0.413,1.02E-55,3,Usp12
Pvt1.1,2.31E-78,0.520907551,0.797,0.57,6.2E-74,3,Pvt1
Otulin.1,3.55E-44,0.521177898,0.456,0.284,9.53E-40,3,Otulin
Mapkapk2,6.59E-51,0.523459195,0.346,0.182,1.77E-46,3,Mapkapk2
Ctsz.2,9.05E-73,0.524332859,0.629,0.395,2.43E-68,3,Ctsz
Ptprc.2,4.07E-96,0.525578788,0.919,0.754,1.09E-91,3,Ptprc
Tec.1,1.91E-66,0.529640064,0.636,0.411,5.13E-62,3,Tec
Plek,2.25E-46,0.529931361,0.634,0.45,6.04E-42,3,Plek
Sat1.1,6.26E-67,0.53165085,0.616,0.392,1.68E-62,3,Sat1
Alpk1,1.44E-61,0.54083199,0.305,0.138,3.85E-57,3,Alpk1
Plekha1.1,1.78E-82,0.543402499,0.569,0.325,4.78E-78,3,Plekha1
Atp6v1a,8.64E-57,0.544511005,0.319,0.152,2.32E-52,3,Atp6v1a
Ascc3.1,6.7E-55,0.544668309,0.657,0.455,1.8E-50,3,Ascc3
Cpq,4.72E-44,0.549019177,0.266,0.128,1.27E-39,3,Cpq
Tbc1d1.2,1.14E-73,0.552832492,0.429,0.219,3.05E-69,3,Tbc1d1
Coro1c,2.72E-82,0.553156597,0.35,0.151,7.31E-78,3,Coro1c
Rnf149,8.45E-55,0.562864335,0.308,0.144,2.27E-50,3,Rnf149
Ctnnb1,1.43E-74,0.565867128,0.325,0.139,3.83E-70,3,Ctnnb1
Ddx60.1,5.06E-37,0.567058933,0.344,0.199,1.36E-32,3,Ddx60
Rufy3.2,7.39E-71,0.568145769,0.482,0.264,1.98E-66,3,Rufy3
AU020206.1,1.21E-92,0.571707108,0.763,0.506,3.26E-88,3,AU020206
Lrmda.1,2.08E-154,0.572553427,0.993,0.894,5.57E-150,3,Lrmda
Atg7.1,6.26E-76,0.57303236,0.385,0.182,1.68E-71,3,Atg7
Fblim1,5.75E-62,0.580643136,0.268,0.109,1.54E-57,3,Fblim1
Asph,1.24E-75,0.581880954,0.797,0.587,3.33E-71,3,Asph
Bcl2l1.1,1.11E-51,0.581976292,0.559,0.364,2.98E-47,3,Bcl2l1
Slc38a6.2,1.29E-57,0.582929859,0.419,0.228,3.45E-53,3,Slc38a6
Tspan5,1.35E-58,0.586420502,0.349,0.171,3.63E-54,3,Tspan5
Dgkz.1,2.33E-73,0.588084736,0.616,0.381,6.26E-69,3,Dgkz
Atp6v1b2.2,4.69E-79,0.596026006,0.475,0.246,1.26E-74,3,Atp6v1b2
A330040F15Rik,1.96E-42,0.597998824,0.274,0.135,5.27E-38,3,A330040F15Rik
Csf2ra.1,3.76E-65,0.598652565,0.475,0.263,1.01E-60,3,Csf2ra
Cdk14.1,1E-48,0.600773914,0.632,0.445,2.69E-44,3,Cdk14
Abr.1,6.65E-86,0.604068193,0.737,0.489,1.78E-81,3,Abr
Gsap.1,6.2E-86,0.604995016,0.741,0.496,1.66E-81,3,Gsap
Fth1.2,6.38E-74,0.609832036,0.615,0.378,1.71E-69,3,Fth1
Nrp2.1,7.16E-68,0.61347405,0.421,0.216,1.92E-63,3,Nrp2
Tank.2,3.45E-58,0.61392373,0.444,0.248,9.27E-54,3,Tank
Nrp1.2,2.37E-87,0.617577004,0.747,0.497,6.36E-83,3,Nrp1
Stat1.2,1.95E-42,0.618429573,0.425,0.26,5.24E-38,3,Stat1
Trim30a.2,1.92E-57,0.62623942,0.612,0.406,5.15E-53,3,Trim30a
Sgk1,2.13E-52,0.627970372,0.334,0.167,5.72E-48,3,Sgk1
Sh3bp2.2,4.32E-69,0.628103581,0.421,0.213,1.16E-64,3,Sh3bp2
Ell2,2.21E-70,0.628788844,0.256,0.094,5.94E-66,3,Ell2
Cd48.1,1.4E-76,0.63140505,0.384,0.177,3.75E-72,3,Cd48
Mitf.1,8.01E-105,0.636572107,0.902,0.715,2.15E-100,3,Mitf
Ctsd.2,3.02E-97,0.642876451,0.912,0.736,8.11E-93,3,Ctsd
Dtnbp1.1,7.02E-79,0.645153093,0.54,0.301,1.88E-74,3,Dtnbp1
Cd9.1,6.38E-90,0.645311956,0.713,0.455,1.71E-85,3,Cd9
Ftl1,1.94E-68,0.646085877,0.358,0.165,5.21E-64,3,Ftl1
Myo9b.2,1.39E-102,0.646405378,0.679,0.4,3.73E-98,3,Myo9b
Neat1.2,3.15E-95,0.649583532,0.531,0.272,8.46E-91,3,Neat1
A930037H05Rik,3.03E-49,0.652485633,0.275,0.127,8.12E-45,3,A930037H05Rik
Cpd,5.89E-69,0.65450119,0.361,0.167,1.58E-64,3,Cpd
Tent5c,1.36E-72,0.656385375,0.357,0.16,3.65E-68,3,Tent5c
Iqsec1,4.46E-94,0.658835621,0.266,0.08,1.2E-89,3,Iqsec1
Rassf3.1,3.11E-95,0.662261188,0.57,0.307,8.35E-91,3,Rassf3
Cd63,4.85E-75,0.664238808,0.35,0.152,1.3E-70,3,Cd63
Parp14.2,1.4E-37,0.667223753,0.393,0.241,3.76E-33,3,Parp14
Prr5l,3.8E-72,0.679774604,0.278,0.104,1.02E-67,3,Prr5l
Arid5b.1,2.19E-78,0.680424127,0.673,0.434,5.88E-74,3,Arid5b
Stat2,4.7E-45,0.682293887,0.306,0.158,1.26E-40,3,Stat2
Zc3h12c,3.28E-75,0.685427626,0.326,0.135,8.81E-71,3,Zc3h12c
Fat3.1,7.6E-36,0.688084044,0.525,0.373,2.04E-31,3,Fat3
Soat1.2,5.34E-87,0.691618196,0.452,0.216,1.43E-82,3,Soat1
Galnt7.2,1.99E-82,0.695229376,0.537,0.294,5.33E-78,3,Galnt7
Gnptab,3.77E-95,0.712602359,0.363,0.142,1.01E-90,3,Gnptab
Cd83.1,9.38E-66,0.712952942,0.412,0.21,2.52E-61,3,Cd83
Gm4951,4.67E-53,0.715748611,0.294,0.136,1.25E-48,3,Gm4951
Sp100.2,2.38E-89,0.725310986,0.484,0.239,6.39E-85,3,Sp100
Arhgap26.1,1.98E-85,0.727245608,0.381,0.164,5.31E-81,3,Arhgap26
Gng12.2,4.38E-100,0.727681406,0.572,0.302,1.18E-95,3,Gng12
Cd300lf,1.09E-96,0.729976647,0.263,0.076,2.91E-92,3,Cd300lf
Znrf3.2,5.47E-95,0.731439805,0.453,0.208,1.47E-90,3,Znrf3
Arhgap25.2,3.9E-100,0.736829383,0.72,0.457,1.05E-95,3,Arhgap25
Aplp2.1,2.49E-98,0.737049408,0.426,0.184,6.68E-94,3,Aplp2
Cers6.2,7.4E-97,0.739946393,0.596,0.329,1.98E-92,3,Cers6
Ctsb.1,2.89E-103,0.745526311,0.748,0.489,7.75E-99,3,Ctsb
Nlrc5.1,1.17E-88,0.746871505,0.374,0.155,3.15E-84,3,Nlrc5
Rnf213.2,1.78E-46,0.755607605,0.45,0.28,4.77E-42,3,Rnf213
P2rx4.1,7.1E-108,0.761909417,0.623,0.341,1.9E-103,3,P2rx4
Vps13c.1,1.48E-115,0.767584239,0.698,0.412,3.96E-111,3,Vps13c
Nceh1,1.18E-103,0.769207061,0.376,0.142,3.18E-99,3,Nceh1
Herc6.1,8.97E-49,0.771151452,0.365,0.198,2.41E-44,3,Herc6
Chst11.1,2.42E-57,0.77568608,0.522,0.328,6.48E-53,3,Chst11
Tnfsf8,1.94E-89,0.791493964,0.316,0.114,5.19E-85,3,Tnfsf8
St8sia6.1,1.85E-109,0.795643552,0.46,0.198,4.95E-105,3,St8sia6
Cd84.1,1.07E-134,0.799222912,0.823,0.566,2.86E-130,3,Cd84
Ptchd1,4.32E-92,0.818298304,0.324,0.117,1.16E-87,3,Ptchd1
Oasl2,2.85E-76,0.834547316,0.255,0.086,7.65E-72,3,Oasl2
Trps1.2,6.43E-132,0.836522567,0.49,0.2,1.73E-127,3,Trps1
Zfp704.1,6.56E-100,0.849977651,0.45,0.201,1.76E-95,3,Zfp704
Fmnl2.1,2.15E-97,0.850416803,0.68,0.418,5.76E-93,3,Fmnl2
Lyz2,9.72E-83,0.881775848,0.317,0.121,2.61E-78,3,Lyz2
Prkg1.1,3.93E-67,0.888634498,0.464,0.254,1.05E-62,3,Prkg1
Gas2l3,1.45E-146,0.893886224,0.302,0.068,3.9E-142,3,Gas2l3
Plekhm2.1,4.23E-141,0.896795087,0.667,0.35,1.13E-136,3,Plekhm2
Sh3pxd2b,1.02E-162,0.913114369,0.29,0.055,2.73E-158,3,Sh3pxd2b
Arhgap24.1,7.82E-173,0.919453306,0.818,0.484,2.1E-168,3,Arhgap24
Fgr.1,1.17E-132,0.927145125,0.477,0.189,3.15E-128,3,Fgr
Apoe.1,1.28E-146,0.950576694,0.522,0.211,3.43E-142,3,Apoe
Hif1a.2,1.61E-139,0.960403771,0.593,0.282,4.31E-135,3,Hif1a
Mdfic.1,1.7E-177,0.970718023,0.389,0.101,4.56E-173,3,Mdfic
Gm15283.2,3.51E-131,1.013166357,0.558,0.26,9.41E-127,3,Gm15283
Ifi204,9.69E-100,1.017554989,0.373,0.146,2.6E-95,3,Ifi204
Cacna1a.1,6.44E-145,1.026866529,0.711,0.413,1.73E-140,3,Cacna1a
Rftn1.2,1.57E-180,1.055751138,0.643,0.285,4.22E-176,3,Rftn1
Itgax,1.29E-165,1.067320081,0.357,0.088,3.45E-161,3,Itgax
Etl4.1,2.52E-105,1.082800584,0.432,0.191,6.77E-101,3,Etl4
Cybb,6.42E-161,1.105075774,0.263,0.043,1.72E-156,3,Cybb
Osbpl8.2,9.15E-194,1.105382878,0.767,0.439,2.45E-189,3,Osbpl8
Olfr111,4.61E-185,1.121396215,0.438,0.124,1.24E-180,3,Olfr111
Lyst.2,1.18E-209,1.129344822,0.77,0.443,3.16E-205,3,Lyst
Axl.1,3.67E-219,1.144184075,0.519,0.155,9.85E-215,3,Axl
Ank.1,3.24E-102,1.146982094,0.567,0.313,8.69E-98,3,Ank
Rai14.1,7.83E-194,1.148826248,0.484,0.149,2.1E-189,3,Rai14
Ifi207,4.49E-177,1.159576449,0.37,0.088,1.2E-172,3,Ifi207
Fnip2.2,2.37E-172,1.162976917,0.718,0.428,6.36E-168,3,Fnip2
Myo5a.2,1.27E-248,1.224353819,0.737,0.326,3.42E-244,3,Myo5a
Apbb2.1,0,1.268607232,0.888,0.544,0,3,Apbb2
Csf1.1,8.38E-180,1.296763312,0.475,0.153,2.25E-175,3,Csf1
Fmn1.1,3.87E-208,1.312174094,0.601,0.242,1.04E-203,3,Fmn1
Ddhd1.1,1.24E-224,1.317838566,0.544,0.178,3.31E-220,3,Ddhd1
Acaca.2,7.68E-229,1.333202598,0.671,0.295,2.06E-224,3,Acaca
Xylt1.2,4.14E-197,1.358311841,0.542,0.198,1.11E-192,3,Xylt1
Bcar3,7.52E-222,1.362277884,0.416,0.092,2.02E-217,3,Bcar3
Lpl,7.41E-166,1.389011281,0.301,0.062,1.99E-161,3,Lpl
Cd74,7.37E-175,1.403097255,0.374,0.093,1.98E-170,3,Cd74
March3.2,6.32E-204,1.414991855,0.626,0.257,1.7E-199,3,44988
Myo1e.2,4.25E-232,1.41924017,0.709,0.319,1.14E-227,3,Myo1e
Alcam,7.13E-157,1.472601725,0.319,0.073,1.91E-152,3,Alcam
Fgf13.2,4.4E-241,1.474070467,0.844,0.528,1.18E-236,3,Fgf13
Gas7.1,2.36E-243,1.55557063,0.48,0.123,6.32E-239,3,Gas7
Fam20c,2.16E-266,1.556224783,0.395,0.066,5.81E-262,3,Fam20c
Apobec1.2,0,1.616262594,0.737,0.319,0,3,Apobec1
Igf1,1.14E-274,1.675195543,0.365,0.048,3.05E-270,3,Igf1
Flt1,1.62504053051355e-310,1.687238915,0.362,0.036,4.36E-306,3,Flt1
Spp1,4.5E-302,2.013828261,0.349,0.036,1.21E-297,3,Spp1
Lilrb4a.1,0,2.077834276,0.7,0.114,0,3,Lilrb4a