gene,X,p_val,avg_log2FC,pct.1,pct.2,p_val_adj,color,Average.UMI.per.cell..homeostatic.microglia.,Fold.change..DAM.to.homeostatic.microglia.,X.log10.DAM..p.value..Mann.Whitney.,DAM.FDR.p.value
0610040J01Rik,0610040J01Rik.2,9.75E-89,-0.825018432,0.395,0.563,2.62E-84,blue,0.269118,-0.983298,4.411716,3.516102
2510009E07Rik,2510009E07Rik,2.25E-20,-0.122307366,0.253,0.231,6.03E-16,blue,0.193824,-0.40289,0.226155,0.302922
4632427E13Rik,4632427E13Rik,6.32E-29,-0.100521883,0.326,0.286,1.70E-24,blue,0.002059,3.805967,1.398183,0.991774
4930402H24Rik,4930402H24Rik,1.50E-28,0.100097751,0.263,0.183,4.03E-24,red,0.027647,-3.400699,0.642936,0.507881
4931406P16Rik,4931406P16Rik,5.18E-56,0.433915195,0.32,0.16,1.39E-51,red,0.055588,1.367752,2.225653,1.614514
4933406I18Rik,4933406I18Rik.2,2.31E-106,-0.750591456,0.629,0.732,6.20E-102,blue,0.004706,-2.168038,0.033458,0.220785
9930021J03Rik,9930021J03Rik,1.37E-20,-0.115582961,0.367,0.333,3.67E-16,blue,0.134412,-1.196733,1.10549,0.791814
9930111J21Rik2,9930111J21Rik2.1,1.16E-22,0.120830443,0.309,0.231,3.10E-18,red,0.185882,-1.529304,1.024966,0.737776
Abca1,Abca1.1,3.54E-49,0.437840508,0.838,0.681,9.49E-45,red,0.469118,-0.903497,2.906122,2.188873
Abca9,Abca9.1,8.99E-119,-1.009072893,0.322,0.519,2.41E-114,blue,0.476765,-1.460019,3.565944,2.76587
Abcb1b,Abcb1b,1.96E-47,0.357094829,0.384,0.23,5.26E-43,red,0.053824,-0.850848,0.028013,0.219626
Abcd2,Abcd2,2.49E-27,0.285436024,0.463,0.334,6.68E-23,red,0.122353,1.384188,4.715185,3.78488
Abcg1,Abcg1.1,1.11E-52,0.442720684,0.474,0.289,2.97E-48,red,0.201471,-0.20862,0.187256,0.28161
Abhd12,Abhd12,5.71E-39,0.359015132,0.865,0.737,1.53E-34,red,1.500588,0.423508,2.114691,1.52605
Abi3,Abi3.1,5.94E-33,-0.284307006,0.407,0.42,1.59E-28,blue,0.756471,-0.592831,3.335363,2.568305
Abl1,Abl1.1,1.08E-33,-0.275252718,0.372,0.374,2.89E-29,blue,0.28,-1.288069,3.985227,3.136565
Abl2,Abl2.1,2.78E-53,0.405345232,0.517,0.329,7.47E-49,red,0.111176,-0.21458,0.165088,0.275923
Abr,Abr.1,6.65E-86,0.604068193,0.737,0.489,1.78E-81,red,0.104706,-0.405367,0.437946,0.399118
Acaca,Acaca.2,7.68E-229,1.333202598,0.671,0.295,2.06E-224,red,0.012647,2.382977,4.23655,3.356883
Acap2,Acap2.1,4.83E-37,-0.19039221,0.678,0.645,1.30E-32,blue,0.342941,-1.879657,1.703125,1.208517
Acbd3,Acbd3,1.03E-29,0.104654606,0.264,0.186,2.77E-25,red,0.139706,-1.387396,1.22869,0.876899
Acer3,Acer3,1.23E-50,0.395138696,0.729,0.539,3.30E-46,red,0.317059,0.165088,1.967167,1.409444
Acss1,Acss1.1,7.15E-27,-0.330710442,0.292,0.321,1.92E-22,blue,0.106765,-1.482039,1.12184,0.804793
Actb,Actb.1,1.46E-34,0.116332165,0.372,0.269,3.92E-30,red,13.949706,-0.354314,8.339501,7.195905
Actr2,Actr2,4.26E-39,0.114723359,0.585,0.456,1.14E-34,red,0.841765,-0.314339,0.514741,0.44218
Actr3,Actr3.2,9.18E-59,0.43016788,0.538,0.336,2.46E-54,red,0.360588,-0.652994,0.079245,0.238189
Adam10,Adam10.1,1.66E-42,-0.147708941,0.468,0.412,4.44E-38,blue,0.662059,-0.412605,1.412919,1.001773
Adam17,Adam17,1.27E-45,0.234783071,0.499,0.347,3.41E-41,red,0.358529,-0.247093,0.012428,0.213039
Adap2,Adap2.1,1.05E-61,-0.426147678,0.706,0.727,2.82E-57,blue,0.432647,-1.264355,4.919634,3.972333
Adar,Adar,4.49E-35,0.341756336,0.273,0.154,1.21E-30,red,0.058235,1.377531,2.694438,2.004117
Adcy7,Adcy7.1,8.31E-45,0.26084081,0.505,0.346,2.23E-40,red,0.211471,-1.257006,1.505332,1.067909
Aff1,Aff1.2,3.04E-29,0.216523568,0.388,0.276,8.15E-25,red,0.150882,-1.470413,1.408953,0.998367
Aff4,Aff4.1,4.61E-37,0.203754858,0.462,0.331,1.24E-32,red,0.152647,-0.386729,0.454267,0.407641
Aftph,Aftph,8.66E-41,-0.315620335,0.517,0.517,2.32E-36,blue,0.330294,-1.015778,2.184521,1.581303
Agap1,Agap1,2.15E-23,0.278215548,0.263,0.17,5.77E-19,red,0.027647,-0.915272,0.224041,0.301719
Agmo,Agmo.2,5.69E-101,-0.952622054,0.418,0.594,1.53E-96,blue,0.072353,-0.396307,0.32368,0.348337
Agps,Agps.2,3.97E-35,-0.240809682,0.431,0.416,1.07E-30,blue,0.183235,-1.008183,1.885568,1.348174
Aig1,Aig1.1,9.81E-49,0.463329598,0.472,0.29,2.63E-44,red,0.066471,1.201608,1.466252,1.040286
Aim2,Aim2,2.57E-27,0.19760427,0.548,0.424,6.90E-23,red,0.118824,-1.636425,0.948951,0.680718
Akap10,Akap10.2,1.74E-47,0.39621887,0.631,0.443,4.66E-43,red,0.081765,-0.827547,0.10304,0.248974
Akt3,Akt3.1,3.69E-78,0.490897144,0.732,0.492,9.89E-74,red,0.027647,0.581154,0.941588,0.678766
Alkbh1,Alkbh1,8.89E-44,0.334704049,0.315,0.179,2.39E-39,red,0.054412,-0.699419,0.118071,0.256244
Alpk1,Alpk1,1.44E-61,0.54083199,0.305,0.138,3.85E-57,red,0.012647,0.763249,0.03177,0.220506
Ank,Ank.1,3.24E-102,1.146982094,0.567,0.313,8.69E-98,red,0.055,4.87659,51.962204,49.47467
Ankhd1,Ankhd1.2,1.64E-41,0.182259369,0.642,0.491,4.39E-37,red,0.101765,-0.636882,0.11703,0.255994
Ankrd10,Ankrd10,2.33E-25,-0.102928081,0.252,0.221,6.26E-21,blue,0.104118,-0.880756,0.27185,0.323101
Ankrd12,Ankrd12.1,3.08E-25,0.218515064,0.527,0.404,8.28E-21,red,0.070882,0.378504,0.007325,0.211347
Ankrd17,Ankrd17,4.07E-37,0.172123209,0.682,0.539,1.09E-32,red,0.199118,-0.670183,0.433509,0.395986
Ankrd44,Ankrd44.1,2.38E-71,-0.473717348,0.778,0.812,6.39E-67,blue,0.223824,-1.280359,0.604267,0.487231
Anks1,Anks1,3.79E-41,-0.218076131,0.431,0.402,1.02E-36,blue,0.108529,-1.095602,0.491042,0.429894
Anxa3,Anxa3.1,3.37E-35,0.225534662,0.733,0.585,9.04E-31,red,0.360588,0.715602,2.429478,1.787519
Ap3b1,Ap3b1,1.87E-34,0.158812448,0.628,0.494,5.01E-30,red,0.152941,-0.1625,0.007993,0.21154
Apaf1,Apaf1,2.81E-32,0.313304809,0.265,0.153,7.54E-28,red,0.025588,0.988931,0.790499,0.587828
Apbb1ip,Apbb1ip.2,6.26E-25,-0.201486648,0.87,0.868,1.68E-20,blue,1.03,-0.626852,2.593764,1.920682
Apbb2,Apbb2.1,0,1.268607232,0.888,0.544,0,red,0.052647,2.651927,13.819744,12.394357
Apc,Apc.1,7.89E-58,-0.351629745,0.467,0.457,2.12E-53,blue,0.2,-1.292027,0.86582,0.634485
Aplp2,Aplp2.1,2.49E-98,0.737049408,0.426,0.184,6.68E-94,red,0.14,2.283658,13.981943,12.547782
Apobec1,Apobec1.2,0,1.616262594,0.737,0.319,0,red,0.154706,-0.637101,0.141998,0.268468
Apoe,Apoe.1,1.28E-146,0.950576694,0.522,0.211,3.43E-142,red,2.924118,3.428991,62.739188,59.915861
Arf4,Arf4,8.67E-44,0.326792741,0.276,0.15,2.33E-39,red,0.267059,-0.136605,0.34902,0.353493
Arfgef2,Arfgef2,5.40E-22,0.127053783,0.269,0.196,1.45E-17,red,0.037941,0.786519,0.520881,0.446
Arglu1,Arglu1.1,1.84E-43,-0.267355746,0.524,0.508,4.93E-39,blue,0.271176,-0.465914,0.770116,0.575179
Arhgap12,Arhgap12.1,6.46E-34,-0.163893155,0.497,0.456,1.73E-29,blue,0.198529,-1.263001,1.476522,1.047647
Arhgap22,Arhgap22.1,2.49E-20,-0.219342089,0.558,0.56,6.68E-16,blue,0.160588,-1.216401,1.356177,0.963946
Arhgap25,Arhgap25.2,3.90E-100,0.736829383,0.72,0.457,1.05E-95,red,0.230882,-0.10863,0.316647,0.345902
Arhgap26,Arhgap26.1,1.98E-85,0.727245608,0.381,0.164,5.31E-81,red,0.004706,3.820647,0.944637,0.679819
Arhgap39,Arhgap39.1,1.97E-23,0.11783933,0.711,0.6,5.28E-19,red,0.199118,-0.452109,1.35043,0.960607
Arhgap5,Arhgap5.2,2.14E-72,-0.512190516,0.692,0.725,5.75E-68,blue,0.865588,-0.809996,2.289853,1.667012
Arhgef2,Arhgef2.1,2.80E-43,0.123303292,0.381,0.271,7.52E-39,red,0.265588,-0.777167,1.124745,0.807246
Arhgef6,Arhgef6,3.52E-28,-0.168141827,0.305,0.281,9.44E-24,blue,0.199706,-0.761524,1.207354,0.866424
Arid1a,Arid1a.1,1.29E-36,-0.210740539,0.524,0.499,3.47E-32,blue,0.5,-0.739486,2.253151,1.63665
Arid1b,Arid1b,4.09E-33,0.175941124,0.763,0.623,1.10E-28,red,0.154412,-0.489966,0.178267,0.27706
Arid4a,Arid4a.1,8.73E-38,-0.298511911,0.389,0.4,2.34E-33,blue,0.213529,-1.877448,2.133939,1.537212
Arid5b,Arid5b.1,2.19E-78,0.680424127,0.673,0.434,5.88E-74,red,0.093235,-0.618396,0.322751,0.348023
Arih1,Arih1.1,2.12E-38,0.112967164,0.647,0.514,5.70E-34,red,0.071176,0.667986,0.907105,0.66127
Arpc1b,Arpc1b,9.84E-32,0.134978474,0.355,0.257,2.64E-27,red,0.405588,0.355297,2.62674,1.946948
Arrb2,Arrb2.1,2.71E-22,-0.258752765,0.253,0.27,7.26E-18,blue,0.513824,-0.964287,3.540042,2.744065
Arsb,Arsb.1,6.26E-31,-0.277544831,0.44,0.43,1.68E-26,blue,1.082059,-0.345137,0.996335,0.716869
Asap1,Asap1,7.50E-25,0.23145932,0.906,0.811,2.01E-20,red,0.132353,0.912999,1.364551,0.968277
Ascc3,Ascc3.1,6.70E-55,0.544668309,0.657,0.455,1.80E-50,red,0.049412,0.247,0.625697,0.498143
Asph,Asph,1.24E-75,0.581880954,0.797,0.587,3.33E-71,red,0.558824,-0.161976,0.076501,0.237026
Asxl1,Asxl1,8.88E-28,-0.250824745,0.393,0.391,2.38E-23,blue,0.062059,0.176952,0.032366,0.22061
Atf6,Atf6.1,7.59E-39,0.276696858,0.482,0.333,2.04E-34,red,0.189706,-0.108876,0.175373,0.275636
Atf7,Atf7,1.05E-37,0.119250846,0.512,0.388,2.81E-33,red,0.041176,0.573044,1.377341,0.977533
Atf7ip,Atf7ip,7.15E-44,-0.161385581,0.444,0.391,1.92E-39,blue,0.21,-1.670538,1.768251,1.259143
Atg7,Atg7.1,6.26E-76,0.57303236,0.385,0.182,1.68E-71,red,0.040882,0.413461,0.0958,0.24637
Atp11c,Atp11c,9.12E-26,0.152223525,0.342,0.251,2.45E-21,red,0.030294,1.588405,1.513417,1.073007
Atp1b3,Atp1b3,1.04E-44,0.238421037,0.284,0.167,2.78E-40,red,0.805,0.921377,9.587644,8.371772
Atp2b1,Atp2b1.1,1.85E-30,0.261382731,0.772,0.632,4.96E-26,red,0.456765,-1.229721,1.786482,1.268507
Atp2c1,Atp2c1.1,7.19E-35,-0.160965221,0.496,0.449,1.93E-30,blue,0.321765,-0.923585,0.621559,0.495171
Atp6v0a1,Atp6v0a1.2,4.33E-27,0.312628493,0.637,0.494,1.16E-22,red,0.194706,-0.538725,0.396358,0.376147
Atp6v0c,Atp6v0c.1,3.12E-42,0.208441647,0.33,0.209,8.38E-38,red,0.188824,1.5362,16.946474,15.382423
Atp6v0d1,Atp6v0d1.1,2.30E-34,0.254025351,0.324,0.208,6.17E-30,red,0.219118,0.412399,1.430865,1.014362
Atp6v1a,Atp6v1a,8.64E-57,0.544511005,0.319,0.152,2.32E-52,red,0.140882,1.110475,4.917557,3.971217
Atp6v1c1,Atp6v1c1,4.66E-54,0.327046315,0.445,0.279,1.25E-49,red,0.140588,1.115971,3.615115,2.812977
Atp7a,Atp7a,1.10E-30,0.231977164,0.418,0.295,2.95E-26,red,0.049118,0.343076,0.936338,0.676492
Atp8a1,Atp8a1,5.17E-42,0.407248457,0.838,0.705,1.39E-37,red,0.312353,-0.295793,0.027505,0.219677
Atp9b,Atp9b,7.13E-45,0.177053959,0.611,0.456,1.91E-40,red,0.109412,-1.006757,0.371019,0.363602
Atrx,Atrx.1,3.16E-27,-0.102163341,0.558,0.502,8.47E-23,blue,0.300294,-0.704373,1.558587,1.103857
Atxn10,Atxn10.1,2.18E-50,0.424791449,0.5,0.316,5.85E-46,red,0.166471,1.062343,4.742916,3.811684
Atxn7l1,Atxn7l1,1.38E-31,0.144016746,0.616,0.488,3.70E-27,red,0.055294,-2.078771,1.130463,0.811607
Avl9,Avl9.1,5.17E-32,0.104361513,0.324,0.236,1.39E-27,red,0.074118,-0.637523,0.148458,0.271666
AW554918,AW554918,7.82E-31,-0.243896228,0.344,0.331,2.10E-26,blue,0.033235,-0.778763,0.595661,0.48386
Axl,Axl.1,3.67E-219,1.144184075,0.519,0.155,9.85E-215,red,0.069706,4.290287,48.126161,45.728803
B2m,B2m.1,5.96E-58,0.290217125,0.449,0.28,1.60E-53,red,7.072353,1.374797,59.855107,57.156719
B4galt1,B4galt1,4.11E-25,-0.126475362,0.452,0.417,1.10E-20,blue,0.387647,-0.913787,1.659107,1.176225
Bach2,Bach2.1,1.99E-26,-0.16823405,0.588,0.541,5.34E-22,blue,0.119412,-1.341521,0.949713,0.681279
Baz1a,Baz1a,2.76E-27,0.113059259,0.368,0.274,7.42E-23,red,0.114118,-0.802166,1.176523,0.845025
Bbs9,Bbs9.2,3.57E-63,-0.6827098,0.423,0.527,9.59E-59,blue,0.089412,-1.328503,0.93959,0.677762
Bbx,Bbx.1,8.28E-25,0.190608807,0.34,0.241,2.22E-20,red,0.119706,-0.647098,0.140699,0.267493
BC005537,BC005537,1.68E-48,0.370489943,0.317,0.171,4.50E-44,red,0.361176,-0.288026,0.089868,0.243807
Bcl2,Bcl2.1,1.07E-74,0.321124383,0.359,0.167,2.86E-70,red,0.066471,0.429636,2.75436,2.060294
Bcl2l1,Bcl2l1.1,1.11E-51,0.581976292,0.559,0.364,2.98E-47,red,0.145588,-0.286433,0.36049,0.357803
Bcl9,Bcl9.1,7.44E-29,-0.155498718,0.269,0.243,2.00E-24,blue,0.078235,-2.31643,1.790069,1.271377
Bhlhe41,Bhlhe41,2.09E-43,0.4032009,0.27,0.138,5.61E-39,red,0.548235,-0.110383,0.947091,0.679261
Bin1,Bin1.1,4.56E-66,-0.451005218,0.689,0.727,1.22E-61,blue,1.485882,-1.170324,9.606739,8.387278
Bin2,Bin2.1,6.87E-53,-0.545301318,0.34,0.411,1.84E-48,blue,0.073235,-1.735722,0.828024,0.609463
Blnk,Blnk,1.59E-33,0.252675032,0.782,0.636,4.28E-29,red,0.417353,-0.350984,0.194207,0.284076
Bmp2k,Bmp2k.1,7.75E-46,-0.267552085,0.739,0.707,2.08E-41,blue,1.176471,-0.94647,4.784759,3.846982
Bmpr2,Bmpr2,1.88E-41,0.178198458,0.522,0.38,5.05E-37,red,0.095,-1.060485,0.994196,0.715351
Btbd9,Btbd9,1.59E-30,0.165943485,0.823,0.694,4.26E-26,red,0.065588,-1.383975,0.805507,0.595493
C1qa,C1qa.2,2.83E-24,0.125652929,0.814,0.706,7.60E-20,red,8.280882,-0.215596,3.481972,2.696072
C1qc,C1qc.1,3.14E-27,-0.113290252,0.706,0.652,8.42E-23,blue,5.916471,-0.467267,9.954291,8.712648
Cab39,Cab39.1,9.44E-31,0.144017975,0.36,0.258,2.53E-26,red,0.215588,-1.056351,0.877583,0.639341
Cables1,Cables1.1,1.62E-37,-0.541688308,0.272,0.354,4.34E-33,blue,0.382059,-0.341299,0.486393,0.427243
Cadm1,Cadm1,1.60E-43,0.420387134,0.826,0.668,4.30E-39,red,0.225882,2.492552,33.410246,31.300129
Calm2,Calm2.1,2.42E-29,-0.245264246,0.308,0.302,6.50E-25,blue,1.336176,-1.318877,10.600326,9.318995
Camk1,Camk1.1,4.91E-34,-0.18222247,0.395,0.368,1.32E-29,blue,0.434706,-0.512593,1.470788,1.04366
Camk1d,Camk1d,2.25E-17,-0.124821983,0.907,0.886,6.05E-13,blue,0.21,-0.39043,0.279038,0.326602
Cap1,Cap1,2.76E-26,0.183147492,0.355,0.256,7.41E-22,red,0.589118,-0.463559,0.858451,0.629148
Capn3,Capn3.1,2.73E-66,-0.731204667,0.294,0.433,7.31E-62,blue,0.182941,0.299384,0.041344,0.223412
Cask,Cask.1,7.94E-37,-0.319412994,0.498,0.497,2.13E-32,blue,0.117059,-0.909845,1.405432,0.995405
Casp8,Casp8,4.29E-31,-0.198832028,0.347,0.332,1.15E-26,blue,0.291471,-1.256593,1.332285,0.950654
Cbfb,Cbfb,3.73E-33,0.141726004,0.34,0.239,1.00E-28,red,0.184706,-0.338537,0.036254,0.221669
Ccdc88a,Ccdc88a.1,2.79E-54,0.476576672,0.467,0.279,7.48E-50,red,0.056471,1.850626,1.395739,0.99016
Ccdc93,Ccdc93.1,4.85E-30,-0.121120666,0.377,0.34,1.30E-25,blue,0.122647,-1.026451,0.828715,0.609434
Ccm2,Ccm2,2.26E-20,-0.235355427,0.245,0.252,6.08E-16,blue,0.109706,-1.052858,0.090774,0.243873
Ccni,Ccni,6.36E-21,-0.148208496,0.25,0.236,1.71E-16,blue,0.622941,-0.122447,0.328825,0.350803
Ccnl1,Ccnl1.1,3.66E-54,0.337120252,0.574,0.388,9.81E-50,red,0.113235,0.303943,0.713457,0.544146
Ccny,Ccny.1,2.91E-35,0.268519659,0.491,0.348,7.82E-31,red,0.082941,1.063098,1.79253,1.273478
Ccr5,Ccr5.1,7.79E-40,-0.577852739,0.214,0.293,2.09E-35,blue,1.477353,-2.340838,22.33377,20.517622
Cd180,Cd180,9.74E-34,0.343482745,0.667,0.509,2.61E-29,red,0.39,1.147347,8.198211,7.062116
Cd300lf,Cd300lf,1.09E-96,0.729976647,0.263,0.076,2.91E-92,red,0.186765,-0.559787,0.869851,0.636287
Cd33,Cd33.2,4.93E-33,-0.442056439,0.262,0.329,1.32E-28,blue,0.205588,-1.369259,2.855893,2.145395
Cd37,Cd37.1,3.66E-29,-0.138596153,0.479,0.437,9.81E-25,blue,0.652059,0.359621,2.684341,1.996676
Cd48,Cd48.1,1.40E-76,0.63140505,0.384,0.177,3.75E-72,red,0.226176,1.208018,9.237716,8.044478
Cd63,Cd63,4.85E-75,0.664238808,0.35,0.152,1.30E-70,red,0.390588,2.326131,41.012193,38.753137
Cd68,Cd68,5.03E-53,0.429633829,0.316,0.163,1.35E-48,red,1.267941,1.339356,28.332805,26.322392
Cd74,Cd74,7.37E-175,1.403097255,0.374,0.093,1.98E-170,red,0.185588,2.020314,15.442088,13.961184
Cd81,Cd81.2,8.24E-44,-0.378530825,0.426,0.445,2.21E-39,blue,3.917647,-0.1491,0.822901,0.606671
Cd83,Cd83.1,9.38E-66,0.712952942,0.412,0.21,2.52E-61,red,0.142647,2.817012,26.457415,24.528035
Cd84,Cd84.1,1.07E-134,0.799222912,0.823,0.566,2.86E-130,red,0.345294,0.399617,3.895051,3.05324
Cd9,Cd9.1,6.38E-90,0.645311956,0.713,0.455,1.71E-85,red,1.399118,2.06811,53.356627,50.83433
Cdk17,Cdk17.2,6.89E-43,0.230842808,0.483,0.333,1.85E-38,red,0.033824,-0.313088,0.088481,0.24303
Cdk6,Cdk6,1.05E-25,0.215845669,0.401,0.293,2.82E-21,red,0.026471,0.340109,0.019651,0.215994
Cebpz,Cebpz.1,7.40E-24,-0.20209591,0.253,0.253,1.98E-19,blue,0.284412,-0.621886,1.119003,0.802857
Celf1,Celf1,2.83E-26,0.116761346,0.637,0.526,7.59E-22,red,0.269412,-1.35619,2.26489,1.646135
Celf2,Celf2.1,7.56E-57,-0.429851696,0.847,0.857,2.03E-52,blue,0.695294,-1.105926,4.337224,3.447553
Cep170,Cep170.1,2.25E-28,-0.206672743,0.37,0.361,6.03E-24,blue,0.147059,-1.057007,2.04029,1.466976
Cept1,Cept1.1,1.40E-41,0.250812768,0.422,0.284,3.76E-37,red,0.156176,-0.819727,0.688022,0.531992
Cflar,Cflar.1,5.39E-31,-0.100847363,0.523,0.474,1.45E-26,blue,0.205588,-0.42243,0.284203,0.329227
Chd4,Chd4.1,8.63E-29,0.161734033,0.388,0.284,2.32E-24,red,0.383235,-0.182504,0.07526,0.23661
Chd6,Chd6,1.19E-41,-0.177004521,0.428,0.382,3.20E-37,blue,0.123529,-2.596881,2.562438,1.896467
Chd7,Chd7.1,3.52E-25,0.145759635,0.711,0.593,9.45E-21,red,0.182941,-0.324687,0.253821,0.31642
Chd9,Chd9.1,3.90E-116,-0.616062317,0.832,0.871,1.05E-111,blue,0.292059,-2.494331,4.376627,3.48357
Chmp4b,Chmp4b,1.14E-30,0.214923261,0.269,0.171,3.06E-26,red,0.172647,0.502024,0.441831,0.400858
Chst11,Chst11.1,2.42E-57,0.77568608,0.522,0.328,6.48E-53,red,0.073235,1.251339,5.961936,4.953744
Clasp2,Clasp2.1,7.53E-42,-0.221427355,0.671,0.635,2.02E-37,blue,0.143529,-0.850848,0.633107,0.502481
Clint1,Clint1.1,1.58E-37,0.279073854,0.667,0.506,4.23E-33,red,0.220294,0.549927,0.4843,0.426766
Clk1,Clk1,6.16E-42,-0.115330391,0.484,0.42,1.65E-37,blue,0.295882,-1.650599,3.451053,2.669777
Clk4,Clk4,7.39E-33,0.115186781,0.399,0.296,1.98E-28,red,0.057941,-1.146234,0.088019,0.242949
Cnot4,Cnot4,1.13E-42,0.184272688,0.669,0.512,3.04E-38,red,0.061176,0.945304,0.975216,0.701301
Cnot6l,Cnot6l,1.33E-41,0.122316619,0.423,0.303,3.57E-37,red,0.251765,-0.313315,0.201556,0.288586
Col27a1,Col27a1.1,1.22E-62,-0.754567062,0.202,0.331,3.27E-58,blue,0.171176,-0.995361,0.937047,0.676607
Copa,Copa,7.30E-39,0.178328262,0.376,0.26,1.96E-34,red,0.124412,0.611274,1.692147,1.202603
Coro1c,Coro1c,2.72E-82,0.553156597,0.35,0.151,7.31E-78,red,0.096765,1.166986,1.69399,1.203775
Coro7,Coro7,6.27E-31,0.176401994,0.289,0.194,1.68E-26,red,0.081765,-1.702016,0.06946,0.23536
Cotl1,Cotl1,2.07E-45,0.409535041,0.554,0.374,5.55E-41,red,0.465294,0.477058,2.695302,2.004448
Cpd,Cpd,5.89E-69,0.65450119,0.361,0.167,1.58E-64,red,0.050294,2.603934,9.408264,8.201238
Cpeb2,Cpeb2.1,2.27E-63,0.4322786,0.492,0.292,6.10E-59,red,0.106765,0.305416,1.321445,0.942684
Cpeb4,Cpeb4,2.98E-32,0.162248706,0.31,0.212,8.00E-28,red,0.083235,-0.712783,0.336604,0.353697
Creb3l2,Creb3l2.1,2.96E-45,0.441312575,0.407,0.242,7.93E-41,red,0.115294,0.871888,2.126328,1.531316
Crlf3,Crlf3,5.61E-37,-0.145933492,0.536,0.486,1.51E-32,blue,0.203824,-1.22971,1.509046,1.070431
Cryl1,Cryl1.1,4.57E-36,-0.372568209,0.27,0.295,1.23E-31,blue,0.193824,-1.008611,1.249876,0.89218
Csad,Csad.1,4.03E-32,-0.305566174,0.26,0.272,1.08E-27,blue,0.126176,-2.131512,1.987627,1.42596
Csf1,Csf1.1,8.38E-180,1.296763312,0.475,0.153,2.25E-175,red,0.017941,5.225405,27.866522,25.888294
Csf1r,Csf1r.2,1.16E-113,-0.618430579,0.77,0.829,3.12E-109,blue,12.371765,-0.468992,15.544638,14.046963
Csf2ra,Csf2ra.1,3.76E-65,0.598652565,0.475,0.263,1.01E-60,red,0.065294,1.864095,9.577174,8.363086
Csmd3,Csmd3.2,0,-1.482878453,0.775,0.911,0,blue,0.114118,-0.578126,0.684409,0.529623
Cst3,Cst3.2,6.69E-159,-0.98775648,0.777,0.857,1.80E-154,blue,46.351765,-0.22888,6.059475,5.045708
Ctnnb1,Ctnnb1,1.43E-74,0.565867128,0.325,0.139,3.83E-70,red,0.356471,0.318409,0.714722,0.544447
Ctsa,Ctsa,4.00E-30,0.210278869,0.399,0.283,1.07E-25,red,1.497647,1.195445,21.505042,19.729639
Ctsb,Ctsb.1,2.89E-103,0.745526311,0.748,0.489,7.75E-99,red,3.778235,2.04363,68.255592,65.256173
Ctsc,Ctsc.2,8.19E-46,0.44739153,0.531,0.349,2.20E-41,red,0.964118,0.223483,1.369774,0.972144
Ctsd,Ctsd.2,3.02E-97,0.642876451,0.912,0.736,8.11E-93,red,13.804706,1.452347,65.910003,63.007495
Ctsh,Ctsh,2.55E-32,0.355423453,0.56,0.406,6.83E-28,red,1.169412,0.398422,1.719805,1.221446
Ctsl,Ctsl.1,2.31E-31,0.2501592,0.431,0.305,6.19E-27,red,2.237941,1.456878,31.996289,29.913325
Ctsz,Ctsz.2,9.05E-73,0.524332859,0.629,0.395,2.43E-68,red,1.6,1.684372,45.806799,43.43577
Cttnbp2nl,Cttnbp2nl.1,3.11E-33,-0.290032612,0.584,0.592,8.35E-29,blue,1.219412,-1.008123,5.738986,4.74389
Cux1,Cux1,9.04E-41,0.324429816,0.846,0.7,2.43E-36,red,0.169412,0.295032,2.719414,2.026957
Cx3cr1,Cx3cr1.2,1.60E-79,-0.539655629,0.706,0.764,4.29E-75,blue,11.152353,-1.359911,55.105993,52.504515
Cyba,Cyba,1.44E-34,0.174929739,0.281,0.185,3.88E-30,red,0.9,0.603585,7.227382,6.117265
Cybb,Cybb,6.42E-161,1.105075774,0.263,0.043,1.72E-156,red,0.055294,2.691001,9.026283,7.844761
Cyfip1,Cyfip1.1,7.34E-28,-0.143706963,0.743,0.698,1.97E-23,blue,1.253235,-0.386598,1.687764,1.198891
Cyth3,Cyth3,2.43E-22,0.149837054,0.27,0.189,6.52E-18,red,0.067647,-0.219112,0.186659,0.28145
Daam1,Daam1,7.54E-55,0.47699992,0.425,0.24,2.02E-50,red,0.040882,0.297984,1.415839,1.003851
Dapp1,Dapp1.1,1.50E-45,-0.492223052,0.362,0.424,4.02E-41,blue,0.236176,-2.863098,6.297989,5.263538
Ddx24,Ddx24.1,1.12E-25,0.127689084,0.305,0.219,3.00E-21,red,0.146176,0.288488,0.20609,0.291248
Ddx31,Ddx31,6.16E-29,0.321275842,0.324,0.207,1.65E-24,red,0.043824,0.996498,2.832113,2.126058
Ddx50,Ddx50.1,3.32E-33,0.134975521,0.368,0.266,8.90E-29,red,0.066176,-0.187403,0.018908,0.215459
Dennd4a,Dennd4a.1,4.20E-54,-0.397934983,0.773,0.796,1.13E-49,blue,0.172647,-0.35963,0.054951,0.230101
Dennd5a,Dennd5a.1,8.79E-22,-0.126367426,0.372,0.347,2.36E-17,blue,0.195882,-0.352659,0.644575,0.508479
Dgkz,Dgkz.1,2.33E-73,0.588084736,0.616,0.381,6.26E-69,red,0.067941,0.951757,1.806534,1.284961
Dhrs3,Dhrs3.1,6.60E-43,0.41872211,0.347,0.197,1.77E-38,red,0.505294,0.623637,3.40928,2.633228
Dido1,Dido1,6.02E-30,-0.114472629,0.308,0.271,1.61E-25,blue,0.117059,-1.412345,1.639933,1.160671
Dip2b,Dip2b.1,9.73E-103,-0.610209254,0.757,0.814,2.61E-98,blue,0.322353,-0.860929,2.588225,1.917187
Dis3l2,Dis3l2,4.07E-36,0.143957332,0.494,0.369,1.09E-31,red,0.016471,0.234061,0.223917,0.301867
Dleu2,Dleu2.1,4.73E-31,-0.243768101,0.888,0.876,1.27E-26,blue,0.051176,0.319756,0.044477,0.225042
Dnajb14,Dnajb14.1,4.42E-67,0.437765682,0.423,0.23,1.18E-62,red,0.150294,1.372001,9.086333,7.901495
Dnm2,Dnm2.1,1.34E-34,-0.181860777,0.537,0.509,3.60E-30,blue,0.439706,-1.088259,2.353135,1.719673
Dnmt3a,Dnmt3a,2.96E-66,0.478564215,0.797,0.588,7.95E-62,red,0.140882,0.447717,0.363158,0.359595
Dock10,Dock10,2.86E-77,-0.552022291,0.777,0.837,7.68E-73,blue,0.386176,-1.366818,3.788129,2.959706
Dock2,Dock2.1,1.30E-31,0.242859658,0.956,0.885,3.48E-27,red,0.330294,-0.675471,0.9024,0.657522
Dock4,Dock4.2,5.19E-116,-0.479130326,0.958,0.94,1.39E-111,blue,0.090588,-1.3263,2.331095,1.702283
Dock8,Dock8.1,7.55E-25,-0.215960906,0.877,0.879,2.03E-20,blue,0.252353,-0.393235,0.211588,0.294327
Dpysl2,Dpysl2.1,9.99E-16,-0.170361441,0.297,0.297,2.68E-11,blue,0.391471,-0.315112,0.011824,0.212914
Dram2,Dram2.1,1.36E-26,0.202057664,0.335,0.234,3.65E-22,red,0.270294,-1.172755,2.606564,1.930914
Dtnbp1,Dtnbp1.1,7.02E-79,0.645153093,0.54,0.301,1.88E-74,red,0.097647,0.661494,1.967157,1.409827
Dync1li1,Dync1li1,3.24E-31,0.168205458,0.266,0.174,8.70E-27,red,0.108824,-0.175857,0.092697,0.244802
E2f3,E2f3.2,2.98E-31,-0.172574645,0.396,0.364,8.00E-27,blue,0.081471,-3.194317,2.552662,1.887698
Eef1a1,Eef1a1.1,1.40E-49,0.364566698,0.475,0.302,3.76E-45,red,0.319412,0.609791,4.689214,3.761678
Eef2k,Eef2k.2,2.76E-51,-0.661937231,0.213,0.32,7.41E-47,blue,0.217059,-2.447587,5.093998,4.133002
Ehd4,Ehd4.1,2.55E-35,0.186048058,0.459,0.329,6.85E-31,red,0.414412,-0.366399,0.359198,0.357821
Elf2,Elf2.1,2.01E-50,0.347732982,0.575,0.39,5.39E-46,red,0.187353,-0.53482,0.156858,0.274545
Elk3,Elk3,2.06E-42,0.141418393,0.605,0.465,5.53E-38,red,0.278235,0.201294,1.271836,0.908655
Ell2,Ell2,2.21E-70,0.628788844,0.256,0.094,5.94E-66,red,0.012941,2.903912,2.258918,1.641967
Elmo1,Elmo1.2,1.18E-246,-0.88490551,0.938,0.97,3.18E-242,blue,0.541471,-1.463565,6.615799,5.559628
Entpd1,Entpd1.1,2.54E-60,-0.554851426,0.606,0.702,6.81E-56,blue,0.942059,-1.189364,8.945812,7.770846
Ep400,Ep400,7.13E-36,0.116364136,0.411,0.303,1.91E-31,red,0.114118,-0.46417,0.025014,0.218512
Epc2,Epc2,2.06E-25,-0.185755088,0.27,0.258,5.53E-21,blue,0.114118,-0.779266,1.719781,1.221764
Eprs,Eprs,1.49E-32,0.295565327,0.255,0.148,4.00E-28,red,0.142059,0.60957,1.403934,0.994745
Eps15,Eps15.2,6.11E-40,0.125406772,0.418,0.3,1.64E-35,red,0.099118,0.615266,1.166539,0.838526
Epsti1,Epsti1.2,1.60E-16,0.250043475,0.499,0.395,4.30E-12,red,0.033824,-0.398818,0.345152,0.352093
Erp29,Erp29,2.45E-29,0.149137889,0.378,0.278,6.56E-25,red,0.735882,0.104384,0.855793,0.627962
Etl4,Etl4.1,2.52E-105,1.082800584,0.432,0.191,6.77E-101,red,0.004412,3.625511,5.27286,4.301809
Etnk1,Etnk1.2,1.91E-37,0.289173958,0.426,0.286,5.12E-33,red,0.263824,-1.011218,1.423809,1.009005
Etv6,Etv6,1.47E-20,0.257998081,0.848,0.749,3.94E-16,red,0.109118,-0.179751,0.183688,0.279962
Evi5,Evi5.1,2.23E-30,-0.172262917,0.302,0.274,5.98E-26,blue,0.099118,-0.316715,0.461097,0.411922
Exoc4,Exoc4,9.66E-30,0.151132969,0.836,0.714,2.59E-25,red,0.121765,-0.566904,0.38055,0.368575
Ext1,Ext1.2,5.78E-31,0.176883837,0.573,0.444,1.55E-26,red,0.030294,0.211551,0.252952,0.316586
Eya4,Eya4,2.44E-52,0.431243215,0.401,0.229,6.54E-48,red,0.014412,-0.39043,0.336811,0.353695
F11r,F11r.1,3.14E-29,-0.220067703,0.405,0.396,8.41E-25,blue,1.262941,-0.874201,7.633498,6.510587
Fam102b,Fam102b.2,4.11E-71,-0.781150559,0.32,0.447,1.10E-66,blue,0.982353,-0.688795,1.441674,1.020322
Fam117b,Fam117b.1,6.19E-31,-0.20905476,0.363,0.343,1.66E-26,blue,0.188235,-0.484341,0.120262,0.257169
Fam120a,Fam120a,6.74E-42,0.236288059,0.386,0.255,1.81E-37,red,0.113529,0.305594,1.121398,0.804576
Fam129a,Fam129a,5.12E-21,0.140465597,0.257,0.181,1.37E-16,red,0.1,1.14367,1.630682,1.153056
Fam168a,Fam168a.1,1.75E-31,-0.139797907,0.442,0.396,4.69E-27,blue,0.224118,-0.960325,0.931812,0.674529
Fam20c,Fam20c,2.16E-266,1.556224783,0.395,0.066,5.81E-262,red,0.006765,5.700718,21.584578,19.802644
Fam49b,Fam49b.1,1.50E-40,-0.23675204,0.883,0.856,4.04E-36,blue,0.799412,-0.846747,4.29183,3.407189
Fat3,Fat3.1,7.60E-36,0.688084044,0.525,0.373,2.04E-31,red,0.027941,0.637146,0.720598,0.547093
Fau,Fau,5.31E-39,0.310823324,0.284,0.162,1.42E-34,red,0.259412,1.243315,12.23178,10.892753
Fbrsl1,Fbrsl1.1,6.05E-25,-0.158594866,0.384,0.365,1.62E-20,blue,0.379412,-1.473287,3.849868,3.014058
Fbxl17,Fbxl17.1,8.78E-24,0.318983863,0.831,0.721,2.36E-19,red,0.063824,-1.681662,0.883071,0.642943
Fbxw4,Fbxw4,1.33E-24,0.120255221,0.465,0.364,3.57E-20,red,0.216765,-0.123703,0.027959,0.219643
Fbxw7,Fbxw7,7.40E-30,0.14704301,0.396,0.291,1.99E-25,red,0.082353,-1.489966,1.5922,1.12649
Fcer1g,Fcer1g.1,8.26E-28,0.105465473,0.35,0.261,2.22E-23,red,1.703824,0.691891,7.222499,6.113782
Fcgr2b,Fcgr2b,7.49E-27,0.185412781,0.256,0.168,2.01E-22,red,0.36,0.14443,1.800117,1.279626
Fcho2,Fcho2,8.55E-32,-0.147145422,0.651,0.604,2.30E-27,blue,0.226765,-1.093289,1.281758,0.914798
Fchsd2,Fchsd2.2,4.00E-96,-0.714248362,0.654,0.757,1.07E-91,blue,0.327647,-1.797718,4.469631,3.566253
Fcrls,Fcrls.2,8.88E-32,-0.343319982,0.451,0.485,2.38E-27,blue,3.126176,-0.411256,2.731323,2.03833
Fermt3,Fermt3.1,1.24E-30,-0.210699624,0.444,0.427,3.34E-26,blue,0.361176,-0.819108,1.420691,1.007297
Fgd2,Fgd2.2,8.74E-105,-0.798181911,0.456,0.63,2.35E-100,blue,0.632647,-1.816765,10.540515,9.263319
Fgd4,Fgd4.1,7.85E-29,0.136738552,0.431,0.324,2.11E-24,red,0.054118,0.508072,0.733135,0.555067
Fkbp5,Fkbp5.1,4.49E-34,-0.382204515,0.407,0.42,1.20E-29,blue,0.187647,-0.508171,0.041159,0.22337
Fli1,Fli1.1,6.92E-38,-0.307503017,0.808,0.831,1.86E-33,blue,0.310882,-0.721944,1.755746,1.248739
Fmnl2,Fmnl2.1,2.15E-97,0.850416803,0.68,0.418,5.76E-93,red,0.037059,-0.262675,0.31713,0.345877
Fnbp1,Fnbp1.1,5.75E-44,-0.43106181,0.553,0.593,1.54E-39,blue,0.224706,-0.206308,0.815725,0.60217
Fndc3b,Fndc3b,3.21E-43,0.264818611,0.554,0.393,8.62E-39,red,0.090882,0.253986,0.962755,0.691285
Fnip1,Fnip1.1,6.03E-53,0.469909072,0.677,0.478,1.62E-48,red,0.177647,-0.567239,0.817441,0.603175
Foxn3,Foxn3.1,2.57E-29,-0.271269124,0.898,0.904,6.90E-25,blue,0.129118,-0.331405,0.292487,0.331391
Foxp1,Foxp1.1,1.40E-22,-0.175915452,0.698,0.653,3.77E-18,blue,0.172647,-1.098468,0.748792,0.562288
Frmd4a,Frmd4a.2,1.38E-115,-0.565452884,0.841,0.87,3.71E-111,blue,0.872059,-1.284002,4.015425,3.161359
Frmd4b,Frmd4b,1.67E-22,-0.157233491,0.851,0.82,4.48E-18,blue,0.330294,-1.171897,3.119159,2.378617
Frrs1,Frrs1,3.05E-41,0.217989902,0.517,0.37,8.19E-37,red,0.033824,1.693831,2.929225,2.207989
Fth1,Fth1.2,6.38E-74,0.609832036,0.615,0.378,1.71E-69,red,1.920294,1.514116,42.318021,40.017573
Ftl1,Ftl1,1.94E-68,0.646085877,0.358,0.165,5.21E-64,red,0.036765,2.160799,13.432738,12.02716
Fubp1,Fubp1,1.20E-35,0.108670178,0.555,0.433,3.22E-31,red,0.156471,-0.53682,0.348924,0.353505
Fut8,Fut8,1.21E-21,-0.158057975,0.29,0.271,3.26E-17,blue,0.087941,-0.637152,0.070667,0.23523
Fyb,Fyb.1,2.07E-20,0.270156925,0.902,0.827,5.56E-16,red,0.425588,-0.675365,1.001386,0.720884
Fyco1,Fyco1,3.53E-24,-0.137965671,0.27,0.248,9.46E-20,blue,0.052941,-3.200459,1.607756,1.138217
Fyn,Fyn,1.41E-50,0.261409529,0.265,0.134,3.78E-46,red,0.047059,0.565316,1.15942,0.832792
Gab1,Gab1.1,7.27E-32,-0.49800304,0.228,0.285,1.95E-27,blue,0.148824,-2.220294,3.062833,2.327643
Gab2,Gab2,3.08E-32,0.257208469,0.939,0.849,8.25E-28,red,0.083529,-0.497606,0,0.208822
Galc,Galc,1.73E-62,0.463440688,0.283,0.126,4.64E-58,red,0.078529,0.505976,2.026311,1.455028
Gas5,Gas5,2.44E-32,0.209082391,0.281,0.18,6.55E-28,red,0.167941,1.158431,5.622817,4.634122
Gatad2a,Gatad2a,1.99E-44,0.206048939,0.287,0.175,5.35E-40,red,0.168824,-0.438127,0.594432,0.482913
Gdi2,Gdi2.1,5.31E-38,-0.177293237,0.521,0.482,1.43E-33,blue,0.863529,0.108365,0.433344,0.396059
Gfm2,Gfm2.1,2.02E-30,-0.174764858,0.37,0.348,5.42E-26,blue,0.092353,-0.496874,0.151339,0.272495
Ggnbp2,Ggnbp2.1,2.51E-36,0.141437259,0.399,0.285,6.73E-32,red,0.197941,-0.573816,0.247128,0.315524
Git2,Git2.1,1.09E-41,-0.335061693,0.514,0.532,2.93E-37,blue,0.471765,-1.230534,1.913603,1.367885
Gna13,Gna13,2.70E-40,0.306495137,0.394,0.253,7.24E-36,red,0.420294,-0.62646,2.026047,1.455573
Gna15,Gna15.1,2.58E-30,-0.300791278,0.332,0.354,6.92E-26,blue,0.622647,-1.364094,6.830659,5.75552
Gnas,Gnas,2.95E-21,0.177884421,0.463,0.359,7.92E-17,red,1.475882,2.152279,53.754474,51.194388
Gnb1,Gnb1,5.90E-35,0.103356873,0.523,0.404,1.58E-30,red,0.453529,-0.351357,0.306991,0.33999
Gng12,Gng12.2,4.38E-100,0.727681406,0.572,0.302,1.18E-95,red,0.096176,1.544904,7.11711,6.018059
Gng2,Gng2,1.53E-50,-0.467722392,0.388,0.42,4.10E-46,blue,0.283529,-1.254379,3.105931,2.365987
Gnptab,Gnptab,3.77E-95,0.712602359,0.363,0.142,1.01E-90,red,0.034412,1.131522,2.508415,1.851913
Gns,Gns,3.63E-30,0.191504604,0.695,0.56,9.73E-26,red,1.493824,0.618019,6.442867,5.40249
Golm1,Golm1.2,6.34E-46,-0.398132521,0.421,0.447,1.70E-41,blue,1.740588,-0.806389,6.769101,5.699102
Gpr183,Gpr183,1.74E-20,0.217010604,0.329,0.236,4.67E-16,red,0.487059,-0.901523,2.291816,1.668518
Gpr34,Gpr34.2,3.11E-73,-0.704271947,0.399,0.498,8.35E-69,blue,3.750882,-0.85822,12.216125,10.879465
Grb2,Grb2.2,5.04E-47,0.351377757,0.683,0.499,1.35E-42,red,0.418235,-0.920644,0.917262,0.667387
Grn,Grn.1,1.62E-29,0.175286453,0.48,0.36,4.34E-25,red,3.173235,1.03402,26.594712,24.655992
Gse1,Gse1.1,4.43E-29,0.227872244,0.324,0.215,1.19E-24,red,0.072941,-1.056145,0.26819,0.321466
Gsk3b,Gsk3b,7.09E-41,0.119061772,0.549,0.42,1.90E-36,red,0.237059,-0.708932,1.697854,1.205954
Gspt1,Gspt1.1,2.34E-25,-0.242552477,0.256,0.258,6.28E-21,blue,0.230882,-0.184674,0.046117,0.226179
Gtf2h2,Gtf2h2.2,1.37E-55,-0.482892487,0.414,0.47,3.68E-51,blue,0.215294,-1.282858,3.745027,2.922424
Gtf2i,Gtf2i.1,8.42E-38,-0.295292953,0.366,0.368,2.26E-33,blue,0.297647,-1.330853,2.020667,1.450597
Gusb,Gusb,4.10E-34,0.17907718,0.333,0.227,1.10E-29,red,0.512059,1.791202,27.188383,25.220374
H2-D1,H2-D1.1,1.58E-75,0.484077642,0.552,0.324,4.23E-71,red,0.337941,2.988854,51.773366,49.318016
H2-K1,H2-K1.1,3.94E-63,0.347106711,0.52,0.322,1.06E-58,red,0.428824,2.197553,33.964708,31.840352
H3f3b,H3f3b,2.52E-32,0.271343854,0.259,0.152,6.77E-28,red,0.922941,-0.324236,0.470047,0.417695
Hck,Hck.1,7.40E-11,-0.130119089,0.433,0.44,1.99E-06,blue,0.296765,-1.069933,2.148518,1.549206
Helz,Helz,1.20E-33,-0.208891006,0.358,0.338,3.21E-29,blue,0.154118,-2.420101,1.553617,1.100433
Herc2,Herc2.1,5.98E-50,-0.26089206,0.669,0.636,1.60E-45,blue,0.360294,-0.841641,1.53456,1.085982
Hexa,Hexa,6.34E-30,0.120556727,0.416,0.317,1.70E-25,red,1.585,1.191048,24.210447,22.333244
Hif1a,Hif1a.2,1.61E-139,0.960403771,0.593,0.282,4.31E-135,red,0.217941,1.50198,12.899055,11.517685
Hnrnpm,Hnrnpm,5.03E-43,0.125945663,0.486,0.362,1.35E-38,red,0.212647,-0.511072,0.268185,0.321557
Hnrnpr,Hnrnpr,3.14E-24,-0.120649683,0.262,0.234,8.44E-20,blue,0.102647,-0.708231,0.088939,0.243259
Hook3,Hook3,1.44E-38,-0.141223502,0.425,0.376,3.86E-34,blue,0.312941,-0.540326,0.040223,0.223149
Hpcal1,Hpcal1,2.46E-42,0.251527257,0.316,0.193,6.61E-38,red,0.074118,-0.458817,0.055225,0.230303
Hpgd,Hpgd.1,4.11E-40,-0.641675803,0.221,0.318,1.10E-35,blue,1.098529,-0.976939,5.796337,4.798003
Hpgds,Hpgds.1,5.80E-44,-0.265925163,0.779,0.765,1.56E-39,blue,0.681176,-1.131138,3.163598,2.419452
Hps3,Hps3,3.37E-26,-0.112938409,0.421,0.388,9.03E-22,blue,0.239118,-2.280561,3.772054,2.945093
Hps4,Hps4.2,2.31E-37,-0.102921402,0.442,0.384,6.20E-33,blue,0.306176,-0.591879,0.504175,0.435451
Hsp90b1,Hsp90b1.1,9.63E-26,0.204344326,0.402,0.291,2.59E-21,red,1.983235,0.127854,0.365422,0.360651
Htt,Htt,1.32E-35,0.147995112,0.389,0.28,3.54E-31,red,0.042353,-0.315595,0.29581,0.333419
Ifi204,Ifi204,9.69E-100,1.017554989,0.373,0.146,2.60E-95,red,0.030882,2.470863,4.852602,3.911989
Ifngr1,Ifngr1,5.92E-35,-0.424989264,0.255,0.305,1.59E-30,blue,1.225588,-1.587352,13.061491,11.669528
Ifngr2,Ifngr2,1.44E-39,0.196755602,0.434,0.306,3.86E-35,red,0.565294,-0.166537,0.178181,0.277147
Igf1,Igf1,1.14E-274,1.675195543,0.365,0.048,3.05E-270,red,0.033824,4.222486,24.230077,22.344602
Ikzf1,Ikzf1.1,4.75E-35,-0.277235199,0.832,0.833,1.27E-30,blue,0.424412,-1.019037,1.916568,1.36932
Il10ra,Il10ra.1,1.52E-34,-0.260582246,0.399,0.405,4.08E-30,blue,0.748824,-1.277483,8.878822,7.707097
Il10rb,Il10rb,1.03E-28,0.141230268,0.297,0.209,2.77E-24,red,0.366471,-0.431536,0.44314,0.401209
Il15,Il15,5.17E-26,0.183724561,0.278,0.19,1.39E-21,red,0.048529,-0.305541,0.038758,0.222823
Il6ra,Il6ra.2,1.68E-65,-0.587272403,0.428,0.52,4.51E-61,blue,0.960882,-1.789221,10.20998,8.956807
Impact,Impact,2.04E-39,0.119429366,0.325,0.224,5.48E-35,red,0.048824,0.363813,0.567707,0.47002
Inpp4b,Inpp4b,5.36E-34,-0.370672534,0.857,0.867,1.44E-29,blue,0.06,-1.840463,1.700536,1.207623
Inpp5d,Inpp5d.1,9.87E-88,-0.418571198,0.954,0.957,2.65E-83,blue,1.030588,-0.829083,4.4867,3.580704
Ip6k1,Ip6k1,6.59E-43,-0.166459337,0.336,0.298,1.77E-38,blue,0.196176,-1.483492,2.856217,2.14516
Ipcef1,Ipcef1,5.03E-22,0.158708393,0.368,0.275,1.35E-17,red,0.023529,1.017829,1.256594,0.89716
Irf8,Irf8,7.03E-49,0.396532754,0.663,0.473,1.89E-44,red,0.747059,0.173298,0.315617,0.345887
Itch,Itch,1.34E-30,-0.183393853,0.537,0.511,3.61E-26,blue,0.129118,-1.063472,0.738854,0.555345
Itga6,Itga6.2,8.75E-21,-0.153507902,0.498,0.47,2.35E-16,blue,1.056471,-0.904468,4.442771,3.544585
Itga9,Itga9.1,2.77E-63,-0.882943326,0.137,0.293,7.43E-59,blue,0.166765,-1.940203,3.024236,2.290814
Itgam,Itgam.1,4.38E-32,-0.335668444,0.525,0.571,1.18E-27,blue,2.063235,-1.124086,11.222016,9.921568
Itgav,Itgav.2,1.27E-23,-0.108701809,0.43,0.394,3.40E-19,blue,0.327059,-1.270171,3.236866,2.481106
Itgax,Itgax,1.29E-165,1.067320081,0.357,0.088,3.45E-161,red,0.003235,7.860371,45.544294,43.198088
Itm2b,Itm2b.1,4.91E-34,-0.186591684,0.694,0.659,1.32E-29,blue,9.015882,0.385876,8.422408,7.272716
Itpkb,Itpkb.1,1.22E-45,0.491773806,0.547,0.363,3.26E-41,red,0.103529,0.100451,0.442415,0.400963
Itpr2,Itpr2.1,4.43E-37,-0.215351061,0.658,0.629,1.19E-32,blue,0.235588,-0.317841,0.644183,0.508533
Ivns1abp,Ivns1abp.2,1.88E-83,-0.611739141,0.676,0.725,5.05E-79,blue,0.968824,-1.274347,6.012747,5.002333
Jak1,Jak1,1.13E-29,-0.16010724,0.466,0.426,3.02E-25,blue,0.587059,-1.075651,3.73275,2.912309
Jarid2,Jarid2,8.30E-30,-0.247489651,0.304,0.301,2.23E-25,blue,0.059412,-0.636425,1.345451,0.957756
Kat2b,Kat2b,1.33E-22,-0.118456047,0.253,0.221,3.56E-18,blue,0.050588,-0.71166,0.325993,0.349312
Kdm2a,Kdm2a,2.02E-32,0.229773383,0.619,0.474,5.42E-28,red,0.186765,-0.986798,0.758532,0.568842
Kdm2b,Kdm2b.1,7.27E-29,-0.305068539,0.289,0.302,1.95E-24,blue,0.118529,-0.396409,0.610325,0.489428
Kdm3a,Kdm3a,1.10E-34,0.139904105,0.32,0.223,2.95E-30,red,0.088824,-0.20677,0.135338,0.264158
Kdm3b,Kdm3b.1,2.14E-32,-0.171367706,0.439,0.408,5.75E-28,blue,0.102353,-1.253429,1.680738,1.193537
Kif13a,Kif13a,2.25E-30,-0.13940483,0.306,0.275,6.05E-26,blue,0.064706,-2.70147,1.353414,0.961987
Kif21b,Kif21b.1,1.93E-42,-0.490469202,0.259,0.324,5.17E-38,blue,0.201176,-1.631694,3.719289,2.901
Klf3,Klf3.1,1.53E-29,-0.290707449,0.269,0.288,4.11E-25,blue,0.254706,-1.191551,1.76379,1.255733
Klhl24,Klhl24,1.94E-26,0.102583038,0.311,0.23,5.21E-22,red,0.146176,-0.44566,0.603985,0.487376
Klhl6,Klhl6.1,1.38E-37,0.279356588,0.412,0.275,3.71E-33,red,0.143529,1.04843,4.514069,3.605438
Kpna3,Kpna3,1.26E-38,0.235340358,0.434,0.298,3.38E-34,red,0.145882,0.34129,0.785455,0.585033
Kpna4,Kpna4,3.77E-28,0.126831265,0.54,0.428,1.01E-23,red,0.112353,-0.756782,0.522914,0.44674
Ktn1,Ktn1,1.30E-35,-0.160634871,0.454,0.413,3.50E-31,blue,0.207647,-1.247858,0.538149,0.453206
Lamp1,Lamp1.2,8.30E-39,0.190730846,0.428,0.3,2.23E-34,red,2.015294,0.653564,7.396632,6.280875
Lamp2,Lamp2.1,1.64E-52,0.367532797,0.606,0.413,4.39E-48,red,0.870882,0.750789,7.051129,5.958854
Laptm5,Laptm5.1,1.14E-39,-0.338629598,0.413,0.431,3.05E-35,blue,6.785588,-0.129962,1.305305,0.931199
Larp1,Larp1.1,1.55E-46,0.298008198,0.513,0.347,4.17E-42,red,0.143529,-0.370855,0.491427,0.429903
Lars,Lars,5.51E-32,0.138714684,0.293,0.203,1.48E-27,red,0.047059,0.452549,0.945005,0.679386
Lat2,Lat2,2.31E-39,0.323137787,0.259,0.14,6.20E-35,red,0.165,0.510677,2.674199,1.987593
Lcp1,Lcp1.2,7.30E-23,0.111177307,0.516,0.417,1.96E-18,red,0.935882,-0.362887,0.472504,0.419293
Lgals9,Lgals9,1.16E-26,0.14060521,0.371,0.278,3.11E-22,red,0.497941,-0.578255,1.107096,0.792748
Lgmn,Lgmn.2,3.75E-63,-0.46005366,0.738,0.776,1.01E-58,blue,5.866765,-0.652843,14.722894,13.254955
Litaf,Litaf.1,6.68E-56,0.505707589,0.384,0.206,1.79E-51,red,0.252353,0.540399,1.851324,1.320254
Lpcat1,Lpcat1,2.78E-33,0.243966178,0.294,0.186,7.46E-29,red,0.304118,-0.107917,0.046175,0.226165
Lpcat2,Lpcat2.1,4.67E-45,-0.346577859,0.708,0.735,1.25E-40,blue,1.863529,-1.311565,15.951629,14.425698
Lpin2,Lpin2.1,4.56E-35,-0.142263293,0.528,0.48,1.22E-30,blue,0.263529,-1.168038,3.006998,2.275338
Lpl,Lpl,7.41E-166,1.389011281,0.301,0.062,1.99E-161,red,0.097353,4.946601,69.184014,66.059657
Lpxn,Lpxn.1,2.05E-29,0.163558384,0.32,0.221,5.50E-25,red,0.148824,-0.716403,0.013946,0.213528
Lrba,Lrba.1,3.67E-55,-0.678494141,0.306,0.403,9.84E-51,blue,0.4,-2.646691,8.57764,7.420207
Lrch1,Lrch1.1,1.28E-27,-0.126515248,0.832,0.782,3.44E-23,blue,0.146471,-1.105672,1.116795,0.801324
Lrch3,Lrch3.1,1.88E-33,0.256133469,0.581,0.434,5.04E-29,red,0.183824,-1.306003,1.962385,1.407012
Lrp12,Lrp12,2.69E-58,0.493816911,0.321,0.156,7.21E-54,red,0.068529,-0.290757,0.495409,0.430742
Lrp5,Lrp5.1,3.35E-24,-0.183543222,0.27,0.264,8.98E-20,blue,0.076176,-1.035099,1.520896,1.078082
Lrrc8d,Lrrc8d,7.30E-46,0.314057203,0.569,0.394,1.96E-41,red,0.062059,0.962612,3.224925,2.470402
Lsm14a,Lsm14a,3.02E-33,0.116282838,0.323,0.231,8.10E-29,red,0.219706,-0.337963,0.399451,0.378099
Luc7l3,Luc7l3,1.66E-38,0.119874891,0.542,0.415,4.45E-34,red,0.296176,-0.636091,1.855076,1.323267
Lyz2,Lyz2,9.72E-83,0.881775848,0.317,0.121,2.61E-78,red,0.421176,3.455854,70.382141,67.081693
Maf,Maf,4.69E-50,-0.586323879,0.378,0.451,1.26E-45,blue,1.703824,-2.252391,24.546455,22.652547
Maml3,Maml3.2,2.16E-77,-0.524557375,0.843,0.864,5.80E-73,blue,0.127353,-1.131845,0.883617,0.643111
Man1a,Man1a.1,1.38E-38,-0.442201164,0.401,0.447,3.70E-34,blue,0.365,-1.164555,5.216734,4.247713
Man1a2,Man1a2.1,1.79E-34,-0.123165731,0.579,0.526,4.80E-30,blue,0.58,-0.556976,0.805075,0.595414
Man1c1,Man1c1,1.12E-32,0.252050078,0.662,0.514,3.01E-28,red,0.333235,0.388203,1.622664,1.147642
Map3k1,Map3k1.1,3.25E-39,0.250687767,0.356,0.231,8.72E-35,red,0.121471,-0.500484,0.051013,0.228193
Map3k3,Map3k3.1,1.98E-39,-0.308951241,0.482,0.491,5.30E-35,blue,0.094706,-1.432866,0.836219,0.614228
Map3k5,Map3k5,3.91E-20,-0.178708279,0.447,0.442,1.05E-15,blue,0.109118,-0.637224,1.173141,0.843736
Map4k3,Map4k3,7.69E-35,0.262288752,0.512,0.37,2.06E-30,red,0.043824,0.285219,0.01489,0.213785
Map4k4,Map4k4.1,5.59E-73,-0.452991109,0.598,0.614,1.50E-68,blue,0.199118,-0.611048,0.551949,0.461685
Mapk14,Mapk14.1,9.77E-52,-0.461348082,0.413,0.464,2.62E-47,blue,0.315294,-1.099701,3.509821,2.719918
Mapkap1,Mapkap1,2.52E-33,-0.176310978,0.368,0.337,6.75E-29,blue,0.070882,-0.871474,0.275127,0.325024
Mat2a,Mat2a,1.37E-24,0.128538742,0.263,0.185,3.66E-20,red,0.364412,-0.536108,0.877769,0.639339
Mbd2,Mbd2.1,5.69E-35,0.132449497,0.305,0.208,1.53E-30,red,0.144706,0.3199,0.808239,0.597166
Mbnl1,Mbnl1,2.23E-13,-0.185742655,0.917,0.915,5.97E-09,blue,0.976765,-0.864032,4.002065,3.151866
Mbtd1,Mbtd1,6.47E-41,0.126023687,0.517,0.386,1.74E-36,red,0.107647,-0.326186,0.358509,0.357677
Med12l,Med12l.2,3.38E-64,-0.589601865,0.435,0.515,9.07E-60,blue,0.139706,-3.53626,3.710731,2.895294
Med13l,Med13l,4.52E-28,-0.151106901,0.535,0.498,1.21E-23,blue,0.287647,-1.01958,2.863672,2.151496
Med14,Med14,8.91E-39,0.300316595,0.292,0.171,2.39E-34,red,0.032353,1.116692,0.895923,0.652761
Med15,Med15,3.71E-34,0.20416693,0.312,0.205,9.97E-30,red,0.085882,-0.803274,0.853349,0.626253
Mef2a,Mef2a.1,6.40E-34,-0.206640591,0.969,0.936,1.72E-29,blue,0.951176,-0.930809,6.809324,5.736763
Mef2c,Mef2c.1,1.72E-17,-0.15147618,0.912,0.898,4.63E-13,blue,1.337647,-0.449461,1.654746,1.173513
Mef2d,Mef2d.1,1.64E-26,-0.152601059,0.321,0.301,4.40E-22,blue,0.115882,0.472005,0.505164,0.435676
Memo1,Memo1,8.41E-33,0.117072357,0.392,0.291,2.26E-28,red,0.041176,-0.43934,0.074896,0.236621
Mertk,Mertk.2,7.29E-69,-0.369012836,0.921,0.92,1.96E-64,blue,1.12,-0.261147,1.309866,0.93473
Mfhas1,Mfhas1,6.79E-49,0.394943681,0.437,0.269,1.82E-44,red,0.120294,-0.259032,0.003655,0.21005
Mga,Mga.2,5.55E-39,0.234805712,0.376,0.249,1.49E-34,red,0.091765,-0.205513,0.056401,0.230824
Mgat4a,Mgat4a.2,3.92E-42,-0.353487535,0.565,0.582,1.05E-37,blue,0.468529,-0.925985,4.106699,3.242414
Mgat5,Mgat5,1.94E-15,0.117152343,0.709,0.617,5.20E-11,red,0.022941,0.32792,0.278224,0.32647
Mitf,Mitf.1,8.01E-105,0.636572107,0.902,0.715,2.15E-100,red,0.071176,0.20772,0.20243,0.288838
Mkln1,Mkln1,6.38E-39,-0.126249768,0.578,0.515,1.71E-34,blue,0.138824,-1.108166,1.221764,0.875558
Mnat1,Mnat1,6.95E-33,0.262176271,0.317,0.201,1.86E-28,red,0.086471,-1.158257,0.683772,0.529296
Mon2,Mon2,3.74E-27,-0.189300202,0.367,0.352,1.00E-22,blue,0.157647,0.31662,0.141169,0.267882
Mpeg1,Mpeg1,7.91E-28,0.16413441,0.251,0.168,2.12E-23,red,2.019118,1.30654,30.323977,28.253978
Msn,Msn.1,1.34E-43,0.228770357,0.45,0.305,3.60E-39,red,0.529118,-0.183356,0.567853,0.470029
Msra,Msra,3.04E-41,0.144429405,0.275,0.168,8.16E-37,red,0.020882,0.589106,1.292828,0.92231
Mthfs,Mthfs,1.51E-27,0.268877997,0.491,0.36,4.05E-23,red,0.155294,1.303268,6.67197,5.613318
Mtm1,Mtm1,3.26E-43,0.348248004,0.253,0.13,8.75E-39,red,0.044118,-4.811894,0.552663,0.462132
Mtus1,Mtus1.2,1.94E-49,-0.53703351,0.285,0.358,5.22E-45,blue,0.452647,-0.792919,3.914743,3.07142
Mycbp2,Mycbp2,2.40E-24,-0.122122822,0.846,0.8,6.44E-20,blue,0.402647,-0.71658,1.997436,1.432587
Myo18a,Myo18a,1.17E-20,-0.147685663,0.251,0.237,3.15E-16,blue,0.081765,-0.321195,0.445031,0.402142
Myo1e,Myo1e.2,4.25E-232,1.41924017,0.709,0.319,1.14E-227,red,0.05,2.317389,14.878018,13.406874
Myo1f,Myo1f.1,6.77E-85,0.50645029,0.887,0.692,1.82E-80,red,0.251765,0.594321,2.30387,1.678283
Myo9a,Myo9a,4.68E-32,0.147727172,0.649,0.521,1.26E-27,red,0.139412,-0.161963,0.031589,0.220607
Myo9b,Myo9b.2,1.39E-102,0.646405378,0.679,0.4,3.73E-98,red,0.080294,1.270586,0.51347,0.441422
N4bp1,N4bp1,2.20E-30,0.134163087,0.321,0.231,5.91E-26,red,0.139118,-1.158917,1.766083,1.257326
Nadk,Nadk,2.57E-43,0.380292914,0.304,0.167,6.91E-39,red,0.148824,-0.62747,0.944713,0.679695
Nagk,Nagk,1.46E-46,0.407983183,0.262,0.129,3.91E-42,red,0.050294,0.10061,0.156149,0.274913
Naip5,Naip5,4.05E-32,0.125001543,0.368,0.27,1.09E-27,red,0.084706,0.121469,0.004995,0.210579
Nav3,Nav3.2,6.35E-151,-0.782905035,0.809,0.875,1.70E-146,blue,0.360588,-1.278034,2.538153,1.877191
Nceh1,Nceh1,1.18E-103,0.769207061,0.376,0.142,3.18E-99,red,0.038235,3.240047,15.816212,14.293915
Ncf1,Ncf1.1,1.39E-25,-0.327869821,0.282,0.321,3.73E-21,blue,0.661765,-0.981819,4.685282,3.758665
Ncf2,Ncf2,2.60E-37,0.296625248,0.452,0.307,6.99E-33,red,0.451471,-0.355456,0.553619,0.462552
Nck1,Nck1,9.43E-32,0.153985504,0.331,0.232,2.53E-27,red,0.104412,-0.60629,0.409606,0.384008
Nckap1l,Nckap1l.1,5.47E-28,-0.137807065,0.579,0.54,1.47E-23,blue,1.069706,-0.793223,3.841575,3.00651
Ncoa2,Ncoa2,1.57E-32,-0.101303489,0.557,0.494,4.21E-28,blue,0.104118,-2.548181,2.61779,1.939038
Ncoa3,Ncoa3,4.23E-37,-0.178503871,0.465,0.427,1.13E-32,blue,0.199118,-0.308955,0.003264,0.209862
Ndfip1,Ndfip1,3.31E-31,-0.173279951,0.361,0.328,8.88E-27,blue,0.076176,-1.599884,1.673468,1.188265
Ndufs4,Ndufs4,4.76E-37,0.123497733,0.315,0.218,1.28E-32,red,0.164706,-0.112446,1.31878,0.940279
Neat1,Neat1.2,3.15E-95,0.649583532,0.531,0.272,8.46E-91,red,0.069118,0.423051,1.854732,1.323292
Nek6,Nek6,2.92E-36,0.255088175,0.391,0.262,7.83E-32,red,0.184706,0.255018,0.849842,0.624027
Nf1,Nf1.1,1.48E-37,0.148313473,0.748,0.607,3.96E-33,red,0.134706,0.162683,0.510933,0.439655
Nfatc1,Nfatc1,3.35E-22,-0.144509946,0.302,0.287,9.00E-18,blue,0.161176,0.147558,0.364936,0.360605
Nfe2l2,Nfe2l2.1,1.85E-45,0.491586736,0.526,0.344,4.97E-41,red,0.562059,0.370642,2.059819,1.479944
Nfia,Nfia.1,3.24E-58,-0.558977226,0.645,0.715,8.69E-54,blue,0.268824,-1.026808,1.755437,1.249128
Nfkb1,Nfkb1.1,1.10E-39,0.466218464,0.721,0.555,2.96E-35,red,0.260882,-0.5472,0.105261,0.249794
Nlk,Nlk,1.63E-40,-0.133518149,0.434,0.375,4.37E-36,blue,0.090294,-0.321608,0.151781,0.27269
Nlrc5,Nlrc5.1,1.17E-88,0.746871505,0.374,0.155,3.15E-84,red,0.005,3.04828,1.696173,1.204947
Nos1ap,Nos1ap.1,5.72E-62,-0.741445415,0.215,0.327,1.54E-57,blue,0.025294,-0.10245,0.528687,0.450044
Notch2,Notch2,3.65E-37,-0.115502708,0.406,0.351,9.80E-33,blue,0.199118,-1.515767,1.542618,1.091589
Npc1,Npc1,3.09E-32,0.144736422,0.298,0.206,8.28E-28,red,0.350294,-0.295883,0.344467,0.35269
Npc2,Npc2.1,2.16E-49,0.362900575,0.371,0.215,5.80E-45,red,0.962353,1.672936,34.467233,32.328153
Npepps,Npepps.1,1.57E-37,0.233558817,0.443,0.306,4.22E-33,red,0.163824,0.145057,0.015785,0.214129
Nptn,Nptn,7.21E-32,0.138489691,0.621,0.495,1.94E-27,red,0.649118,0.478979,1.348045,0.959553
Nrip1,Nrip1.2,4.80E-79,-0.621264226,0.513,0.593,1.29E-74,blue,0.572941,-1.510853,8.254333,7.115253
Nrp1,Nrp1.2,2.37E-87,0.617577004,0.747,0.497,6.36E-83,red,0.825882,0.851862,8.998915,7.820683
Nrp2,Nrp2.1,7.16E-68,0.61347405,0.421,0.216,1.92E-63,red,0.084118,-0.272627,0.477207,0.422765
Nsf,Nsf,1.27E-23,0.183742023,0.433,0.327,3.41E-19,red,0.058235,-0.337963,0.171623,0.274896
Nsmce2,Nsmce2.1,4.84E-53,0.352862812,0.604,0.413,1.30E-48,red,0.035294,0.494927,0.821,0.605664
Nt5c2,Nt5c2,1.41E-29,-0.101128329,0.317,0.277,3.77E-25,blue,0.120588,-1.079334,0.238686,0.310505
Ntpcr,Ntpcr.1,2.74E-42,-0.462794342,0.247,0.305,7.36E-38,blue,0.363529,-1.122088,2.824831,2.119879
Nuak1,Nuak1.1,8.21E-25,-0.151395636,0.45,0.42,2.20E-20,blue,0.371765,-0.868192,1.367318,0.970231
Nufip2,Nufip2.1,4.00E-32,0.165346503,0.393,0.283,1.07E-27,red,0.139118,-0.339489,0.289714,0.331293
Numb,Numb.2,2.38E-190,-0.961814459,0.708,0.817,6.38E-186,blue,0.506471,-1.136548,4.751347,3.817322
Nvl,Nvl,5.66E-33,0.136824784,0.296,0.201,1.52E-28,red,0.024412,0.289813,0.013069,0.213337
Ophn1,Ophn1.1,2.70E-67,-0.455316231,0.801,0.842,7.25E-63,blue,0.390588,-1.642211,4.566307,3.649674
Orc3,Orc3,8.12E-28,-0.112647811,0.307,0.274,2.18E-23,blue,0.059118,-2.011735,0.738539,0.555362
Osbpl11,Osbpl11.1,6.81E-32,-0.170597811,0.474,0.443,1.83E-27,blue,0.306471,-0.654019,0.683187,0.529177
Osbpl8,Osbpl8.2,9.15E-194,1.105382878,0.767,0.439,2.45E-189,red,0.083824,0.405064,1.56737,1.108907
Osbpl9,Osbpl9.1,1.03E-36,-0.111389218,0.5,0.424,2.76E-32,blue,0.144412,-0.274727,0.046344,0.226263
Oxct1,Oxct1,9.46E-41,0.30468549,0.665,0.495,2.54E-36,red,0.368824,0.919019,7.12831,6.026519
Oxr1,Oxr1,2.37E-18,0.113065472,0.66,0.564,6.36E-14,red,0.087647,-0.579851,0.609761,0.489582
P2rx7,P2rx7.2,1.71E-34,-0.206709164,0.479,0.422,4.59E-30,blue,0.348529,-1.407166,4.678884,3.753185
P2ry12,P2ry12.2,1.84E-104,-0.849313,0.529,0.702,4.92E-100,blue,10.954118,-2.051548,61.168903,58.412523
P2ry6,P2ry6.1,1.72E-31,-0.145507866,0.438,0.4,4.63E-27,blue,0.577353,-0.5238,1.349959,0.960402
P4ha1,P4ha1,1.34E-43,0.363655331,0.556,0.381,3.60E-39,red,0.447353,-0.997375,1.350698,0.960607
Pabpc1,Pabpc1,6.56E-35,0.208015851,0.31,0.203,1.76E-30,red,0.645294,0.818751,8.169264,7.036133
Pacs1,Pacs1,6.29E-24,-0.232176112,0.418,0.411,1.69E-19,blue,0.059706,-0.189518,0.316747,0.345901
Pafah1b1,Pafah1b1,6.87E-43,0.128392484,0.629,0.489,1.84E-38,red,0.371176,-1.22636,2.318588,1.69116
Pag1,Pag1.2,1.66E-49,-0.279865116,0.9,0.876,4.45E-45,blue,0.901176,-1.08746,6.868759,5.791027
Pard3b,Pard3b.2,5.75E-42,-0.423181608,0.436,0.453,1.54E-37,blue,0.021471,-0.7729,0.051278,0.228168
Parp14,Parp14.2,1.40E-37,0.667223753,0.393,0.241,3.76E-33,red,0.143529,-1.087548,1.133671,0.814134
Parp8,Parp8,2.03E-23,-0.229238445,0.55,0.551,5.44E-19,blue,0.071471,-1.844923,0.615926,0.492582
Parp9,Parp9.1,1.52E-40,0.464137404,0.359,0.209,4.07E-36,red,0.077353,-0.264442,0.167243,0.27512
Pcf11,Pcf11,2.49E-30,0.170609997,0.315,0.218,6.69E-26,red,0.098235,-1.092311,0.119243,0.256783
Pcnx,Pcnx,1.43E-37,0.259762457,0.306,0.189,3.85E-33,red,0.037647,-0.213842,0.316499,0.346059
Pdcd6ip,Pdcd6ip,3.85E-26,0.169931868,0.291,0.2,1.03E-21,red,0.289118,-0.738398,0.264266,0.320704
Pde3b,Pde3b.2,4.31E-145,-0.801444654,0.735,0.85,1.16E-140,blue,0.862941,-1.007211,4.120014,3.254134
Peli1,Peli1.1,8.98E-38,0.252233327,0.642,0.487,2.41E-33,red,0.261176,-0.838332,1.366246,0.96943
Pfkfb3,Pfkfb3,1.56E-24,0.264502722,0.422,0.304,4.18E-20,red,0.122941,0.259029,1.346915,0.958689
Phf14,Phf14.2,2.33E-54,-0.3633579,0.65,0.649,6.26E-50,blue,0.177059,-0.177656,0.304068,0.338174
Phf20l1,Phf20l1,4.88E-37,0.108620401,0.566,0.439,1.31E-32,red,0.085588,-0.482549,0.215052,0.296621
Phf21a,Phf21a,9.14E-21,-0.147790525,0.647,0.614,2.45E-16,blue,0.066765,-0.994586,1.003204,0.722288
Phip,Phip.2,6.27E-29,0.197050822,0.568,0.44,1.68E-24,red,0.191176,-0.347427,0.209809,0.293356
Phyhd1,Phyhd1.2,3.27E-67,-0.534626705,0.528,0.608,8.76E-63,blue,0.313824,-0.878654,1.679626,1.193092
Pi4ka,Pi4ka.1,5.14E-48,0.356065858,0.426,0.262,1.38E-43,red,0.076176,-0.54099,0.384935,0.370494
Pias2,Pias2,5.75E-37,0.102540575,0.427,0.32,1.54E-32,red,0.029412,0.631049,0.217769,0.298165
Picalm,Picalm.1,1.58E-30,-0.285871245,0.743,0.755,4.25E-26,blue,1.366471,-1.009961,6.573097,5.519394
Pid1,Pid1.2,2.92E-08,0.329114494,0.617,0.553,0.000783131,red,0.090882,-1.064461,1.4866,1.054208
Pign,Pign,1.53E-47,0.318198683,0.478,0.312,4.12E-43,red,0.018529,0.808878,1.58388,1.121651
Pik3ap1,Pik3ap1,6.82E-15,0.179962232,0.695,0.606,1.83E-10,red,0.318235,-1.013903,1.991557,1.428302
Pik3cd,Pik3cd,1.46E-28,-0.266533729,0.451,0.454,3.92E-24,blue,0.172647,-0.365255,0.381261,0.368614
Pik3cg,Pik3cg.1,3.52E-30,-0.319742477,0.246,0.268,9.44E-26,blue,0.536471,-0.98412,2.76545,2.068688
Pik3r1,Pik3r1.1,3.93E-53,-0.443180314,0.512,0.55,1.05E-48,blue,0.44,-2.078308,6.320249,5.284619
Pik3r5,Pik3r5.1,8.40E-20,-0.10589236,0.332,0.308,2.25E-15,blue,0.247353,-1.001357,2.216237,1.606428
Pik3r6,Pik3r6,2.96E-27,0.156207907,0.272,0.188,7.95E-23,red,0.042059,-0.240446,0.173394,0.275895
Pip4k2a,Pip4k2a.1,8.58E-46,-0.306173899,0.83,0.826,2.30E-41,blue,0.803824,-1.112632,7.421247,6.304069
Pitpnc1,Pitpnc1.1,3.22E-14,-0.216378251,0.736,0.741,8.64E-10,blue,0.210882,-0.72313,0.676741,0.525666
Pkig,Pkig.2,1.95E-41,-0.506116878,0.313,0.381,5.24E-37,blue,0.101471,-0.172226,0.64426,0.508462
Plcl2,Plcl2.1,5.87E-51,-0.344203526,0.809,0.796,1.58E-46,blue,0.443235,-0.970614,2.48623,1.83463
Pld1,Pld1.1,1.18E-73,-0.700404857,0.369,0.492,3.17E-69,blue,0.242647,-2.348494,3.281902,2.519902
Pld4,Pld4.1,6.00E-26,-0.212915471,0.29,0.289,1.61E-21,blue,1.586471,-0.602282,5.511395,4.532131
Plek,Plek,2.25E-46,0.529931361,0.634,0.45,6.04E-42,red,0.625,0.642127,6.487806,5.441422
Plekha1,Plekha1.1,1.78E-82,0.543402499,0.569,0.325,4.78E-78,red,0.102353,0.688227,2.045684,1.470739
Plekhm2,Plekhm2.1,4.23E-141,0.896795087,0.667,0.35,1.13E-136,red,0.039118,1.168997,4.004838,3.153097
Plekhm3,Plekhm3.1,1.62E-35,0.332736736,0.589,0.428,4.35E-31,red,0.056765,0.294788,1.332877,0.950984
Plekho1,Plekho1.1,2.11E-39,-0.123883742,0.494,0.436,5.65E-35,blue,0.475588,-0.914253,3.189545,2.439325
Plxdc2,Plxdc2.2,9.43E-72,-0.19283374,0.973,0.929,2.53E-67,blue,2.048235,0.487538,5.536871,4.556569
Plxna4,Plxna4.2,4.41E-75,-0.836522619,0.401,0.518,1.18E-70,blue,0.104412,-3.054751,3.758185,2.933408
Pmepa1,Pmepa1.2,2.52E-62,-0.716608365,0.323,0.444,6.76E-58,blue,2.412353,-1.11316,12.313847,10.967641
Pnn,Pnn,4.54E-27,-0.108087608,0.371,0.328,1.22E-22,blue,0.127647,-0.292965,0.134905,0.263967
Pou2f1,Pou2f1,1.30E-21,0.174786645,0.371,0.275,3.50E-17,red,0.132941,-0.954794,0.03633,0.221674
Pou2f2,Pou2f2.1,9.73E-18,-0.127155266,0.582,0.557,2.61E-13,blue,0.138235,-1.022187,1.024641,0.737662
Ppcdc,Ppcdc.2,1.38E-33,-0.221931843,0.47,0.45,3.71E-29,blue,0.244706,-1.210266,1.773881,1.260893
Ppp1r9a,Ppp1r9a.1,1.20E-35,-0.266473793,0.695,0.679,3.21E-31,blue,0.240294,-1.831003,3.480137,2.695563
Ppp3ca,Ppp3ca,1.29E-18,-0.130965213,0.848,0.81,3.47E-14,blue,0.388235,-1.058627,2.115449,1.526386
Prex1,Prex1.1,2.34E-49,-0.34903362,0.565,0.576,6.27E-45,blue,0.332941,-0.584776,0.51386,0.441556
Prickle1,Prickle1,1.59E-34,0.379290419,0.325,0.194,4.27E-30,red,0.016176,0.883492,0.030533,0.220606
Prkca,Prkca.1,2.32E-89,-0.873303284,0.435,0.577,6.21E-85,blue,0.096471,-0.925677,1.516313,1.074703
Prkcb,Prkcb,2.06E-29,0.217858979,0.848,0.723,5.53E-25,red,0.214706,0.303203,1.317698,0.939716
Prkcd,Prkcd,2.29E-37,0.225430507,0.589,0.441,6.16E-33,red,0.469118,-1.622503,4.780499,3.843663
Prune2,Prune2.2,8.21E-50,0.336488751,0.388,0.231,2.20E-45,red,0.041471,1.371891,1.268408,0.90648
Psap,Psap.2,8.09E-31,0.305600831,0.76,0.617,2.17E-26,red,1.999706,0.420527,2.503071,1.848536
Psmd1,Psmd1,2.26E-31,0.239936228,0.325,0.213,6.07E-27,red,0.192353,-0.273257,0.378089,0.366784
Pten,Pten.1,5.42E-45,-0.341521143,0.458,0.467,1.46E-40,blue,0.307647,-1.979537,3.717218,2.900357
Ptgs1,Ptgs1.2,3.86E-71,-0.837252875,0.214,0.378,1.03E-66,blue,1.647941,-1.032244,9.702954,8.481687
Ptk2b,Ptk2b,1.34E-27,0.189502613,0.565,0.444,3.60E-23,red,0.102059,0.459259,1.540149,1.089427
Ptpn6,Ptpn6,2.49E-32,0.276337016,0.263,0.158,6.69E-28,red,0.517059,-0.538366,0.946419,0.679595
Ptprc,Ptprc.2,4.07E-96,0.525578788,0.919,0.754,1.09E-91,red,0.434706,0.31096,2.200002,1.59372
Ptpre,Ptpre,2.92E-27,0.174859547,0.442,0.332,7.84E-23,red,0.432941,-0.71432,1.007779,0.725407
Ptprj,Ptprj.1,4.43E-33,-0.279374722,0.825,0.836,1.19E-28,blue,0.134412,-0.146107,0.386094,0.37109
Pwwp2a,Pwwp2a.1,3.15E-44,-0.275493471,0.506,0.491,8.44E-40,blue,0.216765,-1.671191,3.154421,2.410879
Qk,Qk.2,1.34E-58,-0.346534449,0.941,0.937,3.60E-54,blue,1.737059,-0.540553,3.678978,2.86708
Qrich1,Qrich1,3.64E-29,0.102036288,0.377,0.284,9.76E-25,red,0.068529,-0.125333,0.135955,0.264289
Rab3gap2,Rab3gap2,1.46E-34,0.123291554,0.259,0.174,3.92E-30,red,0.077941,-1.109362,0.410972,0.384335
Rab40c,Rab40c,6.34E-44,0.333922036,0.431,0.276,1.70E-39,red,0.067647,-0.99116,0.121334,0.257526
Rab43,Rab43,6.15E-22,-0.141106555,0.26,0.244,1.65E-17,blue,0.135882,-1.077272,0.925739,0.671981
Rabep1,Rabep1.2,3.00E-40,0.312495939,0.646,0.476,8.04E-36,red,0.111471,-0.615151,0.433126,0.396314
Rabgap1l,Rabgap1l.2,7.60E-30,-0.406052212,0.251,0.252,2.04E-25,blue,0.007353,0.942993,0.033647,0.220762
Raf1,Raf1.1,4.67E-40,0.181575303,0.381,0.26,1.25E-35,red,0.089706,-1.29142,0.388565,0.37266
Rai1,Rai1,8.10E-37,0.270607146,0.453,0.311,2.17E-32,red,0.073235,-0.806112,0.098832,0.247476
Ralgapa1,Ralgapa1.1,1.53E-46,0.200163855,0.549,0.395,4.11E-42,red,0.020294,1.247,0.566478,0.469335
Ranbp2,Ranbp2.1,2.25E-36,0.268941207,0.408,0.276,6.03E-32,red,0.059412,-1.018894,0.408629,0.383493
Rap2a,Rap2a,3.02E-33,0.24549029,0.271,0.168,8.09E-29,red,0.299118,0.392605,1.855405,1.323225
Rapgef5,Rapgef5.2,4.78E-158,-0.864632983,0.705,0.826,1.28E-153,blue,0.148235,-2.787766,3.547346,2.749325
Rasa1,Rasa1.1,1.49E-34,0.207145146,0.527,0.39,4.00E-30,red,0.211765,-0.156065,0.037094,0.222084
Rasa4,Rasa4.1,1.73E-33,0.356355588,0.371,0.235,4.64E-29,red,0.105,0.623645,0.453101,0.40708
Rassf2,Rassf2.1,2.17E-34,-0.344270623,0.299,0.323,5.82E-30,blue,0.277941,-0.548383,0.501432,0.433345
Rassf3,Rassf3.1,3.11E-95,0.662261188,0.57,0.307,8.35E-91,red,0.119706,0.420465,4.84817,3.908505
Rassf4,Rassf4,3.18E-18,0.199776087,0.279,0.198,8.53E-14,red,0.148235,-0.350902,0.170065,0.274964
Rb1cc1,Rb1cc1,3.29E-27,-0.128732633,0.347,0.314,8.82E-23,blue,0.168824,-2.52559,1.978662,1.419366
Rbm25,Rbm25,3.83E-34,0.13665514,0.733,0.599,1.03E-29,red,0.125,-0.577429,0.33331,0.35228
Rbm26,Rbm26,4.62E-28,-0.13318732,0.594,0.549,1.24E-23,blue,0.113529,-0.475093,0.429584,0.39419
Rbm39,Rbm39,1.78E-19,-0.141787619,0.851,0.827,4.79E-15,blue,0.770294,-1.077823,4.104286,3.240795
Rbm47,Rbm47.2,4.51E-51,0.454981636,0.706,0.514,1.21E-46,red,0.103235,-1.248326,1.25887,0.898938
Rbm5,Rbm5,1.76E-43,-0.232771874,0.516,0.493,4.71E-39,blue,0.208529,-0.817501,1.293672,0.922898
Rbpj,Rbpj.2,3.13E-49,-0.158928112,0.464,0.307,8.39E-45,blue,0.093529,-1.271467,0.43015,0.394165
Rcbtb2,Rcbtb2.1,6.77E-25,-0.18475613,0.44,0.421,1.82E-20,blue,0.249706,0.257159,1.417917,1.005367
Rcor1,Rcor1.1,8.07E-52,0.211896582,0.413,0.27,2.16E-47,red,0.053235,1.202481,1.159892,0.833034
Rcsd1,Rcsd1.1,3.54E-37,-0.392059423,0.384,0.424,9.51E-33,blue,0.305588,-0.835871,1.760562,1.252856
Reep3,Reep3,4.66E-29,0.135249874,0.31,0.219,1.25E-24,red,0.174706,0.113498,0.276585,0.325803
Rffl,Rffl.1,1.62E-19,-0.149638276,0.42,0.397,4.34E-15,blue,0.052647,-0.462029,0.000557,0.20911
Rgl1,Rgl1,6.76E-16,-0.246593064,0.234,0.259,1.81E-11,blue,0.110882,-2.772262,3.453526,2.671592
Rgs10,Rgs10.2,3.27E-55,-0.470534283,0.455,0.509,8.77E-51,blue,2.078824,-0.485482,2.892528,2.176977
Rhoh,Rhoh.1,5.87E-26,-0.20503296,0.424,0.415,1.57E-21,blue,0.196471,-1.012583,1.453184,1.029242
Rlf,Rlf,1.19E-47,0.14625694,0.424,0.293,3.20E-43,red,0.088529,-1.172839,1.434571,1.015508
Rnf115,Rnf115,2.19E-34,0.216021893,0.299,0.191,5.89E-30,red,0.069118,0.277373,0.102415,0.248737
Rnf149,Rnf149,8.45E-55,0.562864335,0.308,0.144,2.27E-50,red,0.112941,1.111186,3.831626,2.998786
Rnf169,Rnf169,1.79E-26,-0.209838,0.512,0.494,4.81E-22,blue,0.116176,-0.171695,0.320429,0.346829
Rnf213,Rnf213.2,1.78E-46,0.755607605,0.45,0.28,4.77E-42,red,0.132941,-0.639489,0.414079,0.385473
Rnf216,Rnf216.1,2.05E-41,-0.243857337,0.679,0.652,5.49E-37,blue,0.154412,-1.08527,0.624984,0.497722
Rock2,Rock2.1,1.08E-50,-0.426715086,0.552,0.589,2.89E-46,blue,0.390294,-0.665474,0.807387,0.596844
Rpl10a,Rpl10a,1.27E-48,0.362799484,0.326,0.18,3.41E-44,red,0.167941,1.359364,13.12224,11.727588
Rpl6,Rpl6,8.87E-28,0.14240413,0.26,0.176,2.38E-23,red,0.340588,0.823215,6.907949,5.824985
Rps6ka1,Rps6ka1.1,3.41E-48,-0.581162022,0.247,0.34,9.15E-44,blue,0.718529,-1.448061,9.170299,7.982121
Rps6ka3,Rps6ka3.1,1.91E-24,0.16395532,0.513,0.401,5.12E-20,red,0.065882,-0.998113,1.250976,0.893032
Rptor,Rptor.2,2.02E-43,-0.315751687,0.653,0.658,5.41E-39,blue,0.31,-0.562239,0.666961,0.520633
Rreb1,Rreb1.1,6.88E-18,-0.164196849,0.883,0.869,1.85E-13,blue,0.137941,-2.183501,2.125262,1.531532
Rsf1,Rsf1,2.87E-31,-0.143653695,0.399,0.357,7.71E-27,blue,0.185,-0.973101,0.31626,0.346124
Rsrc1,Rsrc1.1,8.95E-32,0.147451762,0.574,0.449,2.40E-27,red,0.076471,-0.886625,0.186643,0.281609
Rtn1,Rtn1.2,1.09E-64,-0.781704386,0.289,0.411,2.93E-60,blue,0.221765,-2.012213,4.457253,3.556478
Rtn4rl1,Rtn4rl1.2,1.17E-25,-0.337265252,0.361,0.401,3.13E-21,blue,0.746471,-1.176018,6.405642,5.367645
Rttn,Rttn,9.59E-47,0.349697324,0.256,0.129,2.57E-42,red,0.012647,1.89755,0.699007,0.538123
Rufy3,Rufy3.2,7.39E-71,0.568145769,0.482,0.264,1.98E-66,red,0.054118,-0.232168,0.010417,0.212601
Runx1,Runx1,4.09E-19,0.199621345,0.891,0.803,1.10E-14,red,0.390882,-0.578379,0.137797,0.26516
Sall1,Sall1.2,5.47E-41,-0.570235838,0.271,0.376,1.47E-36,blue,0.815588,-1.189528,5.684519,4.691567
Samhd1,Samhd1.1,4.51E-26,0.332774489,0.326,0.213,1.21E-21,red,0.193824,-0.838686,1.83212,1.305458
Samsn1,Samsn1,1.88E-46,0.437679023,0.522,0.342,5.04E-42,red,0.389706,0.283553,0.715428,0.544669
Sat1,Sat1.1,6.26E-67,0.53165085,0.616,0.392,1.68E-62,red,0.326471,0.197418,1.178919,0.84672
Scaf11,Scaf11,1.35E-42,0.126961797,0.434,0.314,3.64E-38,red,0.328235,0.125693,0.469776,0.417547
Scamp2,Scamp2.1,1.73E-48,-0.43817681,0.335,0.373,4.64E-44,blue,1.478529,-0.98273,8.408341,7.260182
Scfd1,Scfd1,1.91E-35,0.123260944,0.262,0.176,5.13E-31,red,0.094118,-1.935377,1.80374,1.282888
Scoc,Scoc.2,3.92E-44,-0.346607655,0.304,0.323,1.05E-39,blue,0.566471,-0.857843,4.01454,3.16125
Sdcbp,Sdcbp.1,2.33E-42,0.318126709,0.404,0.255,6.24E-38,red,0.467647,0.600163,2.642325,1.959402
Sdccag8,Sdccag8.1,3.57E-33,-0.233851267,0.433,0.419,9.57E-29,blue,0.056765,-2.760495,1.7749,1.260493
Sdk1,Sdk1.2,7.52E-21,-0.405058238,0.281,0.308,2.02E-16,blue,0.020882,-0.273391,0.064966,0.235002
Sec24a,Sec24a,6.08E-32,0.167733858,0.272,0.179,1.63E-27,red,0.029412,1.058471,0.371686,0.364048
Sec24b,Sec24b,2.72E-32,0.125504399,0.354,0.258,7.30E-28,red,0.058235,0.247,0.158259,0.275117
Sec31a,Sec31a,1.36E-27,0.10460506,0.26,0.184,3.65E-23,red,0.188824,-0.209065,0.409071,0.383704
Sel1l,Sel1l,1.44E-25,0.10326217,0.271,0.197,3.86E-21,red,0.260294,0.113891,0.503644,0.435175
Selplg,Selplg.2,1.10E-161,-1.207858005,0.355,0.608,2.96E-157,blue,9.069412,-1.225303,39.41363,37.192363
Senp2,Senp2.2,2.10E-36,-0.218168481,0.452,0.43,5.64E-32,blue,0.136765,-0.128258,0.407126,0.38291
Senp5,Senp5,5.12E-28,0.198103134,0.286,0.192,1.37E-23,red,0.023235,0.435072,1.278195,0.91174
Senp7,Senp7,1.21E-29,-0.115676175,0.289,0.253,3.24E-25,blue,0.075882,0.115356,1.051011,0.755528
Serinc3,Serinc3.2,1.49E-104,-0.727296286,0.571,0.707,3.99E-100,blue,9.199706,-0.907111,30.245977,28.188567
Sesn1,Sesn1,5.60E-26,-0.183408608,0.296,0.278,1.50E-21,blue,0.382353,-1.587521,4.442182,3.544854
Setd2,Setd2,1.02E-38,-0.129303556,0.481,0.427,2.73E-34,blue,0.229118,-0.860628,1.222762,0.875348
Sfpq,Sfpq,8.03E-41,-0.155571701,0.472,0.426,2.16E-36,blue,0.336471,-0.599989,0.419963,0.38856
Sft2d1,Sft2d1.1,4.98E-44,-0.11896306,0.487,0.423,1.34E-39,blue,0.577353,-0.14978,0.098987,0.247554
Sgk1,Sgk1,2.13E-52,0.627970372,0.334,0.167,5.72E-48,red,0.929412,-0.312957,0.765205,0.572475
Sgpl1,Sgpl1.1,6.73E-40,0.322543092,0.408,0.262,1.81E-35,red,0.398235,0.21522,1.175401,0.844136
Sh3bp2,Sh3bp2.2,4.32E-69,0.628103581,0.421,0.213,1.16E-64,red,0.057941,-1.00873,0.103663,0.248897
Sh3kbp1,Sh3kbp1,6.69E-37,0.207005117,0.81,0.666,1.79E-32,red,0.237059,0.501507,2.157295,1.557118
Siglech,Siglech.2,3.35E-177,-1.240965371,0.371,0.668,8.99E-173,blue,4.717353,-0.917863,19.102279,17.42508
Sik3,Sik3.1,1.33E-34,0.117951197,0.483,0.366,3.56E-30,red,0.043235,-0.345342,0.169378,0.274873
Sipa1,Sipa1.1,8.77E-32,-0.409780342,0.211,0.264,2.35E-27,blue,0.426471,-1.119128,2.766476,2.069172
Sipa1l1,Sipa1l1.1,3.17E-38,-0.43948463,0.377,0.429,8.51E-34,blue,0.088529,0.227699,0.23971,0.311161
Sipa1l2,Sipa1l2.2,3.37E-38,0.135390905,0.728,0.589,9.04E-34,red,0.156176,0.38302,0.500719,0.433013
Skap2,Skap2,6.25E-55,0.341144044,0.872,0.702,1.68E-50,red,0.215588,-0.859159,0.080589,0.239307
Skil,Skil,2.54E-26,0.158534412,0.452,0.344,6.82E-22,red,0.288235,-0.703796,1.076967,0.771056
Slc11a1,Slc11a1,9.14E-36,0.338101021,0.395,0.254,2.45E-31,red,0.494412,0.486455,3.853579,3.015529
Slc12a6,Slc12a6.1,6.11E-42,-0.310658609,0.626,0.632,1.64E-37,blue,0.162059,-0.492587,0.669835,0.522439
Slc16a10,Slc16a10.1,8.42E-65,0.499343816,0.443,0.245,2.26E-60,red,0.030588,1.02634,0.695796,0.536327
Slc16a6,Slc16a6.1,3.49E-52,-0.547031555,0.283,0.357,9.38E-48,blue,0.256765,-0.251375,0.696181,0.536241
Slc23a2,Slc23a2.1,1.22E-33,0.323532721,0.444,0.304,3.27E-29,red,0.069118,1.791496,5.407386,4.43019
Slc24a3,Slc24a3.2,1.40E-64,-0.777493665,0.329,0.505,3.76E-60,blue,0.126471,-0.736322,0.355663,0.356028
Slc25a25,Slc25a25,9.57E-38,0.44564945,0.271,0.143,2.57E-33,red,0.027941,0.75396,1.918078,1.370446
Slc29a3,Slc29a3.1,2.71E-26,-0.121910754,0.305,0.278,7.26E-22,blue,0.844118,-0.80625,2.633849,1.953016
Slc30a9,Slc30a9,9.00E-37,0.139105148,0.35,0.248,2.42E-32,red,0.133529,-0.775418,0.21963,0.299664
Slc36a1,Slc36a1.1,7.65E-22,-0.196141993,0.266,0.266,2.05E-17,blue,0.168824,-0.203662,0.933764,0.674906
Slc44a1,Slc44a1,1.86E-36,0.312330692,0.262,0.146,4.98E-32,red,0.055882,1.745922,4.221453,3.345069
Slc4a7,Slc4a7,1.58E-31,-0.110636968,0.34,0.297,4.24E-27,blue,0.215882,-1.49785,2.788496,2.089565
Slc7a8,Slc7a8.1,3.32E-33,-0.345267278,0.48,0.505,8.92E-29,blue,0.325882,-0.54707,0.800412,0.592334
Slc9a9,Slc9a9.1,6.62E-33,-0.340812185,0.843,0.868,1.78E-28,blue,0.366471,-1.395844,4.770916,3.835019
Slco2b1,Slco2b1.2,2.36E-83,-0.675510612,0.612,0.728,6.34E-79,blue,2.61,-1.270084,17.936384,16.321678
Slfn8,Slfn8,4.93E-14,0.244118347,0.265,0.189,1.32E-09,red,0.202353,-1.979593,3.078569,2.341009
Smad3,Smad3.1,6.39E-26,-0.2332763,0.371,0.368,1.71E-21,blue,0.195588,-1.045403,1.704524,1.208897
Smarca2,Smarca2.1,1.23E-40,-0.340174097,0.422,0.443,3.30E-36,blue,0.137353,-1.001894,0.821034,0.605519
Smarca4,Smarca4,8.30E-25,0.107124331,0.256,0.186,2.23E-20,red,0.110294,-0.179626,0.270076,0.322099
Smurf2,Smurf2,1.19E-40,-0.161622704,0.459,0.417,3.20E-36,blue,0.14,-0.996766,1.78414,1.267238
Snap23,Snap23,6.90E-28,0.126483887,0.294,0.209,1.85E-23,red,0.152353,-0.429959,0.062415,0.233845
Sncaip,Sncaip.1,2.21E-18,-0.316418975,0.264,0.297,5.93E-14,blue,0.037941,0.106137,0.378013,0.36693
Snd1,Snd1.2,2.86E-40,0.323582033,0.636,0.467,7.69E-36,red,0.108235,0.314025,1.417768,1.005499
Snx10,Snx10.1,6.53E-46,0.311912296,0.415,0.262,1.75E-41,red,0.076176,1.233006,1.026406,0.738796
Snx27,Snx27,1.35E-28,0.139596079,0.254,0.173,3.62E-24,red,0.087941,-0.304577,0.16696,0.275176
Snx29,Snx29.1,2.37E-21,-0.202921968,0.858,0.859,6.36E-17,blue,0.023235,-3.149891,0.172028,0.275215
Snx30,Snx30,7.98E-40,0.216709068,0.495,0.353,2.14E-35,red,0.092353,-0.668243,0.766939,0.573361
Snx6,Snx6,4.45E-32,-0.225264918,0.314,0.301,1.19E-27,blue,0.299412,-1.775855,3.700803,2.886076
Soat1,Soat1.2,5.34E-87,0.691618196,0.452,0.216,1.43E-82,red,0.116471,1.224973,4.470088,3.56584
Son,Son.1,6.06E-32,-0.128429817,0.876,0.817,1.63E-27,blue,0.852353,-1.0634,2.64966,1.964636
Sort1,Sort1.2,1.85E-30,-0.352942293,0.257,0.285,4.98E-26,blue,0.507647,-1.072632,3.133897,2.392158
Spag9,Spag9.1,2.09E-35,0.243578149,0.611,0.461,5.61E-31,red,0.145,-0.894313,0.172903,0.275661
Sparc,Sparc.2,6.35E-81,-0.824748785,0.27,0.412,1.70E-76,blue,11.989706,-0.83641,28.630962,26.609267
Specc1,Specc1.1,4.30E-31,-0.147562212,0.728,0.676,1.15E-26,blue,0.19,-0.514744,1.049964,0.754911
Spire1,Spire1.2,5.61E-45,-0.127182375,0.536,0.472,1.51E-40,blue,0.151471,-0.148561,0.17744,0.276838
Spp1,Spp1,4.50E-302,2.013828261,0.349,0.036,1.21E-297,red,0.035588,4.312911,29.102839,27.069563
Sppl3,Sppl3,1.87E-39,-0.137460622,0.558,0.498,5.01E-35,blue,0.252353,-0.38149,0.553193,0.46226
Srek1,Srek1,2.78E-37,0.167703492,0.493,0.364,7.45E-33,red,0.042353,-0.293569,0.110279,0.252311
Srgap2,Srgap2.2,4.75E-163,-0.610203744,0.952,0.951,1.27E-158,blue,1.050294,-1.736531,12.918412,11.534418
Srpk2,Srpk2.1,6.14E-50,0.24241503,0.521,0.359,1.65E-45,red,0.038824,0.853657,0.423867,0.390356
Srsf5,Srsf5,1.66E-38,-0.110146169,0.499,0.438,4.44E-34,blue,0.252941,-0.706777,1.431417,1.014347
Srsf7,Srsf7,8.80E-34,-0.137457776,0.455,0.409,2.36E-29,blue,0.183529,-0.945645,1.230875,0.878595
Ssbp2,Ssbp2.1,7.47E-28,-0.393673359,0.386,0.436,2.01E-23,blue,0.049412,-0.702374,0.56198,0.467142
Ssh2,Ssh2.1,8.12E-84,-0.517295826,0.853,0.9,2.18E-79,blue,1.002353,-1.334791,6.625164,5.567754
St13,St13,1.84E-33,0.143951348,0.27,0.18,4.93E-29,red,0.355882,-0.259082,0.300807,0.336819
St3gal5,St3gal5.1,5.96E-57,-0.752567326,0.214,0.353,1.60E-52,blue,0.297647,-0.62747,1.546661,1.094094
St3gal6,St3gal6.1,5.16E-103,-0.910437447,0.37,0.554,1.39E-98,blue,0.750294,-1.05862,6.242713,5.211777
St8sia6,St8sia6.1,1.85E-109,0.795643552,0.46,0.198,4.95E-105,red,0.039706,2.455586,9.481259,8.272478
Stab1,Stab1.2,4.25E-41,-0.784586886,0.21,0.281,1.14E-36,blue,0.343824,-2.526207,8.736682,7.571366
Stambpl1,Stambpl1.1,4.98E-26,-0.230275085,0.265,0.262,1.34E-21,blue,0.117647,-3.111454,2.206512,1.59891
Stat2,Stat2,4.70E-45,0.682293887,0.306,0.158,1.26E-40,red,0.030588,0.15389,0.497152,0.431348
Stat3,Stat3.1,2.79E-25,0.135983009,0.389,0.294,7.50E-21,red,0.186471,-0.31147,0.075222,0.236648
Stim1,Stim1.1,2.41E-15,-0.105678953,0.266,0.24,6.46E-11,blue,0.094118,-2.204564,1.597498,1.130516
Stim2,Stim2,3.67E-31,0.285325665,0.265,0.156,9.85E-27,red,0.041176,2.268733,2.092222,1.507777
Stk10,Stk10.1,2.56E-17,-0.13108476,0.324,0.304,6.86E-13,blue,0.227647,-1.113176,0.710937,0.545621
Stk38,Stk38.1,1.08E-25,0.112249863,0.37,0.279,2.90E-21,red,0.137059,-0.882477,0.204914,0.290429
Stk4,Stk4.1,9.21E-28,-0.1611467,0.324,0.301,2.47E-23,blue,0.262353,-1.062047,1.2693,0.906871
Strada,Strada.1,1.31E-27,-0.209817069,0.262,0.253,3.52E-23,blue,0.032353,0.240427,0.521772,0.446375
Strn,Strn,3.63E-31,0.134568036,0.262,0.177,9.75E-27,red,0.043529,0.980061,1.032741,0.742805
Stx7,Stx7,1.87E-62,0.294477495,0.514,0.331,5.01E-58,red,0.283529,0.61604,2.012788,1.444332
Syngr1,Syngr1.1,5.27E-34,0.185750255,0.477,0.35,1.42E-29,red,0.471176,1.683157,22.448378,20.625051
Tab2,Tab2,2.25E-39,-0.256980309,0.392,0.382,6.04E-35,blue,0.492941,-1.174941,4.54285,3.628009
Tacc1,Tacc1.1,1.20E-35,-0.241186583,0.63,0.604,3.21E-31,blue,0.517941,-0.5622,1.572766,1.113364
Taf1d,Taf1d,9.10E-36,0.18431388,0.351,0.239,2.44E-31,red,0.093529,-2.837065,1.794381,1.27461
Tanc2,Tanc2.2,9.43E-204,-0.683135963,0.963,0.945,2.53E-199,blue,0.775294,-0.956633,4.307414,3.421104
Tank,Tank.2,3.45E-58,0.61392373,0.444,0.248,9.27E-54,red,0.032941,0.548169,1.040961,0.748687
Tbc1d16,Tbc1d16.1,1.26E-28,-0.333975246,0.374,0.411,3.38E-24,blue,0.136176,-1.254722,0.921165,0.668964
Tbc1d22a,Tbc1d22a,6.40E-42,0.275946267,0.7,0.53,1.72E-37,red,0.119118,-0.710875,0.512118,0.440584
Tbc1d8,Tbc1d8,4.92E-44,0.35641032,0.418,0.262,1.32E-39,red,0.044706,0.743906,1.003045,0.722337
Tbc1d9,Tbc1d9.1,4.93E-30,-0.210142433,0.427,0.404,1.32E-25,blue,0.201765,-1.138892,1.25522,0.89678
Tbl1x,Tbl1x,8.20E-32,-0.112140456,0.445,0.393,2.20E-27,blue,0.24,-1.39752,2.596559,1.922964
Tcf4,Tcf4,3.85E-21,0.152422914,0.835,0.731,1.03E-16,red,0.528235,-1.439451,5.370653,4.396541
Tcf7l2,Tcf7l2.1,8.00E-30,-0.384162221,0.3,0.338,2.15E-25,blue,0.090294,-2.144731,1.180711,0.847811
Tcirg1,Tcirg1,6.64E-28,0.134693203,0.423,0.323,1.78E-23,red,0.190588,0.18211,0.921118,0.669111
Tec,Tec.1,1.91E-66,0.529640064,0.636,0.411,5.13E-62,red,0.113824,0.333804,0.912089,0.66395
Tgfbr1,Tgfbr1.1,1.12E-16,0.226394735,0.954,0.901,3.00E-12,red,2.848824,-0.674167,8.196404,7.061793
Tgfbr2,Tgfbr2,7.20E-33,0.277767184,0.806,0.665,1.93E-28,red,1.018824,0.644069,3.527451,2.734184
Tgs1,Tgs1,2.18E-25,0.21775578,0.34,0.237,5.86E-21,red,0.196176,-1.14019,0.645013,0.50877
Thada,Thada,1.47E-45,-0.203858518,0.421,0.381,3.94E-41,blue,0.048235,-1.52559,0.920468,0.669044
Thrap3,Thrap3,5.71E-28,0.10032646,0.409,0.318,1.53E-23,red,0.152059,-0.374703,0.126038,0.259839
Tia1,Tia1,1.04E-30,-0.252457752,0.251,0.251,2.80E-26,blue,0.094412,-1.939879,1.31356,0.936874
Timp2,Timp2.1,7.15E-47,0.385084339,0.355,0.204,1.92E-42,red,1.250294,1.104524,15.735754,14.224181
Tjp1,Tjp1.1,5.39E-44,-0.368574673,0.354,0.367,1.45E-39,blue,0.299412,-1.802008,4.538857,3.624908
Tlk1,Tlk1.1,3.60E-35,0.274487193,0.453,0.314,9.67E-31,red,0.137353,0.222071,0.184938,0.280864
Tln2,Tln2.1,9.81E-29,-0.488197283,0.209,0.29,2.63E-24,blue,0.140882,0.194867,1.088038,0.778594
Tlr7,Tlr7,7.46E-47,0.259898918,0.61,0.439,2.00E-42,red,0.528529,-0.270329,1.421728,1.007771
Tm6sf1,Tm6sf1.1,1.02E-38,-0.544692658,0.236,0.316,2.75E-34,blue,0.402059,-1.829948,7.446771,6.326736
Tmem135,Tmem135.2,8.68E-44,-0.206121736,0.629,0.584,2.33E-39,blue,0.307059,-1.179136,2.648548,1.96405
Tmem164,Tmem164,2.29E-30,0.149608348,0.613,0.488,6.15E-26,red,0.038529,-0.247265,0.269871,0.321992
Tmem184b,Tmem184b,2.75E-36,0.233642009,0.329,0.214,7.38E-32,red,0.15,0.548415,1.745122,1.241595
Tmem87b,Tmem87b,1.93E-27,0.193822131,0.325,0.224,5.17E-23,red,0.104706,-1.321843,1.124903,0.807178
Tmod3,Tmod3,1.34E-39,0.203824988,0.295,0.187,3.59E-35,red,0.122941,-0.535547,0.480971,0.424552
Tnks2,Tnks2,6.84E-40,0.120048338,0.449,0.334,1.83E-35,red,0.220588,-0.187403,0.574466,0.471849
Tnrc18,Tnrc18,1.90E-45,-0.174321051,0.432,0.382,5.11E-41,blue,0.037647,-0.882636,0.253234,0.316492
Tnrc6b,Tnrc6b,4.21E-35,-0.265046164,0.646,0.628,1.13E-30,blue,0.326176,-1.890764,3.772105,2.944413
Tns1,Tns1,3.96E-52,0.368448426,0.441,0.27,1.06E-47,red,0.085294,-0.168038,0.020219,0.216285
Tns3,Tns3,3.90E-71,0.494258292,0.868,0.691,1.05E-66,red,0.205882,0.460236,1.337305,0.95252
Top1,Top1,9.32E-22,-0.107604334,0.404,0.368,2.50E-17,blue,0.325588,-0.905438,0.545623,0.458028
Tor1aip1,Tor1aip1,4.90E-30,0.199199865,0.461,0.341,1.32E-25,red,0.458235,-0.316137,0.526112,0.4489
Tpd52,Tpd52.1,7.49E-49,0.430932503,0.525,0.339,2.01E-44,red,0.124118,1.686402,9.801211,8.567089
Tpm3,Tpm3,4.58E-39,-0.15860736,0.469,0.426,1.23E-34,blue,0.786765,-0.977822,4.210687,3.335936
Tpst2,Tpst2.1,7.81E-38,-0.491656716,0.188,0.254,2.10E-33,blue,0.447059,-1.650431,6.809955,5.736107
Traf3,Traf3.1,2.36E-52,0.382146677,0.517,0.332,6.33E-48,red,0.05,-1.085576,0.730102,0.553178
Trafd1,Trafd1.1,1.29E-28,0.239637823,0.328,0.222,3.46E-24,red,0.152941,-0.496919,0.445435,0.402426
Trem2,Trem2.1,7.27E-30,0.107406844,0.532,0.423,1.95E-25,red,2.481471,1.22707,29.377757,27.332581
Trim2,Trim2.1,1.61E-38,-0.35995834,0.238,0.252,4.32E-34,blue,0.050294,-0.58589,0.728114,0.552007
Trim30a,Trim30a.2,1.92E-57,0.62623942,0.612,0.406,5.15E-53,red,0.285588,-0.343173,0.089389,0.243557
Trim30d,Trim30d.1,9.46E-36,0.408401032,0.391,0.246,2.54E-31,red,0.162941,-1.773985,1.81994,1.29583
Trio,Trio.1,1.36E-32,-0.144908137,0.525,0.481,3.64E-28,blue,0.178529,-1.056039,1.091751,0.780975
Trip12,Trip12,1.77E-34,0.157037844,0.634,0.499,4.75E-30,red,0.204706,-0.396662,0.708166,0.544439
Trpm7,Trpm7,7.94E-26,0.106283274,0.528,0.426,2.13E-21,red,0.115294,-0.705932,0.253037,0.316577
Trps1,Trps1.2,6.43E-132,0.836522567,0.49,0.2,1.73E-127,red,0.016471,-1.274953,0.574574,0.47182
Tsc22d2,Tsc22d2,3.46E-29,0.206950617,0.419,0.303,9.27E-25,red,0.104706,-0.736881,0.371399,0.363872
Tsc22d4,Tsc22d4.1,1.39E-35,-0.302958894,0.383,0.39,3.72E-31,blue,0.564706,-0.8199,3.16995,2.423991
Tspan14,Tspan14.1,4.54E-36,-0.148505671,0.446,0.405,1.22E-31,blue,0.460882,-1.359763,4.109605,3.244524
Ttc39b,Ttc39b,7.56E-34,-0.126381055,0.263,0.226,2.03E-29,blue,0.080294,-1.306599,0.329161,0.350829
Ttc7,Ttc7,3.19E-26,-0.280463581,0.237,0.255,8.57E-22,blue,0.150882,-1.904066,3.290608,2.527349
Tubgcp5,Tubgcp5.2,2.24E-36,-0.3617319,0.404,0.432,6.02E-32,blue,0.275588,-1.318844,1.740672,1.238184
Tulp4,Tulp4,2.60E-24,-0.128875299,0.336,0.303,6.97E-20,blue,0.065,0.213985,0.306187,0.339791
Tyrobp,Tyrobp.1,1.33E-38,0.202669361,0.318,0.207,3.57E-34,red,3.335,1.60888,51.473836,49.048449
Ubac2,Ubac2,3.39E-26,-0.107007901,0.392,0.348,9.09E-22,blue,0.086765,0.174285,0.097577,0.246839
Ubash3b,Ubash3b.1,8.63E-35,-0.273423834,0.783,0.771,2.32E-30,blue,0.429118,-0.508877,1.211184,0.868822
Ube2f,Ube2f,5.10E-31,0.184125342,0.254,0.164,1.37E-26,red,0.098235,-0.981887,0.325828,0.349457
Ube2h,Ube2h,1.99E-35,-0.124317217,0.507,0.45,5.35E-31,blue,0.247353,-0.856094,1.076191,0.7705
Ube2k,Ube2k,2.30E-33,0.102640538,0.483,0.372,6.18E-29,red,0.213529,-0.584401,0.094131,0.245393
Ubr3,Ubr3,1.02E-31,-0.163157052,0.443,0.41,2.74E-27,blue,0.105588,-0.188272,0.276321,0.325733
Ulk2,Ulk2.1,2.38E-57,-0.451827637,0.581,0.624,6.40E-53,blue,0.357353,-0.626876,0.047569,0.226696
Unc93b1,Unc93b1.2,8.84E-33,-0.174827344,0.743,0.703,2.37E-28,blue,1.252941,-0.502722,2.952784,2.228677
Unk,Unk,7.17E-35,0.166984031,0.268,0.173,1.92E-30,red,0.073824,-0.782029,0.083432,0.240336
Usp12,Usp12.1,3.81E-60,0.511214055,0.627,0.413,1.02E-55,red,0.062647,1.267177,3.977535,3.12964
Usp24,Usp24.1,6.94E-57,-0.458528815,0.406,0.438,1.86E-52,blue,0.328529,-2.447961,4.332844,3.444016
Usp25,Usp25.1,1.49E-32,0.272325244,0.437,0.304,4.00E-28,red,0.160294,-0.292366,0.225211,0.302433
Usp37,Usp37,6.15E-25,0.133256938,0.266,0.187,1.65E-20,red,0.031471,-1.265649,0.167646,0.275098
Usp9x,Usp9x,7.17E-36,0.140364097,0.539,0.411,1.92E-31,red,0.083235,-1.335416,0.759578,0.569214
Vapa,Vapa,5.13E-31,-0.100701159,0.269,0.231,1.38E-26,blue,0.466765,-0.920541,2.200232,1.593511
Vav2,Vav2.1,2.16E-26,-0.275038121,0.317,0.335,5.80E-22,blue,0.164706,-1.168038,1.755426,1.249466
Vdac2,Vdac2,4.41E-29,0.230055749,0.26,0.163,1.18E-24,red,0.454118,0.787364,3.385123,2.612305
Vgll4,Vgll4.1,7.72E-31,-0.173451981,0.397,0.368,2.07E-26,blue,0.100588,-0.29127,0.449546,0.405094
Vmp1,Vmp1,2.12E-28,0.120552605,0.296,0.206,5.69E-24,red,0.107647,-0.175943,0.013583,0.21344
Vps13b,Vps13b,3.94E-29,0.141867905,0.672,0.544,1.06E-24,red,0.032059,-0.154863,0.159384,0.274994
Vps13c,Vps13c.1,1.48E-115,0.767584239,0.698,0.412,3.96E-111,red,0.03,1.090274,2.238905,1.625093
Vps41,Vps41,4.44E-41,0.102792107,0.44,0.325,1.19E-36,red,0.071765,-0.869957,0.345555,0.351854
Vps54,Vps54.2,1.02E-34,0.262084052,0.585,0.434,2.74E-30,red,0.072941,-0.264253,0.037357,0.22192
Wasf2,Wasf2.1,2.12E-63,-0.41017938,0.653,0.667,5.69E-59,blue,1.105294,-0.769992,3.765887,2.939655
Wdfy1,Wdfy1,2.36E-33,0.158353514,0.304,0.207,6.34E-29,red,0.178529,0.327876,0.648449,0.509818
Wdr37,Wdr37,2.09E-28,-0.115869565,0.31,0.274,5.61E-24,blue,0.079118,-0.296986,0.500133,0.433062
Wdr7,Wdr7.1,3.03E-41,0.18171407,0.391,0.268,8.13E-37,red,0.045294,-0.285077,0.039769,0.223122
Wipf1,Wipf1,1.39E-34,0.157974787,0.716,0.581,3.73E-30,red,0.246471,-0.918842,0.743722,0.559051
Wls,Wls,4.06E-46,0.250622999,0.476,0.325,1.09E-41,red,0.255588,0.218497,0.163636,0.275984
Wnk1,Wnk1.1,2.03E-37,-0.237785777,0.829,0.807,5.44E-33,blue,0.684412,-1.179866,5.39231,4.416144
Wwox,Wwox,1.46E-15,0.117525779,0.696,0.601,3.91E-11,red,0.018824,0.117364,0.010895,0.212601
Wwp1,Wwp1.1,2.40E-26,-0.136559826,0.342,0.292,6.44E-22,blue,0.035294,0.795436,0.155105,0.274777
Xpr1,Xpr1.1,1.45E-40,0.195337988,0.43,0.298,3.90E-36,red,0.105588,-0.280838,0.004659,0.210445
Xrn1,Xrn1.1,9.83E-32,0.113596262,0.499,0.388,2.64E-27,red,0.081765,-0.332783,0.302286,0.337597
Zc3h12c,Zc3h12c,3.28E-75,0.685427626,0.326,0.135,8.81E-71,red,0.019118,-0.283515,0.009624,0.211876
Zdhhc14,Zdhhc14.1,9.92E-41,-0.533608572,0.338,0.413,2.66E-36,blue,0.035,-0.571003,0.082972,0.240331
Zeb1,Zeb1.1,2.96E-28,-0.294420979,0.617,0.631,7.94E-24,blue,0.047059,-1.905003,1.698603,1.206366
Zeb2,Zeb2.1,1.48E-17,0.239843847,0.952,0.91,3.96E-13,red,0.468235,-1.097303,4.523535,3.613138
Zfand5,Zfand5,8.77E-39,0.267279112,0.266,0.153,2.35E-34,red,0.191471,-0.694373,0.896231,0.652878
Zfc3h1,Zfc3h1,1.49E-42,0.114448365,0.458,0.338,4.00E-38,red,0.052647,-0.348073,0.021167,0.216956
Zfhx3,Zfhx3.2,7.88E-171,-0.751231338,0.882,0.912,2.12E-166,blue,1.213235,-1.976092,17.675709,16.069866
Zfp148,Zfp148.1,1.82E-34,0.151116196,0.588,0.454,4.88E-30,red,0.255882,-0.748034,0.188396,0.281084
Zfp407,Zfp407.1,6.74E-28,0.169153981,0.497,0.38,1.81E-23,red,0.035882,-3.513813,0.933729,0.675265
Zfp652,Zfp652.1,1.64E-29,-0.1900603,0.615,0.589,4.41E-25,blue,0.358529,-1.74004,4.535619,3.62256
Zfp710,Zfp710.1,5.05E-65,-0.477997332,0.692,0.738,1.35E-60,blue,0.345882,-1.790281,4.922795,3.974529
Zfp91,Zfp91,1.14E-29,0.122082576,0.291,0.204,3.05E-25,red,0.228235,-0.264125,0.177986,0.277126
Zfr,Zfr,4.19E-38,0.11456344,0.616,0.485,1.12E-33,red,0.139412,0.482378,0.369876,0.362901
Zmiz1,Zmiz1,2.46E-27,0.236114552,0.714,0.578,6.59E-23,red,0.162647,-0.716931,1.890091,1.352321
Zmynd11,Zmynd11.1,4.39E-34,-0.238989532,0.374,0.367,1.18E-29,blue,0.193235,-1.027942,1.227912,0.876609
Znfx1,Znfx1,9.24E-23,0.359125532,0.277,0.175,2.48E-18,red,0.179412,-0.575213,0.43323,0.396182
Zranb2,Zranb2,1.46E-36,-0.126859093,0.384,0.335,3.93E-32,blue,0.136176,-0.268019,0.12478,0.25914
Zswim6,Zswim6,4.04E-22,-0.117831371,0.787,0.74,1.08E-17,blue,0.162647,-1.202358,2.108441,1.521483