"","X","p_val","avg_log2FC","pct.1","pct.2","p_val_adj","gene","Average.UMI.per.cell..homeostatic.microglia.","Fold.change..DAM.to.homeostatic.microglia.","X.log10.DAM..p.value..Mann.Whitney.","DAM.FDR.p.value"
"1","Csmd3",0,-2.6597911,0.487,0.84,0,"Csmd3",0.114118,-0.578126,0.684409,0.529623
"2","Siglech",0,-2.254236495,0.148,0.691,0,"Siglech",4.717353,-0.917863,19.102279,17.42508
"3","P2ry12",0,-1.690517693,0.347,0.759,0,"P2ry12",10.954118,-2.051548,61.168903,58.412523
"4","Selplg",3.7e-282,-1.572230255,0.277,0.656,9.9e-278,"Selplg",9.069412,-1.225303,39.41363,37.192363
"5","Prkca",9.1e-206,-1.470698509,0.19,0.523,2.44e-201,"Prkca",0.096471,-0.925677,1.516313,1.074703
"6","Cst3",8.05e-237,-1.466249675,0.634,0.845,2.16e-232,"Cst3",46.351765,-0.22888,6.059475,5.045708
"7","Fgd2",4.25e-290,-1.448795017,0.265,0.671,1.14e-285,"Fgd2",0.632647,-1.816765,10.540515,9.263319
"8","Ptgs1",6.49e-209,-1.37475396,0.075,0.398,1.74e-204,"Ptgs1",1.647941,-1.032244,9.702954,8.481687
"9","4933406I18Rik",1.33e-264,-1.359410895,0.513,0.791,3.57e-260,"4933406I18Rik",0.004706,-2.168038,0.033458,0.220785
"10","Rapgef5",4.9e-256,-1.354616373,0.463,0.759,1.31e-251,"Rapgef5",0.148235,-2.787766,3.547346,2.749325
"11","Nav3",5.53e-222,-1.288904603,0.634,0.812,1.48e-217,"Nav3",0.360588,-1.278034,2.538153,1.877191
"12","Pde3b",4.27e-285,-1.268891199,0.596,0.841,1.14e-280,"Pde3b",0.862941,-1.007211,4.120014,3.254134
"13","Fchsd2",6.35e-225,-1.253158895,0.49,0.752,1.7e-220,"Fchsd2",0.327647,-1.797718,4.469631,3.566253
"14","Abca9",3.04e-189,-1.238273456,0.223,0.549,8.13e-185,"Abca9",0.476765,-1.460019,3.565944,2.76587
"15","Tanc2",0,-1.204186522,0.912,0.958,0,"Tanc2",0.775294,-0.956633,4.307414,3.421104
"16","Sparc",1.95e-161,-1.198379137,0.154,0.45,5.22e-157,"Sparc",11.989706,-0.83641,28.630962,26.609267
"17","Ccr5",7.04e-136,-1.174833038,0.151,0.414,1.89e-131,"Ccr5",1.477353,-2.340838,22.33377,20.517622
"18","Zfhx3",0,-1.168594217,0.791,0.919,0,"Zfhx3",1.213235,-1.976092,17.675709,16.069866
"19","Srgap2",0,-1.159832458,0.878,0.952,0,"Srgap2",1.050294,-1.736531,12.918412,11.534418
"20","Maf",8.9e-152,-1.139546316,0.265,0.553,2.38e-147,"Maf",1.703824,-2.252391,24.546455,22.652547
"21","Bbs9",5.41e-142,-1.137738113,0.273,0.538,1.45e-137,"Bbs9",0.089412,-1.328503,0.93959,0.677762
"22","Med12l",1.74e-173,-1.136569282,0.338,0.626,4.66e-169,"Med12l",0.139706,-3.53626,3.710731,2.895294
"23","St3gal6",4.21e-172,-1.124404265,0.335,0.623,1.13e-167,"St3gal6",0.750294,-1.05862,6.242713,5.211777
"24","Elmo1",0,-1.111955152,0.867,0.956,2.7e-305,"Elmo1",0.541471,-1.463565,6.615799,5.559628
"25","Sall1",2.13e-145,-1.111745568,0.135,0.41,5.7e-141,"Sall1",0.815588,-1.189528,5.684519,4.691567
"26","Capn3",9.77e-141,-1.106477073,0.175,0.445,2.62e-136,"Capn3",0.182941,0.299384,0.041344,0.223412
"27","Ltc4s",2.53e-128,-1.092796591,0.075,0.309,6.77e-124,"Ltc4s",0.785,-1.530531,10.758933,9.473425
"28","Pld1",1.41e-143,-1.080077666,0.238,0.51,3.77e-139,"Pld1",0.242647,-2.348494,3.281902,2.519902
"29","Numb",4.78e-200,-1.075410639,0.616,0.813,1.28e-195,"Numb",0.506471,-1.136548,4.751347,3.817322
"30","Agmo",2.85e-145,-1.074775223,0.367,0.643,7.63e-141,"Agmo",0.072353,-0.396307,0.32368,0.348337
"31","Arhgap5",1.18e-208,-1.066409357,0.596,0.799,3.15e-204,"Arhgap5",0.865588,-0.809996,2.289853,1.667012
"32","Slc24a3",1.33e-119,-1.039018985,0.175,0.435,3.56e-115,"Slc24a3",0.126471,-0.736322,0.355663,0.356028
"33","Gpr34",3.78e-138,-1.023929603,0.356,0.619,1.01e-133,"Gpr34",3.750882,-0.85822,12.216125,10.879465
"34","Chd9",6.58e-256,-1.016728043,0.718,0.894,1.76e-251,"Chd9",0.292059,-2.494331,4.376627,3.48357
"35","Serinc3",3.56e-201,-0.969833481,0.516,0.781,9.51999999999999e-197,"Serinc3",9.199706,-0.907111,30.245977,28.188567
"36","Itga9",3.02e-99,-0.958016106,0.116,0.329,8.09e-95,"Itga9",0.166765,-1.940203,3.024236,2.290814
"37","Col27a1",7.03e-102,-0.925272743,0.101,0.316,1.88e-97,"Col27a1",0.171176,-0.995361,0.937047,0.676607
"38","Phyhd1",1.05e-128,-0.921204834,0.356,0.609,2.8e-124,"Phyhd1",0.313824,-0.878654,1.679626,1.193092
"39","Fam102b",2.84e-102,-0.915375522,0.326,0.532,7.61e-98,"Fam102b",0.982353,-0.688795,1.441674,1.020322
"40","Cx3cr1",1.06e-165,-0.914137147,0.599,0.804,2.85e-161,"Cx3cr1",11.152353,-1.359911,55.105993,52.504515
"41","Slco2b1",3.87e-167,-0.913269323,0.528,0.781,1.04e-162,"Slco2b1",2.61,-1.270084,17.936384,16.321678
"42","Plxna4",1.04e-92,-0.910002937,0.347,0.532,2.79e-88,"Plxna4",0.104412,-3.054751,3.758185,2.933408
"43","Csf1r",2.58e-210,-0.902433789,0.689,0.858,6.91e-206,"Csf1r",12.371765,-0.468992,15.544638,14.046963
"44","Bin1",1.03e-150,-0.884618267,0.513,0.734,2.76e-146,"Bin1",1.485882,-1.170324,9.606739,8.387278
"45","0610040J01Rik",2.05e-106,-0.865749498,0.349,0.585,5.48e-102,"0610040J01Rik",0.269118,-0.983298,4.411716,3.516102
"46","Nos1ap",7.19e-80,-0.865416757,0.174,0.353,1.92e-75,"Nos1ap",0.025294,-0.10245,0.528687,0.450044
"47","Eef2k",8.78e-91,-0.863225713,0.132,0.342,2.35e-86,"Eef2k",0.217059,-2.447587,5.093998,4.133002
"48","Gtf2h2",1.58e-107,-0.85788844,0.315,0.542,4.22e-103,"Gtf2h2",0.215294,-1.282858,3.745027,2.922424
"49","Itgam",2.37e-109,-0.854270424,0.373,0.604,6.35e-105,"Itgam",2.063235,-1.124086,11.222016,9.921568
"50","Ntpcr",1.26e-94,-0.842388798,0.21,0.431,3.38e-90,"Ntpcr",0.363529,-1.122088,2.824831,2.119879
"51","Ssh2",6e-224,-0.841172565,0.789,0.922,1.61e-219,"Ssh2",1.002353,-1.334791,6.625164,5.567754
"52","St3gal5",3.17e-81,-0.836319738,0.191,0.392,8.49e-77,"St3gal5",0.297647,-0.62747,1.546661,1.094094
"53","Bin2",9.33e-96,-0.834843806,0.269,0.485,2.5e-91,"Bin2",0.073235,-1.735722,0.828024,0.609463
"54","Lpcat2",2.4e-159,-0.834298264,0.594,0.796,6.43e-155,"Lpcat2",1.863529,-1.311565,15.951629,14.425698
"55","Dock10",4.99e-167,-0.833332496,0.699,0.854,1.34e-162,"Dock10",0.386176,-1.366818,3.788129,2.959706
"56","Lrba",3.13e-79,-0.83305388,0.265,0.436,8.39e-75,"Lrba",0.4,-2.646691,8.57764,7.420207
"57","Slc9a9",3.39e-165,-0.823736225,0.687,0.87,9.07e-161,"Slc9a9",0.366471,-1.395844,4.770916,3.835019
"58","Inpp5d",5.52e-274,-0.821105632,0.89,0.964,1.48e-269,"Inpp5d",1.030588,-0.829083,4.4867,3.580704
"59","Dock4",2.78e-242,-0.811767688,0.892,0.941,7.45e-238,"Dock4",0.090588,-1.3263,2.331095,1.702283
"60","Cd33",4.62e-89,-0.806629901,0.223,0.436,1.24e-84,"Cd33",0.205588,-1.369259,2.855893,2.145395
"61","Frmd4a",1.12e-183,-0.805033605,0.802,0.896,3e-179,"Frmd4a",0.872059,-1.284002,4.015425,3.161359
"62","Ophn1",1.17e-171,-0.804846984,0.713,0.863,3.13e-167,"Ophn1",0.390588,-1.642211,4.566307,3.649674
"63","Garnl3",1.6e-73,-0.800058347,0.113,0.29,4.29e-69,"Garnl3",0.071176,-1.305541,1.348071,0.959313
"64","Nfia",2.82e-104,-0.783964388,0.538,0.725,7.57e-100,"Nfia",0.268824,-1.026808,1.755437,1.249128
"65","Rtn1",1.03e-70,-0.758722797,0.283,0.464,2.75e-66,"Rtn1",0.221765,-2.012213,4.457253,3.556478
"66","Mtus1",7.67e-74,-0.748993289,0.198,0.394,2.05e-69,"Mtus1",0.452647,-0.792919,3.914743,3.07142
"67","Nrip1",6.72e-89,-0.741994684,0.464,0.636,1.8e-84,"Nrip1",0.572941,-1.510853,8.254333,7.115253
"68","Pard3b",9.94e-59,-0.731904,0.304,0.468,2.66e-54,"Pard3b",0.021471,-0.7729,0.051278,0.228168
"69","Tln2",1.11e-64,-0.730649691,0.129,0.291,2.98e-60,"Tln2",0.140882,0.194867,1.088038,0.778594
"70","Sdk1",5.34e-44,-0.73004114,0.242,0.365,1.43e-39,"Sdk1",0.020882,-0.273391,0.064966,0.235002
"71","Slc16a6",3.31e-68,-0.729904059,0.211,0.383,8.87e-64,"Slc16a6",0.256765,-0.251375,0.696181,0.536241
"72","Golm1",5.18e-73,-0.706563352,0.326,0.513,1.39e-68,"Golm1",1.740588,-0.806389,6.769101,5.699102
"73","Man1a",2.65e-61,-0.702166919,0.322,0.49,7.1e-57,"Man1a",0.365,-1.164555,5.216734,4.247713
"74","Ivns1abp",1.23e-106,-0.69876654,0.638,0.782,3.3e-102,"Ivns1abp",0.968824,-1.274347,6.012747,5.002333
"75","Lgmn",4.87e-126,-0.696760243,0.688,0.831,1.3e-121,"Lgmn",5.866765,-0.652843,14.722894,13.254955
"76","Rps6ka1",4.33e-64,-0.695964758,0.21,0.383,1.16e-59,"Rps6ka1",0.718529,-1.448061,9.170299,7.982121
"77","Scoc",9.5e-61,-0.694035548,0.178,0.343,2.54e-56,"Scoc",0.566471,-0.857843,4.01454,3.16125
"78","Mertk",1.34e-158,-0.689916868,0.857,0.93,3.58e-154,"Mertk",1.12,-0.261147,1.309866,0.93473
"79","Inpp4b",1.43e-103,-0.680187637,0.765,0.876,3.82e-99,"Inpp4b",0.06,-1.840463,1.700536,1.207623
"80","Dip2b",6.67e-111,-0.676512736,0.691,0.815,1.79e-106,"Dip2b",0.322353,-0.860929,2.588225,1.917187
"81","Zfp710",2.91e-100,-0.675086882,0.647,0.772,7.8e-96,"Zfp710",0.345882,-1.790281,4.922795,3.974529
"82","Tjp1",2.61e-61,-0.670709471,0.254,0.413,6.98e-57,"Tjp1",0.299412,-1.802008,4.538857,3.624908
"83","Cd81",1.7e-61,-0.670045438,0.315,0.49,4.54e-57,"Cd81",3.917647,-0.1491,0.822901,0.606671
"84","Ankrd44",4.66e-125,-0.666034533,0.715,0.845,1.25e-120,"Ankrd44",0.223824,-1.280359,0.604267,0.487231
"85","Pmepa1",6.43e-55,-0.665384204,0.312,0.468,1.72e-50,"Pmepa1",2.412353,-1.11316,12.313847,10.967641
"86","Susd3",6.42e-58,-0.660533269,0.103,0.254,1.72e-53,"Susd3",0.555882,-1.685886,8.8129,7.645991
"87","Pkig",2.64e-56,-0.659930525,0.267,0.427,7.08e-52,"Pkig",0.101471,-0.172226,0.64426,0.508462
"88","Adap2",2.49e-106,-0.654296536,0.639,0.799,6.67e-102,"Adap2",0.432647,-1.264355,4.919634,3.972333
"89","Mgat4a",1.87e-76,-0.64455068,0.497,0.633,5.02e-72,"Mgat4a",0.468529,-0.925985,4.106699,3.242414
"90","Il6ra",5.6e-67,-0.635735514,0.373,0.555,1.5e-62,"Il6ra",0.960882,-1.789221,10.20998,8.956807
"91","Kif21b",2.13e-54,-0.635111056,0.187,0.335,5.69e-50,"Kif21b",0.201176,-1.631694,3.719289,2.901
"92","Ulk2",6.28e-71,-0.63340916,0.522,0.675,1.68e-66,"Ulk2",0.357353,-0.626876,0.047569,0.226696
"93","Scamp2",2.24e-57,-0.629053126,0.279,0.438,6e-53,"Scamp2",1.478529,-0.98273,8.408341,7.260182
"94","Zeb1",1.19e-68,-0.628229207,0.505,0.672,3.2e-64,"Zeb1",0.047059,-1.905003,1.698603,1.206366
"95","Dennd4a",8.59e-104,-0.623731884,0.682,0.817,2.3e-99,"Dennd4a",0.172647,-0.35963,0.054951,0.230101
"96","Gab1",3.58e-43,-0.623207482,0.156,0.295,9.59e-39,"Gab1",0.148824,-2.220294,3.062833,2.327643
"97","Tubgcp5",1.14e-55,-0.622657994,0.317,0.468,3.06e-51,"Tubgcp5",0.275588,-1.318844,1.740672,1.238184
"98","Rgs10",5.17e-60,-0.614149039,0.346,0.508,1.38e-55,"Rgs10",2.078824,-0.485482,2.892528,2.176977
"99","Sncaip",4.78e-43,-0.612797151,0.16,0.301,1.28e-38,"Sncaip",0.037941,0.106137,0.378013,0.36693
"100","Herc2",8.05e-76,-0.610298076,0.523,0.686,2.16e-71,"Herc2",0.360294,-0.841641,1.53456,1.085982
"101","Tcf7l2",4.11e-42,-0.600789389,0.207,0.338,1.1e-37,"Tcf7l2",0.090294,-2.144731,1.180711,0.847811
"102","Gng2",1.03e-51,-0.600266259,0.327,0.482,2.77e-47,"Gng2",0.283529,-1.254379,3.105931,2.365987
"103","Rcsd1",7.62e-51,-0.599206051,0.282,0.441,2.04e-46,"Rcsd1",0.305588,-0.835871,1.760562,1.252856
"104","Dapp1",2.16e-56,-0.599007234,0.372,0.536,5.78e-52,"Dapp1",0.236176,-2.863098,6.297989,5.263538
"105","Abi3",1.16e-56,-0.595342807,0.311,0.468,3.11e-52,"Abi3",0.756471,-0.592831,3.335363,2.568305
"106","Rtn4rl1",1.92e-48,-0.594781427,0.287,0.434,5.15e-44,"Rtn4rl1",0.746471,-1.176018,6.405642,5.367645
"107","Smarca2",4.31e-53,-0.594655793,0.316,0.469,1.15e-48,"Smarca2",0.137353,-1.001894,0.821034,0.605519
"108","Ikzf1",3.59e-98,-0.589364724,0.718,0.839,9.61e-94,"Ikzf1",0.424412,-1.019037,1.916568,1.36932
"109","Ppp1r9a",6.14e-67,-0.589346498,0.565,0.698,1.64e-62,"Ppp1r9a",0.240294,-1.831003,3.480137,2.695563
"110","Fcrls",2.31e-46,-0.585121526,0.385,0.518,6.18e-42,"Fcrls",3.126176,-0.411256,2.731323,2.03833
"111","Sort1",2.37e-43,-0.580492394,0.194,0.331,6.35e-39,"Sort1",0.507647,-1.072632,3.133897,2.392158
"112","Tpst2",1.46e-46,-0.579683276,0.133,0.268,3.91e-42,"Tpst2",0.447059,-1.650431,6.809955,5.736107
"113","Cables1",7.03e-41,-0.578561846,0.213,0.346,1.88e-36,"Cables1",0.382059,-0.341299,0.486393,0.427243
"114","Chsy1",1.39e-41,-0.577785983,0.156,0.284,3.72e-37,"Chsy1",0.232941,-1.55899,2.8634,2.151784
"115","Hpgd",4.2e-40,-0.576476655,0.231,0.38,1.12e-35,"Hpgd",1.098529,-0.976939,5.796337,4.798003
"116","Pik3r1",2.36e-57,-0.575869479,0.442,0.6,6.32e-53,"Pik3r1",0.44,-2.078308,6.320249,5.284619
"117","Glul",8.81e-41,-0.574902729,0.14,0.265,2.36e-36,"Glul",3.407353,-1.334853,22.122472,20.320335
"118","Stab1",1.31e-28,-0.559003596,0.222,0.328,3.5e-24,"Stab1",0.343824,-2.526207,8.736682,7.571366
"119","Slc1a3",1.61e-38,-0.558897634,0.315,0.438,4.31e-34,"Slc1a3",0.375,-1.461952,4.755706,3.820746
"120","Maml3",3.67e-86,-0.553788772,0.822,0.887,9.83e-82,"Maml3",0.127353,-1.131845,0.883617,0.643111
"121","Pag1",1e-107,-0.550725759,0.84,0.898,2.69e-103,"Pag1",0.901176,-1.08746,6.868759,5.791027
"122","Scamp5",3.74e-44,-0.54835303,0.131,0.266,1e-39,"Scamp5",0.272353,-1.883355,3.732926,2.911766
"123","Zdhhc14",3.64e-37,-0.543105868,0.327,0.451,9.74e-33,"Zdhhc14",0.035,-0.571003,0.082972,0.240331
"124","Mapk14",1.76e-48,-0.5408182,0.385,0.527,4.72e-44,"Mapk14",0.315294,-1.099701,3.509821,2.719918
"125","Gna15",8.44e-47,-0.540793602,0.314,0.441,2.26e-42,"Gna15",0.622647,-1.364094,6.830659,5.75552
"126","Qk",1.15e-134,-0.53434335,0.946,0.957,3.07e-130,"Qk",1.737059,-0.540553,3.678978,2.86708
"127","Tbc1d16",4.63e-40,-0.531391729,0.28,0.421,1.24e-35,"Tbc1d16",0.136176,-1.254722,0.921165,0.668964
"128","Sdccag8",3.81e-40,-0.530016091,0.301,0.428,1.02e-35,"Sdccag8",0.056765,-2.760495,1.7749,1.260493
"129","Kctd12",1.61e-38,-0.527258641,0.16,0.287,4.3e-34,"Kctd12",0.614706,-1.409423,4.13559,3.268912
"130","Pik3cg",6.45e-37,-0.518943487,0.168,0.289,1.73e-32,"Pik3cg",0.536471,-0.98412,2.76545,2.068688
"131","Sipa1l1",5.48e-39,-0.518615423,0.312,0.434,1.47e-34,"Sipa1l1",0.088529,0.227699,0.23971,0.311161
"132","Ets1",1.41e-32,-0.513063415,0.154,0.255,3.77e-28,"Ets1",0.322647,-2.409405,6.143341,5.122788
"133","Sipa1",1.04e-37,-0.508650712,0.214,0.334,2.79e-33,"Sipa1",0.426471,-1.119128,2.766476,2.069172
"134","Map4k4",3.18e-55,-0.50713928,0.538,0.654,8.53e-51,"Map4k4",0.199118,-0.611048,0.551949,0.461685
"135","Entpd1",1.22e-58,-0.507060591,0.568,0.721,3.25e-54,"Entpd1",0.942059,-1.189364,8.945812,7.770846
"136","Nuak1",2.72e-35,-0.500503494,0.309,0.441,7.28e-31,"Nuak1",0.371765,-0.868192,1.367318,0.970231
"137","Itpr2",1.45e-50,-0.500134427,0.529,0.65,3.89e-46,"Itpr2",0.235588,-0.317841,0.644183,0.508533
"138","Wnk1",1.18e-71,-0.497248967,0.752,0.849,3.17e-67,"Wnk1",0.684412,-1.179866,5.39231,4.416144
"139","Fli1",2.07e-67,-0.495216862,0.729,0.841,5.54e-63,"Fli1",0.310882,-0.721944,1.755746,1.248739
"140","Arsb",2.89e-28,-0.491696829,0.344,0.45,7.74e-24,"Arsb",1.082059,-0.345137,0.996335,0.716869
"141","Laptm5",5.3e-38,-0.491336602,0.372,0.489,1.42e-33,"Laptm5",6.785588,-0.129962,1.305305,0.931199
"142","Ifngr1",1.73e-35,-0.489850513,0.313,0.426,4.63e-31,"Ifngr1",1.225588,-1.587352,13.061491,11.669528
"143","Trim2",1.14e-31,-0.488646168,0.155,0.267,3.05e-27,"Trim2",0.050294,-0.58589,0.728114,0.552007
"144","Rgl1",3.78e-31,-0.482696527,0.174,0.284,1.01e-26,"Rgl1",0.110882,-2.772262,3.453526,2.671592
"145","Pwwp2a",5.46e-44,-0.482340948,0.451,0.574,1.46e-39,"Pwwp2a",0.216765,-1.671191,3.154421,2.410879
"146","F11r",3.95e-36,-0.480613518,0.336,0.459,1.06e-31,"F11r",1.262941,-0.874201,7.633498,6.510587
"147","Phf14",7.62e-53,-0.479576128,0.598,0.696,2.04e-48,"Phf14",0.177059,-0.177656,0.304068,0.338174
"148","Cttnbp2nl",2.42e-47,-0.476686699,0.566,0.679,6.48e-43,"Cttnbp2nl",1.219412,-1.008123,5.738986,4.74389
"149","Wasf2",8.27e-49,-0.470765288,0.591,0.688,2.22e-44,"Wasf2",1.105294,-0.769992,3.765887,2.939655
"150","Bmp2k",6.98e-50,-0.46720349,0.615,0.729,1.87e-45,"Bmp2k",1.176471,-0.94647,4.784759,3.846982
"151","Fbrsl1",3.57e-31,-0.460008339,0.299,0.408,9.57e-27,"Fbrsl1",0.379412,-1.473287,3.849868,3.014058
"152","Csad",9.32e-29,-0.455925427,0.241,0.338,2.5e-24,"Csad",0.126176,-2.131512,1.987627,1.42596
"153","Plcl2",1.19e-53,-0.455125019,0.753,0.831,3.18e-49,"Plcl2",0.443235,-0.970614,2.48623,1.83463
"154","Smad3",4.11e-26,-0.452396091,0.258,0.37,1.1e-21,"Smad3",0.195588,-1.045403,1.704524,1.208897
"155","Fam49b",6.86e-66,-0.446174178,0.809,0.877,1.84e-61,"Fam49b",0.799412,-0.846747,4.29183,3.407189
"156","Usp24",6.35e-32,-0.444521162,0.331,0.447,1.7e-27,"Usp24",0.328529,-2.447961,4.332844,3.444016
"157","Maml1",1.13e-28,-0.444230077,0.208,0.303,3.04e-24,"Maml1",0.052647,-0.502107,0.707077,0.544141
"158","Cep68",1.39e-28,-0.443956787,0.23,0.341,3.72e-24,"Cep68",0.180882,-3.43248,4.991065,4.035009
"159","Klf7",1.05e-24,-0.440173425,0.15,0.25,2.8e-20,"Klf7",0.163824,-2.534684,3.966585,3.119455
"160","Hps3",1.85e-30,-0.434998327,0.328,0.44,4.95e-26,"Hps3",0.239118,-2.280561,3.772054,2.945093
"161","Cask",7.96e-32,-0.432369526,0.496,0.602,2.13e-27,"Cask",0.117059,-0.909845,1.405432,0.995405
"162","Pten",5.41e-31,-0.423595123,0.413,0.515,1.45e-26,"Pten",0.307647,-1.979537,3.717218,2.900357
"163","Clasp2",1.34e-38,-0.423088497,0.574,0.672,3.59e-34,"Clasp2",0.143529,-0.850848,0.633107,0.502481
"164","Prpsap2",4.68e-25,-0.420978971,0.17,0.267,1.25e-20,"Prpsap2",0.188235,-0.565153,1.033269,0.742909
"165","Picalm",2.05e-47,-0.420153364,0.695,0.769,5.5e-43,"Picalm",1.366471,-1.009961,6.573097,5.519394
"166","Rassf2",1.23e-28,-0.419224724,0.288,0.398,3.29e-24,"Rassf2",0.277941,-0.548383,0.501432,0.433345
"167","Camk1",5.77e-31,-0.415388929,0.376,0.494,1.54e-26,"Camk1",0.434706,-0.512593,1.470788,1.04366
"168","Cflar",1.53e-30,-0.414699351,0.436,0.539,4.1e-26,"Cflar",0.205588,-0.42243,0.284203,0.329227
"169","Dock8",6.65e-67,-0.414249519,0.844,0.903,1.78e-62,"Dock8",0.252353,-0.393235,0.211588,0.294327
"170","Specc1",1.61e-38,-0.413283507,0.61,0.702,4.32e-34,"Specc1",0.19,-0.514744,1.049964,0.754911
"171","Casp8",4.13e-28,-0.413153339,0.282,0.378,1.11e-23,"Casp8",0.291471,-1.256593,1.332285,0.950654
"172","Vav2",3.93e-27,-0.412135215,0.253,0.345,1.05e-22,"Vav2",0.164706,-1.168038,1.755426,1.249466
"173","Zfp652",6.94e-39,-0.410938561,0.578,0.7,1.86e-34,"Zfp652",0.358529,-1.74004,4.535619,3.62256
"174","Ly86",6.24e-48,-0.410086649,0.799,0.853,1.67e-43,"Ly86",3.221176,0.2402,1.149475,0.825835
"175","Il10ra",2.1e-30,-0.409011724,0.377,0.484,5.63e-26,"Il10ra",0.748824,-1.277483,8.878822,7.707097
"176","Cryl1",4.28e-23,-0.40467018,0.246,0.337,1.15e-18,"Cryl1",0.193824,-1.008611,1.249876,0.89218
"177","Ssbp2",2.24e-24,-0.402053304,0.361,0.456,6.01e-20,"Ssbp2",0.049412,-0.702374,0.56198,0.467142
"178","Rnf216",1.62e-38,-0.398854989,0.632,0.707,4.34e-34,"Rnf216",0.154412,-1.08527,0.624984,0.497722
"179","Map3k3",5.98e-32,-0.39762055,0.482,0.58,1.6e-27,"Map3k3",0.094706,-1.432866,0.836219,0.614228
"180","Rock2",3.25e-32,-0.397410179,0.536,0.623,8.71e-28,"Rock2",0.390294,-0.665474,0.807387,0.596844
"181","Rptor",3.59e-37,-0.396899037,0.563,0.656,9.6e-33,"Rptor",0.31,-0.562239,0.666961,0.520633
"182","Dpysl2",7.8e-23,-0.394864882,0.216,0.314,2.09e-18,"Dpysl2",0.391471,-0.315112,0.011824,0.212914
"183","Akirin2",1.29e-23,-0.393610751,0.201,0.293,3.46e-19,"Akirin2",0.432647,-1.243536,3.660045,2.850959
"184","Pacs1",1.81e-21,-0.391704348,0.36,0.449,4.86e-17,"Pacs1",0.059706,-0.189518,0.316747,0.345901
"185","Itm2b",8.44e-39,-0.390676385,0.7,0.776,2.26e-34,"Itm2b",9.015882,0.385876,8.422408,7.272716
"186","Pld4",2.15e-23,-0.387608339,0.293,0.395,5.76e-19,"Pld4",1.586471,-0.602282,5.511395,4.532131
"187","Tab2",2.03e-26,-0.38623462,0.323,0.413,5.44e-22,"Tab2",0.492941,-1.174941,4.54285,3.628009
"188","Ubash3b",2.44e-36,-0.385776149,0.666,0.76,6.53e-32,"Ubash3b",0.429118,-0.508877,1.211184,0.868822
"189","Fyco1",6.88e-22,-0.380356982,0.255,0.352,1.84e-17,"Fyco1",0.052941,-3.200459,1.607756,1.138217
"190","Pts",1.24e-21,-0.379177375,0.208,0.29,3.31e-17,"Pts",0.117941,-0.970006,0.411092,0.38434
"191","Gtf2i",3.29e-23,-0.377502215,0.321,0.413,8.82e-19,"Gtf2i",0.297647,-1.330853,2.020667,1.450597
"192","Fkbp5",2.71e-19,-0.376398659,0.353,0.433,7.25e-15,"Fkbp5",0.187647,-0.508171,0.041159,0.22337
"193","Acss1",1.37e-19,-0.374437877,0.258,0.355,3.68e-15,"Acss1",0.106765,-1.482039,1.12184,0.804793
"194","Hpgds",2e-46,-0.373842761,0.763,0.819,5.36e-42,"Hpgds",0.681176,-1.131138,3.163598,2.419452
"195","Thada",2.72e-22,-0.372706353,0.331,0.4,7.29e-18,"Thada",0.048235,-1.52559,0.920468,0.669044
"196","Marcks",2.32e-24,-0.370548223,0.434,0.532,6.21e-20,"Marcks",6.795294,-1.293206,37.625301,35.421763
"197","Hltf",1.93e-24,-0.368948522,0.307,0.392,5.18e-20,"Hltf",0.151471,-0.863584,1.980324,1.420634
"198","Stambpl1",4.23e-20,-0.367680057,0.262,0.341,1.13e-15,"Stambpl1",0.117647,-3.111454,2.206512,1.59891
"199","Celf2",7.94e-37,-0.364276617,0.817,0.858,2.13e-32,"Celf2",0.695294,-1.105926,4.337224,3.447553
"200","Slc12a9",5.27e-19,-0.363671119,0.181,0.267,1.41e-14,"Slc12a9",0.159118,-0.716141,0.554012,0.462811
"201","Klf3",3.21e-22,-0.360402677,0.273,0.353,8.59e-18,"Klf3",0.254706,-1.191551,1.76379,1.255733
"202","Rhoh",1.42e-22,-0.357434012,0.392,0.476,3.82e-18,"Rhoh",0.196471,-1.012583,1.453184,1.029242
"203","Ttc7",6.22e-19,-0.35726776,0.19,0.273,1.67e-14,"Ttc7",0.150882,-1.904066,3.290608,2.527349
"204","Git2",8.71e-28,-0.356385762,0.495,0.584,2.33e-23,"Git2",0.471765,-1.230534,1.913603,1.367885
"205","C1qb",5.67e-27,-0.356294158,0.627,0.709,1.52e-22,"C1qb",7.437353,-0.49408,9.344025,8.142221
"206","Fcgr3",3.54e-20,-0.355669924,0.227,0.305,9.48e-16,"Fcgr3",2.418235,0.191917,0.444047,0.401637
"207","Itga6",5.6e-21,-0.353762983,0.405,0.497,1.5e-16,"Itga6",1.056471,-0.904468,4.442771,3.544585
"208","Abcc3",1.37e-17,-0.352726105,0.197,0.281,3.66e-13,"Abcc3",0.359118,-1.514995,3.765546,2.940042
"209","Acap2",1.32e-32,-0.352531914,0.596,0.663,3.53e-28,"Acap2",0.342941,-1.879657,1.703125,1.208517
"210","Tnrc6b",2.32e-28,-0.350389144,0.593,0.69,6.22e-24,"Tnrc6b",0.326176,-1.890764,3.772105,2.944413
"211","C1qc",1.04e-26,-0.350353619,0.669,0.728,2.79e-22,"C1qc",5.916471,-0.467267,9.954291,8.712648
"212","Ncf1",1.8e-18,-0.350230283,0.242,0.329,4.83e-14,"Ncf1",0.661765,-0.981819,4.685282,3.758665
"213","Frmd4b",1.03e-45,-0.349839113,0.809,0.855,2.75e-41,"Frmd4b",0.330294,-1.171897,3.119159,2.378617
"214","Ccm2",3.82e-20,-0.348755832,0.238,0.311,1.02e-15,"Ccm2",0.109706,-1.052858,0.090774,0.243873
"215","Tsc22d4",1.2e-23,-0.348679137,0.4,0.481,3.22e-19,"Tsc22d4",0.564706,-0.8199,3.16995,2.423991
"216","Strada",2.24e-18,-0.34412866,0.235,0.294,6.01e-14,"Strada",0.032353,0.240427,0.521772,0.446375
"217","Ppcdc",3.22e-21,-0.343617111,0.424,0.52,8.62e-17,"Ppcdc",0.244706,-1.210266,1.773881,1.260893
"218","Plcg2",1.59e-26,-0.342037501,0.522,0.603,4.26e-22,"Plcg2",0.374118,-1.054656,0.968499,0.695605
"219","Tspan14",6.44e-19,-0.341713938,0.349,0.432,1.72e-14,"Tspan14",0.460882,-1.359763,4.109605,3.244524
"220","Agps",1.62e-20,-0.339756426,0.391,0.47,4.34e-16,"Agps",0.183235,-1.008183,1.885568,1.348174
"221","Tgfa",6.79e-16,-0.336698723,0.203,0.276,1.82e-11,"Tgfa",0.020882,-0.562898,0.605036,0.48743
"222","Cebpz",5.44e-19,-0.336395391,0.238,0.305,1.46e-14,"Cebpz",0.284412,-0.621886,1.119003,0.802857
"223","Unc93b1",1.4e-35,-0.335977287,0.736,0.817,3.75e-31,"Unc93b1",1.252941,-0.502722,2.952784,2.228677
"224","Evi5",2.29e-17,-0.33591534,0.226,0.293,6.14e-13,"Evi5",0.099118,-0.316715,0.461097,0.411922
"225","Tm6sf1",4.89e-16,-0.332320891,0.267,0.35,1.31e-11,"Tm6sf1",0.402059,-1.829948,7.446771,6.326736
"226","Helz",1.15e-19,-0.331349515,0.293,0.37,3.08e-15,"Helz",0.154118,-2.420101,1.553617,1.100433
"227","Lair1",1.34e-31,-0.331178651,0.706,0.781,3.59e-27,"Lair1",1.165,-0.693422,2.276656,1.65609
"228","Ccni",3.63e-17,-0.329244684,0.24,0.303,9.73e-13,"Ccni",0.622941,-0.122447,0.328825,0.350803
"229","Camk2d",4.87e-29,-0.328634215,0.682,0.732,1.3e-24,"Camk2d",0.140588,-0.859451,1.000931,0.720637
"230","Tia1",3.33e-16,-0.327383008,0.234,0.306,8.92e-12,"Tia1",0.094412,-1.939879,1.31356,0.936874
"231","Arglu1",1.67e-23,-0.326179454,0.563,0.629,4.47e-19,"Arglu1",0.271176,-0.465914,0.770116,0.575179
"232","C1qa",5.48e-24,-0.326058526,0.704,0.767,1.47e-19,"C1qa",8.280882,-0.215596,3.481972,2.696072
"233","Lrp5",5.9e-17,-0.325109065,0.207,0.284,1.58e-12,"Lrp5",0.076176,-1.035099,1.520896,1.078082
"234","Arhgef6",1.73e-15,-0.324377945,0.282,0.356,4.63e-11,"Arhgef6",0.199706,-0.761524,1.207354,0.866424
"235","Ccdc93",1.9e-17,-0.32422762,0.287,0.355,5.09e-13,"Ccdc93",0.122647,-1.026451,0.828715,0.609434
"236","Parp8",7.21e-19,-0.323938151,0.471,0.554,1.93e-14,"Parp8",0.071471,-1.844923,0.615926,0.492582
"237","Adam10",2.57e-19,-0.322309324,0.408,0.498,6.88e-15,"Adam10",0.662059,-0.412605,1.412919,1.001773
"238","Pla2g4a",4.76e-15,-0.322073205,0.316,0.4,1.28e-10,"Pla2g4a",0.145,-1.218664,1.170083,0.840911
"239","Arid1a",1.29e-20,-0.315973428,0.442,0.5,3.46e-16,"Arid1a",0.5,-0.739486,2.253151,1.63665
"240","Fnbp1",9.33e-23,-0.315155071,0.536,0.616,2.5e-18,"Fnbp1",0.224706,-0.206308,0.815725,0.60217
"241","Gcnt1",5.49e-16,-0.314059677,0.195,0.261,1.47e-11,"Gcnt1",0.315,-0.567445,0.882566,0.642627
"242","Fam117b",6.73e-16,-0.313672049,0.314,0.378,1.8e-11,"Fam117b",0.188235,-0.484341,0.120262,0.257169
"243","Gdi2",4.6e-22,-0.313364851,0.514,0.586,1.23e-17,"Gdi2",0.863529,0.108365,0.433344,0.396059
"244","Man1a2",1.41e-21,-0.312712063,0.51,0.572,3.77e-17,"Man1a2",0.58,-0.556976,0.805075,0.595414
"245","Kdm3b",2.44e-18,-0.310849875,0.411,0.475,6.53e-14,"Kdm3b",0.102353,-1.253429,1.680738,1.193537
"246","Map3k5",5.52e-15,-0.306539524,0.351,0.432,1.48e-10,"Map3k5",0.109118,-0.637224,1.173141,0.843736
"247","Anks1",9.41e-17,-0.306439022,0.318,0.386,2.52e-12,"Anks1",0.108529,-1.095602,0.491042,0.429894
"248","Mbnl1",1.53e-34,-0.305570191,0.902,0.928,4.09e-30,"Mbnl1",0.976765,-0.864032,4.002065,3.151866
"249","Lrrk1",1.24e-17,-0.299870199,0.449,0.525,3.32e-13,"Lrrk1",0.121176,-0.119829,0.715715,0.544634
"250","Pip4k2a",3.32e-29,-0.298041757,0.809,0.857,8.89e-25,"Pip4k2a",0.803824,-1.112632,7.421247,6.304069
"251","Mafb",1.52e-13,-0.29645998,0.393,0.464,4.08e-09,"Mafb",1.752647,-0.194672,1.118625,0.80293
"252","Cd37",3.69e-18,-0.293276902,0.503,0.57,9.87e-14,"Cd37",0.652059,0.359621,2.684341,1.996676
"253","Slc7a8",7.89e-17,-0.291773887,0.435,0.531,2.11e-12,"Slc7a8",0.325882,-0.54707,0.800412,0.592334
"254","Spire1",3.95e-18,-0.290601737,0.496,0.557,1.06e-13,"Spire1",0.151471,-0.148561,0.17744,0.276838
"255","Plxdc2",5.14e-92,-0.290409713,0.922,0.942,1.38e-87,"Plxdc2",2.048235,0.487538,5.536871,4.556569
"256","Rasal3",2.32e-19,-0.289423959,0.248,0.293,6.21e-15,"Rasal3",0.190882,-0.493304,0.900759,0.656262
"257","Arrb2",3.22e-13,-0.287539398,0.234,0.309,8.62e-09,"Arrb2",0.513824,-0.964287,3.540042,2.744065
"258","Ppfia4",8.68e-13,-0.287108975,0.218,0.285,2.32e-08,"Ppfia4",0.520294,0.268451,1.954478,1.400275
"259","Rffl",2.33e-12,-0.286410147,0.353,0.422,6.25e-08,"Rffl",0.052647,-0.462029,0.000557,0.20911
"260","Slc12a2",5.89e-12,-0.285215477,0.25,0.317,1.58e-07,"Slc12a2",0.494118,0.202525,0.425862,0.391881
"261","Vgll4",1.82e-13,-0.284852623,0.329,0.398,4.86e-09,"Vgll4",0.100588,-0.29127,0.449546,0.405094
"262","Arid4a",8.89e-15,-0.28435992,0.388,0.464,2.38e-10,"Arid4a",0.213529,-1.877448,2.133939,1.537212
"263","Rreb1",2.7e-31,-0.283341424,0.866,0.896,7.22e-27,"Rreb1",0.137941,-2.183501,2.125262,1.531532
"264","Calm2",3.44e-13,-0.281530091,0.342,0.409,9.21e-09,"Calm2",1.336176,-1.318877,10.600326,9.318995
"265","Cnot2",3.23e-19,-0.280146542,0.498,0.545,8.64e-15,"Cnot2",0.265294,-0.968213,1.531932,1.084878
"266","Crlf3",9.97e-18,-0.278750692,0.557,0.612,2.67e-13,"Crlf3",0.203824,-1.22971,1.509046,1.070431
"267","Slc29a3",1.56e-13,-0.278393566,0.303,0.365,4.18e-09,"Slc29a3",0.844118,-0.80625,2.633849,1.953016
"268","Sla",8.1e-11,-0.277913527,0.191,0.252,2.17e-06,"Sla",0.470882,-1.699053,4.986923,4.031849
"269","Aagab",1.94e-13,-0.27781045,0.201,0.266,5.2e-09,"Aagab",0.166765,-1.628742,2.921041,2.201518
"270","Tmem135",2.36e-19,-0.276933783,0.583,0.626,6.32e-15,"Tmem135",0.307059,-1.179136,2.648548,1.96405
"271","Ddx5",8.05e-31,-0.276025219,0.845,0.879,2.16e-26,"Ddx5",1.448824,-0.697837,4.534529,3.622359
"272","Slc7a7",3.67e-13,-0.275951568,0.352,0.424,9.83e-09,"Slc7a7",0.315,-0.965994,1.356426,0.963927
"273","Abl1",2.76e-12,-0.274663617,0.334,0.405,7.4e-08,"Abl1",0.28,-1.288069,3.985227,3.136565
"274","Havcr2",1.92e-15,-0.274366341,0.422,0.483,5.14e-11,"Havcr2",0.549412,0.193502,1.249099,0.891898
"275","AW554918",4.67e-13,-0.273066082,0.344,0.395,1.25e-08,"AW554918",0.033235,-0.778763,0.595661,0.48386
"276","Cxxc5",3.37e-12,-0.272052235,0.201,0.255,9.03e-08,"Cxxc5",0.620294,-0.700606,2.600498,1.925877
"277","Prex1",7.33e-20,-0.271055648,0.566,0.617,1.96e-15,"Prex1",0.332941,-0.584776,0.51386,0.441556
"278","Apc",3.95e-15,-0.269943812,0.455,0.509,1.06e-10,"Apc",0.2,-1.292027,0.86582,0.634485
"279","Cd2ap",1.07e-15,-0.269715612,0.476,0.532,2.86e-11,"Cd2ap",0.360588,-0.566694,0.208493,0.292668
"280","Ptprm",4.28e-17,-0.269647231,0.598,0.638,1.15e-12,"Ptprm",0.031176,1.293866,1.393082,0.989435
"281","Cradd",1.28e-10,-0.269077377,0.351,0.421,3.42e-06,"Cradd",0.029118,-0.511992,0.068029,0.235485
"282","Snx6",1.7e-13,-0.268989345,0.326,0.375,4.56e-09,"Snx6",0.299412,-1.775855,3.700803,2.886076
"283","Iqsec2",2.14e-11,-0.268712681,0.212,0.275,5.74e-07,"Iqsec2",0.050294,-1.094037,0.331403,0.351517
"284","Lyn",2.87e-36,-0.267978133,0.87,0.9,7.68e-32,"Lyn",1.26,-1.258366,11.826961,10.508784
"285","Mycbp2",9.19e-28,-0.267751789,0.813,0.848,2.46e-23,"Mycbp2",0.402647,-0.71658,1.997436,1.432587
"286","Dido1",1.91e-15,-0.267436761,0.309,0.364,5.11e-11,"Dido1",0.117059,-1.412345,1.639933,1.160671
"287","Snx18",6.98e-14,-0.267333693,0.284,0.343,1.87e-09,"Snx18",0.326176,-0.428213,0.786911,0.586143
"288","Cul1",6.5e-15,-0.264304748,0.426,0.48,1.74e-10,"Cul1",0.197059,-0.261434,0.562088,0.466979
"289","Dleu2",4.42e-33,-0.259732307,0.886,0.923,1.18e-28,"Dleu2",0.051176,0.319756,0.044477,0.225042
"290","Gfm2",8.63e-18,-0.256162835,0.379,0.421,2.31e-13,"Gfm2",0.092353,-0.496874,0.151339,0.272495
"291","Hps4",1.06e-12,-0.255695151,0.356,0.418,2.85e-08,"Hps4",0.306176,-0.591879,0.504175,0.435451
"292","Lcp2",6.11e-14,-0.255095937,0.367,0.436,1.64e-09,"Lcp2",0.317941,-1.051432,2.488988,1.8369
"293","Zfp36l1",2.36e-10,-0.254092202,0.219,0.288,6.33e-06,"Zfp36l1",1.032941,-1.349925,7.049138,5.958205
"294","Gspt1",3.5e-10,-0.25240514,0.257,0.311,9.37e-06,"Gspt1",0.230882,-0.184674,0.046117,0.226179
"295","Lrch1",5.17e-23,-0.25171744,0.777,0.82,1.39e-18,"Lrch1",0.146471,-1.105672,1.116795,0.801324
"296","Pdk1",2.66e-10,-0.251531404,0.236,0.298,7.13e-06,"Pdk1",0.096471,0.47441,1.089116,0.779007
"297","Tbc1d5",3.89e-19,-0.251436564,0.79,0.838,1.04e-14,"Tbc1d5",0.19,-1.003582,1.274113,0.909927
"298","Lpcat3",2.08e-09,-0.25118472,0.22,0.274,5.57e-05,"Lpcat3",0.338529,-0.736797,3.368193,2.597304
"299","Mef2a",1.77e-39,-0.247688076,0.969,0.966,4.75e-35,"Mef2a",0.951176,-0.930809,6.809324,5.736763
"300","Apbb1ip",4.76e-32,-0.247219897,0.846,0.897,1.28e-27,"Apbb1ip",1.03,-0.626852,2.593764,1.920682
"301","Hck",3.93e-11,-0.244749282,0.4,0.476,1.05e-06,"Hck",0.296765,-1.069933,2.148518,1.549206
"302","Pik3cd",3.79e-11,-0.242851829,0.422,0.476,1.01e-06,"Pik3cd",0.172647,-0.365255,0.381261,0.368614
"303","Trio",1.18e-14,-0.242204094,0.42,0.463,3.15e-10,"Trio",0.178529,-1.056039,1.091751,0.780975
"304","Orc3",2.05e-10,-0.241011851,0.289,0.342,5.49e-06,"Orc3",0.059118,-2.011735,0.738539,0.555362
"305","Pacsin2",3.24e-12,-0.239441453,0.352,0.396,8.69e-08,"Pacsin2",0.326471,-0.745223,1.387187,0.984915
"306","E2f3",2.14e-10,-0.239329313,0.31,0.356,5.72e-06,"E2f3",0.081471,-3.194317,2.552662,1.887698
"307","Rbm26",1.95e-15,-0.238339439,0.594,0.648,5.22e-11,"Rbm26",0.113529,-0.475093,0.429584,0.39419
"308","Atf7ip",1.19e-12,-0.235974198,0.421,0.455,3.19e-08,"Atf7ip",0.21,-1.670538,1.768251,1.259143
"309","B4galt1",1.41e-10,-0.235833038,0.393,0.445,3.77e-06,"B4galt1",0.387647,-0.913787,1.659107,1.176225
"310","4632427E13Rik",1.27e-09,-0.23159236,0.344,0.39,3.41e-05,"4632427E13Rik",0.002059,3.805967,1.398183,0.991774
"311","Snx13",8.44e-17,-0.230033157,0.474,0.495,2.26e-12,"Snx13",0.149706,-0.283043,0.705091,0.54263
"312","Srsf5",2.38e-14,-0.229998702,0.446,0.481,6.38e-10,"Srsf5",0.252941,-0.706777,1.431417,1.014347
"313","Srsf7",1.17e-13,-0.229486473,0.541,0.586,3.13e-09,"Srsf7",0.183529,-0.945645,1.230875,0.878595
"314","Kdm2b",1.66e-11,-0.228074101,0.327,0.368,4.45e-07,"Kdm2b",0.118529,-0.396409,0.610325,0.489428
"315","Fut8",7.51e-10,-0.22656522,0.262,0.294,2.01e-05,"Fut8",0.087941,-0.637152,0.070667,0.23523
"316","Rps6ka5",7.26e-08,-0.226537097,0.289,0.34,0.001944874,"Rps6ka5",0.053235,-1.667884,0.462171,0.412143
"317","Arhgap12",4.26e-13,-0.22389554,0.476,0.51,1.14e-08,"Arhgap12",0.198529,-1.263001,1.476522,1.047647
"318","Fermt3",1.26e-10,-0.221578339,0.472,0.517,3.38e-06,"Fermt3",0.361176,-0.819108,1.420691,1.007297
"319","Itgav",2.44e-09,-0.221138247,0.406,0.474,6.53e-05,"Itgav",0.327059,-1.270171,3.236866,2.481106
"320","Acvr1",6.95e-09,-0.220850168,0.262,0.321,0.000186087,"Acvr1",0.114706,-1.146012,0.836193,0.614383
"321","Slc38a9",1.74e-08,-0.220433891,0.344,0.39,0.000466208,"Slc38a9",0.141176,-0.395448,0.064575,0.235125
"322","Zfp90",5.05e-09,-0.219566652,0.222,0.275,0.000135337,"Zfp90",0.194118,-0.682611,0.941951,0.678531
"323","Lpin2",2.25e-13,-0.219478647,0.535,0.572,6.03e-09,"Lpin2",0.263529,-1.168038,3.006998,2.275338
"324","Tacc1",2.43e-13,-0.217595538,0.632,0.662,6.5e-09,"Tacc1",0.517941,-0.5622,1.572766,1.113364
"325","Senp7",8.73e-09,-0.216048541,0.263,0.303,0.000233823,"Senp7",0.075882,0.115356,1.051011,0.755528
"326","Pou2f2",4.29e-10,-0.215651698,0.522,0.585,1.15e-05,"Pou2f2",0.138235,-1.022187,1.024641,0.737662
"327","Nlk",2.14e-11,-0.215499168,0.372,0.399,5.74e-07,"Nlk",0.090294,-0.321608,0.151781,0.27269
"328","Rcbtb2",4.31e-12,-0.214923869,0.426,0.477,1.15e-07,"Rcbtb2",0.249706,0.257159,1.417917,1.005367
"329","Mon2",2.48e-12,-0.214599036,0.357,0.392,6.63e-08,"Mon2",0.157647,0.31662,0.141169,0.267882
"330","Cyld",1.38e-10,-0.214573145,0.336,0.371,3.69e-06,"Cyld",0.099706,0.240602,0.020994,0.216922
"331","Hmg20a",1.19e-09,-0.211546807,0.318,0.357,3.19e-05,"Hmg20a",0.034412,0.831962,0.084629,0.240926
"332","Mfap3",1.67e-09,-0.208983724,0.241,0.278,4.48e-05,"Mfap3",0.360588,-1.485267,2.159641,1.558597
"333","Creb1",8.06e-10,-0.207378227,0.374,0.404,2.16e-05,"Creb1",0.195882,-0.357592,0.397794,0.377013
"334","Snx2",3.2e-09,-0.207112828,0.331,0.357,8.56e-05,"Snx2",0.286765,-1.342409,2.384712,1.747022
"335","Il21r",6.64e-07,-0.207056465,0.255,0.307,0.017791198,"Il21r",0.162941,-1.872389,3.147596,2.405257
"336","Aftph",2.27e-13,-0.206890125,0.534,0.557,6.09e-09,"Aftph",0.330294,-1.015778,2.184521,1.581303
"337","Zmynd11",3.34e-08,-0.206576117,0.352,0.393,0.000895839,"Zmynd11",0.193235,-1.027942,1.227912,0.876609
"338","Jarid2",2.97e-07,-0.204345044,0.298,0.346,0.007948014,"Jarid2",0.059412,-0.636425,1.345451,0.957756
"339","Hnrnph3",2.83e-08,-0.203778519,0.27,0.31,0.000758851,"Hnrnph3",0.060882,-0.306936,0.132067,0.26258
"340","Wdfy4",3.73e-09,-0.203664539,0.393,0.438,9.99e-05,"Wdfy4",0.070882,-0.741077,0.185383,0.281135
"341","Stk10",4.5e-07,-0.203102045,0.298,0.344,0.012060334,"Stk10",0.227647,-1.113176,0.710937,0.545621
"342","Insr",2.05e-08,-0.202779313,0.347,0.398,0.000548101,"Insr",0.046765,-1.526725,0.636714,0.504764
"343","Nlrp1b",4.13e-10,-0.202196402,0.403,0.435,1.11e-05,"Nlrp1b",0.020294,-1.817131,0.293388,0.331894
"344","Nfat5",1.92e-10,-0.20055137,0.43,0.453,5.14e-06,"Nfat5",0.110294,-0.48038,0.162791,0.276146
"345","Asxl1",5.23e-08,-0.199627873,0.42,0.459,0.001401297,"Asxl1",0.062059,0.176952,0.032366,0.22061
"346","Pitpnc1",3.39e-09,-0.196691208,0.667,0.714,9.08e-05,"Pitpnc1",0.210882,-0.72313,0.676741,0.525666
"347","Pnn",5.88e-12,-0.196277456,0.467,0.488,1.57e-07,"Pnn",0.127647,-0.292965,0.134905,0.263967
"348","Morc3",1.47e-09,-0.196094456,0.439,0.484,3.94e-05,"Morc3",0.231765,-1.041897,3.353319,2.58435
"349","Stk4",5.9e-12,-0.195756648,0.344,0.366,1.58e-07,"Stk4",0.262353,-1.062047,1.2693,0.906871
"350","Rbm5",6.38e-13,-0.195179797,0.523,0.546,1.71e-08,"Rbm5",0.208529,-0.817501,1.293672,0.922898
"351","Bach2",5.08e-08,-0.194499794,0.53,0.562,0.001359853,"Bach2",0.119412,-1.341521,0.949713,0.681279
"352","Phkb",3.67e-09,-0.194420795,0.385,0.415,9.82e-05,"Phkb",0.057059,-1.244389,0.114525,0.25475
"353","Gmip",1.14e-08,-0.193207324,0.32,0.355,0.000306186,"Gmip",0.258235,-1.571076,1.440425,1.019359
"354","Dcun1d5",1.7e-06,-0.189181939,0.22,0.253,0.045575002,"Dcun1d5",0.125,-0.248305,0.112188,0.253357
"355","Atrx",5.37e-10,-0.188618294,0.541,0.577,1.44e-05,"Atrx",0.300294,-0.704373,1.558587,1.103857
"356","Rab3gap1",9.84e-11,-0.186689326,0.362,0.386,2.63e-06,"Rab3gap1",0.104412,-0.541681,0.054635,0.229931
"357","Mef2c",5.56e-23,-0.186257649,0.889,0.927,1.49e-18,"Mef2c",1.337647,-0.449461,1.654746,1.173513
"358","Setd2",5.3e-09,-0.185252351,0.456,0.494,0.000141824,"Setd2",0.229118,-0.860628,1.222762,0.875348
"359","Fam168a",7.01e-09,-0.183464875,0.399,0.429,0.00018777,"Fam168a",0.224118,-0.960325,0.931812,0.674529
"360","Tnfrsf21",3.44e-07,-0.182312751,0.271,0.301,0.009214487,"Tnfrsf21",0.551176,-0.258583,0.229143,0.304815
"361","Heatr5a",1.19e-08,-0.182141552,0.473,0.5,0.000317585,"Heatr5a",0.157353,-1.288918,1.399286,0.9926
"362","Senp2",3.11e-07,-0.179343675,0.448,0.491,0.008326493,"Senp2",0.136765,-0.128258,0.407126,0.38291
"363","Gbf1",6.64e-07,-0.178571794,0.35,0.37,0.017793872,"Gbf1",0.118529,-0.693391,0.491448,0.429799
"364","Phf21a",9.61e-08,-0.178383405,0.615,0.655,0.002574953,"Phf21a",0.066765,-0.994586,1.003204,0.722288
"365","Rsf1",7.45e-09,-0.175071058,0.379,0.405,0.000199478,"Rsf1",0.185,-0.973101,0.31626,0.346124
"366","Chd6",1.1e-07,-0.172556095,0.425,0.454,0.002944023,"Chd6",0.123529,-2.596881,2.562438,1.896467
"367","Dst",6.02e-17,-0.171798643,0.877,0.879,1.61e-12,"Dst",0.432059,-1.0127,1.701269,1.207679
"368","Sfpq",6.88e-10,-0.169966957,0.459,0.486,1.84e-05,"Sfpq",0.336471,-0.599989,0.419963,0.38856
"369","Cep170",8.16e-14,-0.168557227,0.429,0.431,2.18e-09,"Cep170",0.147059,-1.057007,2.04029,1.466976
"370","Snx29",3.29e-13,-0.168214456,0.842,0.875,8.8e-09,"Snx29",0.023235,-3.149891,0.172028,0.275215
"371","Ddx17",1.55e-09,-0.165965152,0.545,0.575,4.16e-05,"Ddx17",0.425294,-0.907667,2.985639,2.256899
"372","A630001G21Rik",2.85e-08,-0.164664454,0.374,0.401,0.000763592,"A630001G21Rik",0.091176,-1.421794,1.039134,0.747073
"373","Wdr37",1.01e-07,-0.164607801,0.295,0.319,0.002713374,"Wdr37",0.079118,-0.296986,0.500133,0.433062
"374","Ptprj",2.96e-14,-0.16422751,0.74,0.802,7.92e-10,"Ptprj",0.134412,-0.146107,0.386094,0.37109
"375","Hk2",8.17e-07,-0.16287937,0.475,0.517,0.021884543,"Hk2",0.362647,-0.24617,0.574318,0.471839
"376","Ppp6r3",1.12e-08,-0.162789831,0.342,0.363,0.000300876,"Ppp6r3",0.159412,-1.665224,2.047556,1.472202
"377","Smurf2",4.43e-08,-0.161414395,0.434,0.456,0.001185942,"Smurf2",0.14,-0.996766,1.78414,1.267238
"378","Nek7",1.94e-07,-0.159648735,0.642,0.672,0.005187361,"Nek7",0.117059,-0.320847,0.062279,0.233855
"379","Zbtb20",1.15e-11,-0.159322047,0.855,0.89,3.09e-07,"Zbtb20",0.256765,-1.360447,2.145751,1.546871
"380","Tbl1xr1",7.25e-09,-0.158718265,0.538,0.556,0.000194286,"Tbl1xr1",0.203235,-0.161788,0.246105,0.31478
"381","Tardbp",1.8e-06,-0.156382905,0.251,0.276,0.048103262,"Tardbp",0.145882,-0.360683,0.178869,0.277142
"382","Capza2",1.02e-08,-0.153450187,0.478,0.503,0.00027345,"Capza2",0.928824,-0.654562,2.466836,1.820083
"383","Rnf169",5.82e-09,-0.150685353,0.543,0.549,0.00015583,"Rnf169",0.116176,-0.171695,0.320429,0.346829
"384","Dnm2",6.11e-08,-0.150288538,0.529,0.552,0.001635243,"Dnm2",0.439706,-1.088259,2.353135,1.719673
"385","Comt",3.72e-07,-0.148300461,0.496,0.518,0.009952754,"Comt",0.882059,-0.733885,3.317401,2.552247
"386","Ctss",8.38e-11,-0.147467844,0.864,0.864,2.24e-06,"Ctss",12.234706,0.387942,10.465954,9.190812
"387","Fcho2",4.79e-08,-0.147421876,0.639,0.661,0.00128244,"Fcho2",0.226765,-1.093289,1.281758,0.914798
"388","Dmxl1",2.55e-09,-0.144525994,0.435,0.443,6.83e-05,"Dmxl1",0.092647,-0.109694,0.203302,0.289353
"389","Tial1",8.24e-07,-0.143147973,0.35,0.375,0.022065021,"Tial1",0.15,-0.441292,0.874975,0.639546
"390","Smap2",2.79e-08,-0.13703844,0.718,0.752,0.000746886,"Smap2",0.792353,-0.41002,1.567079,1.108928
"391","Hnrnpa2b1",7.78e-07,-0.136353686,0.807,0.823,0.020844216,"Hnrnpa2b1",0.861765,-0.220177,0.600906,0.486142
"392","Scaper",1.71e-07,-0.134651527,0.457,0.461,0.004590235,"Scaper",0.045,-0.275679,0.31664,0.345996
"393","Arl15",1.11e-06,-0.134166482,0.597,0.601,0.029634301,"Arl15",0.005588,1.107597,0.03177,0.220577
"394","Ppp3ca",7.38e-07,-0.130772121,0.825,0.834,0.019773861,"Ppp3ca",0.388235,-1.058627,2.115449,1.526386
"395","Mkln1",1.59e-06,-0.128350371,0.544,0.565,0.042524167,"Mkln1",0.138824,-1.108166,1.221764,0.875558
"396","Stau1",5.41e-10,-0.125288242,0.313,0.315,1.45e-05,"Stau1",0.115588,0.748852,1.299245,0.926936
"397","Itch",4.23e-09,-0.124107459,0.599,0.597,0.000113209,"Itch",0.129118,-1.063472,0.738854,0.555345
"398","Ss18",9.41e-08,-0.123614546,0.266,0.273,0.002520139,"Ss18",0.174412,-1.437412,2.00801,1.440358
"399","Setd3",9.43e-09,-0.123315013,0.364,0.369,0.000252516,"Setd3",0.105,0.159537,0.057625,0.231612
"400","Clk1",2.5e-09,-0.122302758,0.521,0.519,6.69e-05,"Clk1",0.295882,-1.650599,3.451053,2.669777
"401","Ski",7.89e-07,-0.122168961,0.555,0.563,0.021140406,"Ski",0.537353,-0.350454,0.457676,0.409838
"402","Ttc28",1.32e-06,-0.12203911,0.676,0.677,0.035469684,"Ttc28",0.428529,-0.685301,1.379124,0.978222
"403","Sft2d1",2.31e-11,-0.121145261,0.508,0.5,6.2e-07,"Sft2d1",0.577353,-0.14978,0.098987,0.247554
"404","Cspp1",1.99e-08,-0.121069397,0.284,0.284,0.000533864,"Cspp1",0.030588,-5.868478,1.512748,1.072638
"405","Hnrnpr",2.8e-08,-0.11751145,0.286,0.288,0.000750881,"Hnrnpr",0.102647,-0.708231,0.088939,0.243259
"406","Nckap1l",1.92e-08,-0.11694145,0.584,0.586,0.000513337,"Nckap1l",1.069706,-0.793223,3.841575,3.00651
"407","Acin1",7.23e-07,-0.11564003,0.471,0.479,0.019364174,"Acin1",0.193529,-0.822623,1.531582,1.08544
"408","Wdr33",1.74e-09,-0.105725971,0.489,0.479,4.66e-05,"Wdr33",0.093529,-1.054656,0.06625,0.235109
"409","Akap9",9.25e-07,-0.103873751,0.346,0.346,0.024777201,"Akap9",0.146471,-0.307861,0.188356,0.281132
"410","Med13",1.41e-12,-0.10355289,0.412,0.395,3.78e-08,"Med13",0.120882,-0.458715,0.868761,0.635942
"411","Pcm1",5.14e-09,-0.101665659,0.481,0.474,0.000137739,"Pcm1",0.141176,-0.865475,0.245553,0.314692
"412","Pbrm1",3.07e-08,-0.101413032,0.385,0.379,0.000821419,"Pbrm1",0.250588,-0.742876,2.221342,1.610647
"413","Pik3c2a",3.02e-07,-0.100359053,0.278,0.275,0.008098818,"Pik3c2a",0.119118,-0.971835,0.799729,0.592177
"414","Fubp1",1.39e-08,0.102279382,0.581,0.513,0.000373215,"Fubp1",0.156471,-0.53682,0.348924,0.353505
"415","Ep400",1e-06,0.102891934,0.38,0.324,0.026775818,"Ep400",0.114118,-0.46417,0.025014,0.218512
"416","Pcmtd1",2.8e-07,0.103837486,0.482,0.422,0.007498642,"Pcmtd1",0.099118,-0.466611,0.533981,0.453248
"417","Ate1",1.84e-07,0.10454108,0.283,0.234,0.004928509,"Ate1",0.083235,-0.301469,0.094059,0.245475
"418","Rapgef6",1.53e-06,0.105985563,0.549,0.487,0.041039872,"Rapgef6",0.204412,-1.827547,2.987035,2.25713
"419","Rgl2",1.3e-09,0.107108349,0.3,0.243,3.49e-05,"Rgl2",0.174118,-0.649571,0.882148,0.642398
"420","Smg7",3.42e-07,0.107158255,0.267,0.217,0.009163598,"Smg7",0.086176,-0.823636,0.728733,0.552137
"421","Tnks2",1.32e-06,0.108046852,0.455,0.395,0.035225172,"Tnks2",0.220588,-0.187403,0.574466,0.471849
"422","Cox7c",1.55e-06,0.108798731,0.261,0.212,0.041576095,"Cox7c",0.062647,0.667108,1.779235,1.26376
"423","Rpl13",1.3e-07,0.109282704,0.307,0.251,0.003488161,"Rpl13",0.765,0.600854,5.622599,4.634962
"424","Map3k2",1.22e-07,0.110150449,0.391,0.331,0.003270752,"Map3k2",0.162647,-1.031246,1.069911,0.767067
"425","Fcer1g",5.2e-08,0.111490002,0.44,0.374,0.001394027,"Fcer1g",1.703824,0.691891,7.222499,6.113782
"426","Mapk1",5.52e-09,0.112421495,0.431,0.364,0.00014777,"Mapk1",0.204412,-1.008994,0.40176,0.379608
"427","Nfx1",4.36e-08,0.11412082,0.347,0.287,0.001168318,"Nfx1",0.065294,-1.055563,0.024395,0.218449
"428","Kdm3a",6.23e-07,0.115589626,0.309,0.256,0.01667985,"Kdm3a",0.088824,-0.20677,0.135338,0.264158
"429","Ndufs4",1.12e-06,0.1157787,0.303,0.253,0.030040151,"Ndufs4",0.164706,-0.112446,1.31878,0.940279
"430","5031439G07Rik",4.59e-07,0.116777067,0.281,0.231,0.012291746,"5031439G07Rik",0.149118,-0.694448,0.655181,0.51445
"431","Kdm1a",2.51e-07,0.117916432,0.281,0.228,0.006728046,"Kdm1a",0.089118,-0.540847,0.083977,0.240654
"432","Rnf2",2.54e-07,0.119648743,0.296,0.243,0.006805817,"Rnf2",0.153529,-0.696098,1.102091,0.789979
"433","Slk",7.24e-07,0.120469305,0.295,0.244,0.019400426,"Slk",0.155,-0.273059,0.13931,0.266348
"434","Ptpre",4.35e-07,0.121011477,0.486,0.422,0.011662834,"Ptpre",0.432941,-0.71432,1.007779,0.725407
"435","Eif4g1",9.04e-07,0.121337762,0.306,0.253,0.024199721,"Eif4g1",0.159118,-0.547083,1.316673,0.93921
"436","Ccnh",2.73e-07,0.124030078,0.279,0.226,0.007304158,"Ccnh",0.086176,-0.823636,0.656336,0.515154
"437","Prcp",7.21e-07,0.125384171,0.381,0.323,0.019300011,"Prcp",0.180588,-0.11725,0.278318,0.326466
"438","Itgb1",1.16e-08,0.126497296,0.406,0.339,0.000311156,"Itgb1",0.870588,-0.4658,1.438621,1.017842
"439","Kpna4",1.32e-07,0.12686186,0.598,0.53,0.003529976,"Kpna4",0.112353,-0.756782,0.522914,0.44674
"440","Clk4",3.67e-09,0.126982615,0.408,0.339,9.84e-05,"Clk4",0.057941,-1.146234,0.088019,0.242949
"441","Nvl",4.22e-10,0.126986474,0.321,0.257,1.13e-05,"Nvl",0.024412,0.289813,0.013069,0.213337
"442","Stx7",4.86e-07,0.127476088,0.503,0.438,0.013022163,"Stx7",0.283529,0.61604,2.012788,1.444332
"443","Eif4h",8.06e-08,0.128279063,0.289,0.233,0.002158692,"Eif4h",0.356765,0.11116,0.573462,0.471809
"444","Lcorl",2.55e-07,0.12928726,0.535,0.467,0.006832556,"Lcorl",0.032647,-0.503022,0.041863,0.223717
"445","Ncoa6",1.51e-06,0.129662902,0.295,0.241,0.040513426,"Ncoa6",0.146471,-0.908871,0.694638,0.535639
"446","Larp4b",4.6e-08,0.129726979,0.53,0.459,0.001231933,"Larp4b",0.099412,0.20587,0.73657,0.553725
"447","Ap3b1",1.9e-07,0.129795935,0.591,0.523,0.005075916,"Ap3b1",0.152941,-0.1625,0.007993,0.21154
"448","Ubr2",7e-07,0.131374518,0.423,0.361,0.018736803,"Ubr2",0.155294,-0.348246,0.37818,0.366763
"449","Dctn4",1.59e-09,0.131676734,0.298,0.238,4.25e-05,"Dctn4",0.120588,-0.285276,0.014488,0.213727
"450","Ctnnd1",6.67e-11,0.132750601,0.417,0.342,1.79e-06,"Ctnnd1",0.154412,-0.891329,1.311864,0.936212
"451","Tmem165",9.73e-08,0.133379233,0.251,0.198,0.00260495,"Tmem165",0.129706,-0.280247,0.186922,0.281451
"452","Tcf12",2.92e-07,0.135352617,0.687,0.622,0.007814614,"Tcf12",0.111176,-1.642817,0.380624,0.368537
"453","Snd1",2.25e-09,0.135518757,0.516,0.441,6.02e-05,"Snd1",0.108235,0.314025,1.417768,1.005499
"454","Atg5",2.91e-08,0.135762807,0.279,0.222,0.000780677,"Atg5",0.082941,0.892083,0.874041,0.638986
"455","Dync1h1",1.01e-08,0.136459698,0.332,0.268,0.000271727,"Dync1h1",0.276765,-0.871163,0.763693,0.571302
"456","Cpeb4",8.93e-07,0.137312686,0.282,0.228,0.023920464,"Cpeb4",0.083235,-0.712783,0.336604,0.353697
"457","Pdpk1",4.78e-09,0.138273524,0.327,0.263,0.000128026,"Pdpk1",0.106176,-0.805912,0.031103,0.220543
"458","Esco1",9.4e-10,0.138667482,0.353,0.286,2.52e-05,"Esco1",0.082941,-0.60715,0.485496,0.42734
"459","Wls",8.26e-11,0.14006877,0.465,0.388,2.21e-06,"Wls",0.255588,0.218497,0.163636,0.275984
"460","Arid1b",1.31e-07,0.140254317,0.702,0.636,0.003509544,"Arid1b",0.154412,-0.489966,0.178267,0.27706
"461","Kdm2a",8.27e-09,0.14125325,0.632,0.558,0.00022143,"Kdm2a",0.186765,-0.986798,0.758532,0.568842
"462","St13",2.17e-09,0.142204667,0.276,0.215,5.81e-05,"St13",0.355882,-0.259082,0.300807,0.336819
"463","Zrsr2",3.99e-08,0.143098596,0.284,0.226,0.001069961,"Zrsr2",0.052647,-0.462029,0.247693,0.315532
"464","Eps15",1.48e-11,0.143370836,0.4,0.324,3.96e-07,"Eps15",0.099118,0.615266,1.166539,0.838526
"465","Tyrobp",5.25e-07,0.14447357,0.359,0.299,0.014051297,"Tyrobp",3.335,1.60888,51.473836,49.048449
"466","Zfp407",1.64e-08,0.144812054,0.466,0.396,0.000439481,"Zfp407",0.035882,-3.513813,0.933729,0.675265
"467","Cnot6l",2.11e-12,0.144836544,0.441,0.361,5.65e-08,"Cnot6l",0.251765,-0.313315,0.201556,0.288586
"468","Ddx24",8.26e-11,0.145860719,0.339,0.269,2.21e-06,"Ddx24",0.146176,0.288488,0.20609,0.291248
"469","Acbd3",6.09e-12,0.147899123,0.331,0.261,1.63e-07,"Acbd3",0.139706,-1.387396,1.22869,0.876899
"470","Pafah1b1",3.02e-08,0.149039253,0.669,0.6,0.000807864,"Pafah1b1",0.371176,-1.22636,2.318588,1.69116
"471","Dync1li1",1.45e-07,0.149214747,0.283,0.226,0.003891385,"Dync1li1",0.108824,-0.175857,0.092697,0.244802
"472","Psma3",1.15e-07,0.149407109,0.344,0.282,0.003083327,"Psma3",0.049706,0.18597,0.316803,0.345855
"473","Spop",4.63e-09,0.149687605,0.522,0.448,0.000123911,"Spop",0.116176,0.405926,0.219897,0.29966
"474","Lrmp",1.11e-06,0.149867483,0.285,0.231,0.029715687,"Lrmp",0.107647,0.445545,0.933264,0.675392
"475","Btaf1",1.97e-10,0.150102267,0.506,0.426,5.29e-06,"Btaf1",0.053824,0.800078,0.665937,0.520065
"476","Nf1",2.29e-08,0.150623949,0.733,0.666,0.00061449,"Nf1",0.134706,0.162683,0.510933,0.439655
"477","Dram2",1.12e-08,0.151091183,0.375,0.306,0.000300673,"Dram2",0.270294,-1.172755,2.606564,1.930914
"478","Tln1",1.43e-08,0.151604215,0.37,0.303,0.000383,"Tln1",0.652059,-0.378549,0.362269,0.358924
"479","Caprin1",6.27e-08,0.15206965,0.409,0.342,0.001678668,"Caprin1",0.214118,-0.292128,0.067015,0.23521
"480","Eif3c",1e-10,0.152173207,0.256,0.194,2.69e-06,"Eif3c",0.437647,-0.195444,0.450415,0.405601
"481","Atp6v0c",1.43e-08,0.153003797,0.345,0.279,0.000382052,"Atp6v0c",0.188824,1.5362,16.946474,15.382423
"482","Chd7",8.27e-07,0.153297954,0.65,0.587,0.0221427,"Chd7",0.182941,-0.324687,0.253821,0.31642
"483","Ptma",1.12e-10,0.154622683,0.264,0.199,3.01e-06,"Ptma",0.282353,0.561696,1.891294,1.352398
"484","Tcf4",8.38e-07,0.156719953,0.794,0.748,0.022436931,"Tcf4",0.528235,-1.439451,5.370653,4.396541
"485","Mpeg1",2.61e-07,0.157372919,0.299,0.239,0.006986765,"Mpeg1",2.019118,1.30654,30.323977,28.253978
"486","Pdcd6ip",1.28e-06,0.158184405,0.283,0.228,0.034349169,"Pdcd6ip",0.289118,-0.738398,0.264266,0.320704
"487","Lmbrd1",3.58e-13,0.160736938,0.334,0.256,9.59e-09,"Lmbrd1",0.204706,0.449715,1.118897,0.802976
"488","Srpk2",6.97e-13,0.16101069,0.492,0.404,1.87e-08,"Srpk2",0.038824,0.853657,0.423867,0.390356
"489","Pak2",8.5e-08,0.162015309,0.595,0.525,0.002275866,"Pak2",0.440294,-0.349574,0.771371,0.575922
"490","Eif1",6.01e-09,0.162493918,0.284,0.22,0.000160891,"Eif1",0.429412,-0.156229,0.006763,0.21099
"491","Celf1",5.23e-08,0.162692191,0.686,0.619,0.001400578,"Celf1",0.269412,-1.35619,2.26489,1.646135
"492","Zfp91",2.85e-11,0.165312799,0.32,0.247,7.62e-07,"Zfp91",0.228235,-0.264125,0.177986,0.277126
"493","Crtc3",2.76e-10,0.165520335,0.272,0.208,7.38e-06,"Crtc3",0.077941,-0.449702,0.040231,0.223085
"494","Gab2",5.07e-14,0.166308671,0.946,0.906,1.36e-09,"Gab2",0.083529,-0.497606,0,0.208822
"495","Rnf115",1.52e-06,0.166984497,0.292,0.236,0.04071414,"Rnf115",0.069118,0.277373,0.102415,0.248737
"496","Abi1",1.05e-07,0.169117143,0.671,0.605,0.002811785,"Abi1",0.189412,0.428823,0.070824,0.235238
"497","Fyb",7.24e-07,0.169444184,0.922,0.91,0.019385973,"Fyb",0.425588,-0.675365,1.001386,0.720884
"498","Tmem164",3.34e-10,0.169905424,0.584,0.502,8.96e-06,"Tmem164",0.038529,-0.247265,0.269871,0.321992
"499","Atp6v1h",8.95e-09,0.171183739,0.311,0.247,0.000239804,"Atp6v1h",0.060294,0.437884,0.719798,0.546617
"500","Ogt",9.52e-09,0.171987308,0.593,0.518,0.000255044,"Ogt",0.074118,-0.111895,0.439095,0.399553
"501","Chmp4b",7.27e-08,0.173274265,0.263,0.204,0.001948145,"Chmp4b",0.172647,0.502024,0.441831,0.400858
"502","Mga",8.03e-08,0.173836848,0.37,0.304,0.002149854,"Mga",0.091765,-0.205513,0.056401,0.230824
"503","Ppm1h",3.5e-10,0.173843407,0.857,0.811,9.39e-06,"Ppm1h",0.130294,0.389527,0.479032,0.423356
"504","Stk38",1.23e-09,0.173981978,0.424,0.347,3.29e-05,"Stk38",0.137059,-0.882477,0.204914,0.290429
"505","Cdk19",5.89e-07,0.174477818,0.587,0.522,0.015763772,"Cdk19",0.169706,0.175234,0.275987,0.32569
"506","Ppp4r2",1.61e-10,0.175294116,0.336,0.265,4.32e-06,"Ppp4r2",0.068235,-0.143376,0.013506,0.2135
"507","Mfsd11",8.67e-10,0.176350951,0.276,0.212,2.32e-05,"Mfsd11",0.117647,-0.189842,0.033691,0.220735
"508","Ube2k",6.11e-10,0.177045502,0.488,0.407,1.64e-05,"Ube2k",0.213529,-0.584401,0.094131,0.245393
"509","Polr2a",3.73e-07,0.178453381,0.254,0.199,0.009996802,"Polr2a",0.105588,-0.289556,0.145993,0.270345
"510","Dyrk1a",1.63e-07,0.178509987,0.496,0.427,0.004376766,"Dyrk1a",0.200588,-0.90924,2.294479,1.669809
"511","Htt",1.92e-12,0.179236325,0.37,0.289,5.14e-08,"Htt",0.042353,-0.315595,0.29581,0.333419
"512","Atp6v0b",1.11e-11,0.17967677,0.777,0.701,2.97e-07,"Atp6v0b",0.272941,0.858152,5.619451,4.633923
"513","Gatad2a",2.33e-13,0.180638625,0.267,0.194,6.23e-09,"Gatad2a",0.168824,-0.438127,0.594432,0.482913
"514","Cab39",2.14e-12,0.180728121,0.385,0.303,5.73e-08,"Cab39",0.215588,-1.056351,0.877583,0.639341
"515","Btbd9",2.67e-09,0.183025655,0.765,0.707,7.15e-05,"Btbd9",0.065588,-1.383975,0.805507,0.595493
"516","Senp5",3.4e-13,0.183238218,0.308,0.232,9.11e-09,"Senp5",0.023235,0.435072,1.278195,0.91174
"517","Gns",3.99e-07,0.183248521,0.658,0.602,0.010692411,"Gns",1.493824,0.618019,6.442867,5.40249
"518","Phf20l1",3.96e-09,0.183414612,0.573,0.499,0.000106194,"Phf20l1",0.085588,-0.482549,0.215052,0.296621
"519","Lamp1",9.39e-10,0.184209494,0.52,0.44,2.52e-05,"Lamp1",2.015294,0.653564,7.396632,6.280875
"520","Cyth3",1.28e-07,0.184695583,0.276,0.217,0.003422261,"Cyth3",0.067647,-0.219112,0.186659,0.28145
"521","Sec24a",1.59e-08,0.186111494,0.27,0.209,0.000426933,"Sec24a",0.029412,1.058471,0.371686,0.364048
"522","Mgat5",9.48e-09,0.188045759,0.732,0.673,0.000253865,"Mgat5",0.022941,0.32792,0.278224,0.32647
"523","Trpm7",1.96e-11,0.188058701,0.589,0.502,5.26e-07,"Trpm7",0.115294,-0.705932,0.253037,0.316577
"524","Rlf",3.31e-12,0.189444474,0.43,0.344,8.87e-08,"Rlf",0.088529,-1.172839,1.434571,1.015508
"525","Atf6",1.99e-17,0.189527486,0.504,0.4,5.33e-13,"Atf6",0.189706,-0.108876,0.175373,0.275636
"526","Myo9a",1.35e-12,0.189607795,0.679,0.59,3.62e-08,"Myo9a",0.139412,-0.161963,0.031589,0.220607
"527","Mbnl2",4.54e-07,0.189719277,0.706,0.658,0.012162856,"Mbnl2",0.310882,-0.559162,0.187399,0.28149
"528","Vps13b",5.44e-12,0.191068189,0.665,0.579,1.46e-07,"Vps13b",0.032059,-0.154863,0.159384,0.274994
"529","Psmd1",5.34e-10,0.191604867,0.307,0.237,1.43e-05,"Psmd1",0.192353,-0.273257,0.378089,0.366784
"530","Wdr7",5.43e-08,0.191850805,0.343,0.277,0.001454498,"Wdr7",0.045294,-0.285077,0.039769,0.223122
"531","Vmp1",5.02e-13,0.192694121,0.335,0.255,1.34e-08,"Vmp1",0.107647,-0.175943,0.013583,0.21344
"532","Hexa",5.09e-09,0.194258168,0.47,0.394,0.000136297,"Hexa",1.585,1.191048,24.210447,22.333244
"533","Snx3",1.31e-12,0.195452934,0.27,0.196,3.51e-08,"Snx3",0.261176,0.327565,2.143565,1.545547
"534","Tns1",3.57e-10,0.19712743,0.377,0.302,9.57e-06,"Tns1",0.085294,-0.168038,0.020219,0.216285
"535","Add1",2.36e-13,0.198016874,0.38,0.294,6.33e-09,"Add1",0.204118,-0.712012,0.285563,0.329802
"536","B2m",2.19e-12,0.198174573,0.464,0.376,5.85e-08,"B2m",7.072353,1.374797,59.855107,57.156719
"537","Rhoa",7.39e-15,0.199668222,0.454,0.358,1.98e-10,"Rhoa",0.38,-0.22034,0.100097,0.247891
"538","Cbfb",5.42e-12,0.200718134,0.409,0.325,1.45e-07,"Cbfb",0.184706,-0.338537,0.036254,0.221669
"539","St6gal1",8.31e-08,0.201645362,0.471,0.401,0.002225431,"St6gal1",0.075588,1.314178,2.938745,2.215788
"540","Anxa3",2.27e-12,0.201656217,0.801,0.737,6.08e-08,"Anxa3",0.360588,0.715602,2.429478,1.787519
"541","Klhl6",7.92e-10,0.202312198,0.418,0.341,2.12e-05,"Klhl6",0.143529,1.04843,4.514069,3.605438
"542","Chd4",4.37e-11,0.20303098,0.395,0.314,1.17e-06,"Chd4",0.383235,-0.182504,0.07526,0.23661
"543","Atxn2",9.5e-10,0.204409011,0.44,0.362,2.54e-05,"Atxn2",0.121176,-1.395107,0.987955,0.71076
"544","Ralgapa1",1.59e-13,0.205213138,0.527,0.432,4.26e-09,"Ralgapa1",0.020294,1.247,0.566478,0.469335
"545","Sec24b",3.24e-11,0.20549844,0.367,0.288,8.67e-07,"Sec24b",0.058235,0.247,0.158259,0.275117
"546","Cln3",3.09e-12,0.205900922,0.274,0.201,8.26e-08,"Cln3",0.137353,0.665123,1.537075,1.087274
"547","Clip1",4.94e-17,0.2080648,0.454,0.353,1.32e-12,"Clip1",0.196765,0.498668,2.334135,1.703003
"548","Ankhd1",4.69e-15,0.20845469,0.644,0.545,1.26e-10,"Ankhd1",0.101765,-0.636882,0.11703,0.255994
"549","Rab8b",9.32e-11,0.209899174,0.692,0.618,2.5e-06,"Rab8b",0.237941,-0.422892,1.92045,1.37205
"550","Tsc22d2",6.74e-09,0.2104399,0.417,0.343,0.000180531,"Tsc22d2",0.104706,-0.736881,0.371399,0.363872
"551","Ggnbp2",2.83e-11,0.210696733,0.427,0.343,7.58e-07,"Ggnbp2",0.197941,-0.573816,0.247128,0.315524
"552","Pign",1.1e-09,0.211967023,0.412,0.335,2.94e-05,"Pign",0.018529,0.808878,1.58388,1.121651
"553","Ifngr2",1.33e-14,0.213092864,0.527,0.428,3.56e-10,"Ifngr2",0.565294,-0.166537,0.178181,0.277147
"554","Fam120a",4.63e-11,0.213451397,0.346,0.268,1.24e-06,"Fam120a",0.113529,0.305594,1.121398,0.804576
"555","Tgfbr1",1.13e-14,0.213493396,0.972,0.941,3.03e-10,"Tgfbr1",2.848824,-0.674167,8.196404,7.061793
"556","Cd180",2.4e-08,0.214559354,0.574,0.511,0.000642204,"Cd180",0.39,1.147347,8.198211,7.062116
"557","Bmpr2",4.41e-10,0.215160107,0.506,0.426,1.18e-05,"Bmpr2",0.095,-1.060485,0.994196,0.715351
"558","Npc1",3.55e-08,0.215716712,0.342,0.275,0.000951383,"Npc1",0.350294,-0.295883,0.344467,0.35269
"559","Dnm1l",4.99e-10,0.215751511,0.271,0.202,1.34e-05,"Dnm1l",0.079118,-0.525255,0.041481,0.223477
"560","Ankrd17",9.63e-10,0.215816284,0.631,0.555,2.58e-05,"Ankrd17",0.199118,-0.670183,0.433509,0.395986
"561","Creb3l2",3.24e-08,0.216460009,0.322,0.257,0.000867034,"Creb3l2",0.115294,0.871888,2.126328,1.531316
"562","Zfc3h1",2.45e-10,0.217042265,0.453,0.373,6.57e-06,"Zfc3h1",0.052647,-0.348073,0.021167,0.216956
"563","Rps6ka3",1.1e-09,0.217227759,0.534,0.455,2.96e-05,"Rps6ka3",0.065882,-0.998113,1.250976,0.893032
"564","Trip12",7.3e-13,0.217523893,0.635,0.546,1.96e-08,"Trip12",0.204706,-0.396662,0.708166,0.544439
"565","Znfx1",2.72e-08,0.219345225,0.305,0.24,0.000729579,"Znfx1",0.179412,-0.575213,0.43323,0.396182
"566","Gnb1",5.8e-16,0.219461599,0.569,0.465,1.55e-11,"Gnb1",0.453529,-0.351357,0.306991,0.33999
"567","Coro7",2.02e-11,0.219468711,0.28,0.207,5.4e-07,"Coro7",0.081765,-1.702016,0.06946,0.23536
"568","Arf4",2.12e-13,0.220885906,0.312,0.231,5.68e-09,"Arf4",0.267059,-0.136605,0.34902,0.353493
"569","Trim30a",4.42e-10,0.221678192,0.533,0.452,1.18e-05,"Trim30a",0.285588,-0.343173,0.089389,0.243557
"570","Ube2l3",6.35e-14,0.222196066,0.282,0.202,1.7e-09,"Ube2l3",0.217353,-0.12004,0.861936,0.631341
"571","Tcirg1",4.14e-10,0.222320412,0.459,0.379,1.11e-05,"Tcirg1",0.190588,0.18211,0.921118,0.669111
"572","Snx10",7.57e-11,0.223257619,0.391,0.31,2.03e-06,"Snx10",0.076176,1.233006,1.026406,0.738796
"573","Cap1",2.05e-10,0.223558452,0.417,0.338,5.48e-06,"Cap1",0.589118,-0.463559,0.858451,0.629148
"574","Gse1",4.25e-10,0.224038838,0.309,0.237,1.14e-05,"Gse1",0.072941,-1.056145,0.26819,0.321466
"575","Mbd2",8.5e-12,0.224087249,0.326,0.247,2.28e-07,"Mbd2",0.144706,0.3199,0.808239,0.597166
"576","Ano6",1.9e-12,0.224141925,0.382,0.297,5.09e-08,"Ano6",0.1,-1.168038,1.276989,0.91104
"577","Wdfy1",1.04e-12,0.224700457,0.322,0.241,2.8e-08,"Wdfy1",0.178529,0.327876,0.648449,0.509818
"578","Tnpo1",1.05e-11,0.225161657,0.545,0.46,2.81e-07,"Tnpo1",0.166176,-1.623644,2.401293,1.761711
"579","Blnk",4.81e-13,0.225178433,0.783,0.715,1.29e-08,"Blnk",0.417353,-0.350984,0.194207,0.284076
"580","Raf1",3.91e-13,0.228269351,0.405,0.316,1.05e-08,"Raf1",0.089706,-1.29142,0.388565,0.37266
"581","Cbl",6.67e-10,0.228630121,0.563,0.49,1.79e-05,"Cbl",0.124412,-0.859129,0.554266,0.462797
"582","Atp9b",1.48e-13,0.229291843,0.61,0.519,3.95e-09,"Atp9b",0.109412,-1.006757,0.371019,0.363602
"583","Gpcpd1",2.88e-10,0.229914226,0.45,0.37,7.71e-06,"Gpcpd1",0.050588,0.545249,0.676058,0.525599
"584","Gusb",4.63e-12,0.231029085,0.341,0.259,1.24e-07,"Gusb",0.512059,1.791202,27.188383,25.220374
"585","Klf13",4.05e-13,0.231047167,0.251,0.176,1.08e-08,"Klf13",0.218824,-1.160302,1.396594,0.990739
"586","Vdac2",3.62e-15,0.231290176,0.303,0.217,9.7e-11,"Vdac2",0.454118,0.787364,3.385123,2.612305
"587","Vps54",2.49e-16,0.235751351,0.6,0.495,6.66e-12,"Vps54",0.072941,-0.264253,0.037357,0.22192
"588","Rheb",1.4e-12,0.235919231,0.272,0.196,3.75e-08,"Rheb",0.139412,0.74735,2.090337,1.506309
"589","Map3k1",2.58e-12,0.236046875,0.361,0.277,6.9e-08,"Map3k1",0.121471,-0.500484,0.051013,0.228193
"590","Tmem184b",3.01e-12,0.236232798,0.32,0.24,8.07e-08,"Tmem184b",0.15,0.548415,1.745122,1.241595
"591","Arpc1b",4.84e-15,0.236311489,0.415,0.319,1.3e-10,"Arpc1b",0.405588,0.355297,2.62674,1.946948
"592","Usp32",2.28e-14,0.236904308,0.401,0.308,6.12e-10,"Usp32",0.023235,0.718006,1.080659,0.772765
"593","Atp8a1",7.66e-17,0.237996625,0.827,0.759,2.05e-12,"Atp8a1",0.312353,-0.295793,0.027505,0.219677
"594","Nsf",5.72e-10,0.238534577,0.427,0.349,1.53e-05,"Nsf",0.058235,-0.337963,0.171623,0.274896
"595","Aff1",3.11e-07,0.239016952,0.384,0.322,0.0083188,"Aff1",0.150882,-1.470413,1.408953,0.998367
"596","Rcor1",2.04e-12,0.239459857,0.386,0.3,5.47e-08,"Rcor1",0.053235,1.202481,1.159892,0.833034
"597","Stx6",2.43e-14,0.239487626,0.275,0.194,6.5e-10,"Stx6",0.046176,0.331757,0.452165,0.406748
"598","Xpr1",2.34e-15,0.239496256,0.433,0.335,6.26e-11,"Xpr1",0.105588,-0.280838,0.004659,0.210445
"599","Il10rb",3.92e-13,0.239811833,0.337,0.252,1.05e-08,"Il10rb",0.366471,-0.431536,0.44314,0.401209
"600","Tor1aip1",2.88e-13,0.239839697,0.53,0.436,7.72e-09,"Tor1aip1",0.458235,-0.316137,0.526112,0.4489
"601","Ndel1",3.6e-15,0.240521689,0.296,0.21,9.66e-11,"Ndel1",0.085882,-0.392078,0.10853,0.251658
"602","Vps26a",1.48e-12,0.241587741,0.268,0.192,3.97e-08,"Vps26a",0.118824,0.348676,1.256651,0.896968
"603","Arfgef2",3.7e-11,0.242580737,0.291,0.216,9.9e-07,"Arfgef2",0.037941,0.786519,0.520881,0.446
"604","Ptpra",4.73e-12,0.242613558,0.677,0.605,1.27e-07,"Ptpra",0.516765,0.1392,1.108518,0.793946
"605","Pabpc1",3.83e-12,0.242931957,0.34,0.258,1.03e-07,"Pabpc1",0.645294,0.818751,8.169264,7.036133
"606","Strn",1.92e-15,0.243820605,0.294,0.208,5.13e-11,"Strn",0.043529,0.980061,1.032741,0.742805
"607","Npepps",1.48e-16,0.243856044,0.479,0.375,3.97e-12,"Npepps",0.163824,0.145057,0.015785,0.214129
"608","Clint1",3.08e-17,0.244000809,0.671,0.568,8.26e-13,"Clint1",0.220294,0.549927,0.4843,0.426766
"609","Impact",5.79e-11,0.246794517,0.353,0.275,1.55e-06,"Impact",0.048824,0.363813,0.567707,0.47002
"610","Cnot4",2.44e-15,0.247459827,0.682,0.592,6.52e-11,"Cnot4",0.061176,0.945304,0.975216,0.701301
"611","Nub1",1.24e-10,0.247506113,0.303,0.23,3.32e-06,"Nub1",0.118824,-1.241287,1.130848,0.811539
"612","Nek6",1.92e-11,0.24792001,0.38,0.298,5.14e-07,"Nek6",0.184706,0.255018,0.849842,0.624027
"613","Ahcyl1",1.95e-14,0.248576385,0.286,0.203,5.23e-10,"Ahcyl1",0.115588,-0.262861,0.388581,0.372564
"614","Pcnx",1.98e-15,0.24918137,0.3,0.214,5.29e-11,"Pcnx",0.037647,-0.213842,0.316499,0.346059
"615","Eef1a1",1.58e-15,0.249620563,0.536,0.434,4.24e-11,"Eef1a1",0.319412,0.609791,4.689214,3.761678
"616","Etv6",1.49e-12,0.251467942,0.82,0.783,4e-08,"Etv6",0.109118,-0.179751,0.183688,0.279962
"617","Zmiz1",5.31e-17,0.251697477,0.713,0.621,1.42e-12,"Zmiz1",0.162647,-0.716931,1.890091,1.352321
"618","Tmcc1",7.76e-16,0.251961131,0.685,0.591,2.08e-11,"Tmcc1",0.049412,-1.653465,1.358973,0.965668
"619","Daam1",5.1e-14,0.252404885,0.325,0.239,1.37e-09,"Daam1",0.040882,0.297984,1.415839,1.003851
"620","Klhl24",2.89e-10,0.252553175,0.402,0.327,7.74e-06,"Klhl24",0.146176,-0.44566,0.603985,0.487376
"621","Mat2a",2.71e-17,0.253679238,0.353,0.256,7.25e-13,"Mat2a",0.364412,-0.536108,0.877769,0.639339
"622","Ext1",1.3e-11,0.255869038,0.511,0.424,3.47e-07,"Ext1",0.030294,0.211551,0.252952,0.316586
"623","Tnfrsf1b",2.82e-11,0.255887156,0.311,0.235,7.55e-07,"Tnfrsf1b",0.507647,-1.594825,5.832865,4.83127
"624","Rin2",1.21e-08,0.256490106,0.466,0.406,0.00032524,"Rin2",0.473235,-0.116083,0.130383,0.261941
"625","P4ha1",9.24e-12,0.258335009,0.534,0.453,2.47e-07,"P4ha1",0.447353,-0.997375,1.350698,0.960607
"626","Usp9x",1.14e-13,0.262913103,0.569,0.478,3.06e-09,"Usp9x",0.083235,-1.335416,0.759578,0.569214
"627","Mnat1",2.52e-18,0.262992876,0.329,0.232,6.75e-14,"Mnat1",0.086471,-1.158257,0.683772,0.529296
"628","Prune2",1.32e-18,0.263658593,0.327,0.229,3.53e-14,"Prune2",0.041471,1.371891,1.268408,0.90648
"629","Arih1",6.98e-16,0.265141643,0.67,0.589,1.87e-11,"Arih1",0.071176,0.667986,0.907105,0.66127
"630","Lamp2",2.23e-19,0.265610667,0.651,0.539,5.97e-15,"Lamp2",0.870882,0.750789,7.051129,5.958854
"631","Samhd1",6.41e-07,0.265799484,0.348,0.292,0.017170716,"Samhd1",0.193824,-0.838686,1.83212,1.305458
"632","Cux1",1.31e-19,0.268524431,0.797,0.722,3.5e-15,"Cux1",0.169412,0.295032,2.719414,2.026957
"633","Aff4",1.24e-16,0.271073243,0.512,0.408,3.32e-12,"Aff4",0.152647,-0.386729,0.454267,0.407641
"634","H2-K1",8.18e-25,0.271591554,0.547,0.417,2.19e-20,"H2-K1",0.428824,2.197553,33.964708,31.840352
"635","Akirin1",1.15e-20,0.272290679,0.288,0.191,3.08e-16,"Akirin1",0.169706,-0.206039,0.194472,0.284252
"636","Ifnar1",2.52e-15,0.273760258,0.273,0.188,6.74e-11,"Ifnar1",0.077941,0.440325,1.703626,1.208338
"637","Smad7",2.08e-09,0.275585615,0.45,0.381,5.56e-05,"Smad7",0.329706,-1.478429,1.50309,1.065965
"638","Kpna3",5.64e-14,0.275693087,0.458,0.364,1.51e-09,"Kpna3",0.145882,0.34129,0.785455,0.585033
"639","Rbms1",5.27e-22,0.277991021,0.281,0.183,1.41e-17,"Rbms1",0.080882,0.456595,0.337636,0.353787
"640","Pip5k1c",3.14e-13,0.279041481,0.252,0.177,8.42e-09,"Pip5k1c",0.139412,0.265147,1.106274,0.792374
"641","Rai1",3.04e-15,0.280342153,0.392,0.296,8.13e-11,"Rai1",0.073235,-0.806112,0.098832,0.247476
"642","Hpcal1",4.26e-18,0.281413068,0.282,0.19,1.14e-13,"Hpcal1",0.074118,-0.458817,0.055225,0.230303
"643","Traf3",2.49e-13,0.283167664,0.428,0.338,6.66e-09,"Traf3",0.05,-1.085576,0.730102,0.553178
"644","Atp7a",1.8e-16,0.285148956,0.491,0.388,4.81e-12,"Atp7a",0.049118,0.343076,0.936338,0.676492
"645","Larp1",3.14e-19,0.286301465,0.527,0.414,8.41e-15,"Larp1",0.143529,-0.370855,0.491427,0.429903
"646","Mctp1",1.21e-28,0.286516615,0.788,0.676,3.25e-24,"Mctp1",0.034412,1.151422,0.442656,0.401084
"647","Dock2",7.73e-30,0.286567766,0.943,0.9,2.07e-25,"Dock2",0.330294,-0.675471,0.9024,0.657522
"648","Lpxn",2.56e-16,0.287322842,0.438,0.337,6.87e-12,"Lpxn",0.148824,-0.716403,0.013946,0.213528
"649","Sh3kbp1",6.05e-24,0.287662024,0.806,0.721,1.62e-19,"Sh3kbp1",0.237059,0.501507,2.157295,1.557118
"650","Pitpna",2.81e-18,0.288217275,0.534,0.423,7.52e-14,"Pitpna",0.175588,0.529238,1.359996,0.966421
"651","Lmo2",4.97e-14,0.289804383,0.441,0.351,1.33e-09,"Lmo2",0.405882,0.377358,1.23304,0.87929
"652","Ranbp2",1.31e-16,0.290017757,0.44,0.339,3.52e-12,"Ranbp2",0.059412,-1.018894,0.408629,0.383493
"653","Oxct1",6.16e-20,0.292643547,0.645,0.534,1.65e-15,"Oxct1",0.368824,0.919019,7.12831,6.026519
"654","Dlgap4",1.15e-18,0.293724664,0.347,0.246,3.08e-14,"Dlgap4",0.185294,-0.60306,0.135117,0.264017
"655","Lasp1",1.12e-21,0.295049834,0.269,0.171,2.99e-17,"Lasp1",0.282059,-0.12214,0.484855,0.426948
"656","Abi2",1.68e-18,0.298646807,0.253,0.164,4.51e-14,"Abi2",0.142941,-1.070483,0.146379,0.270568
"657","Eya4",3.47e-18,0.299910644,0.396,0.291,9.29e-14,"Eya4",0.014412,-0.39043,0.336811,0.353695
"658","Stim2",4.82e-21,0.301043756,0.251,0.157,1.29e-16,"Stim2",0.041176,2.268733,2.092222,1.507777
"659","Alkbh1",6.18e-24,0.302353958,0.337,0.225,1.65e-19,"Alkbh1",0.054412,-0.699419,0.118071,0.256244
"660","Tmem87b",6.39e-22,0.304062949,0.351,0.241,1.71e-17,"Tmem87b",0.104706,-1.321843,1.124903,0.807178
"661","Pid1",8.82e-11,0.305051985,0.668,0.664,2.36e-06,"Pid1",0.090882,-1.064461,1.4866,1.054208
"662","Daglb",4.38e-15,0.30611473,0.571,0.486,1.17e-10,"Daglb",0.407941,0.250636,0.264759,0.320719
"663","Nptn",1.27e-21,0.307888719,0.653,0.541,3.4e-17,"Nptn",0.649118,0.478979,1.348045,0.959553
"664","Timp2",2.49e-20,0.30791729,0.329,0.225,6.68e-16,"Timp2",1.250294,1.104524,15.735754,14.224181
"665","Rpl23",8.94e-19,0.308785874,0.264,0.173,2.39e-14,"Rpl23",0.468529,1.581372,19.919881,18.221493
"666","Apaf1",3.26e-19,0.31083885,0.289,0.193,8.72e-15,"Apaf1",0.025588,0.988931,0.790499,0.587828
"667","Mpp6",8.85e-16,0.311370922,0.378,0.283,2.37e-11,"Mpp6",0.056176,0.287956,0.071867,0.235685
"668","Msra",1.11e-23,0.311793089,0.262,0.161,2.97e-19,"Msra",0.020882,0.589106,1.292828,0.92231
"669","Adam17",1.39e-18,0.317640806,0.528,0.422,3.73e-14,"Adam17",0.358529,-0.247093,0.012428,0.213039
"670","Acer3",2.31e-28,0.318057833,0.745,0.621,6.18e-24,"Acer3",0.317059,0.165088,1.967167,1.409444
"671","Tmem189",1.72e-21,0.318728991,0.283,0.182,4.62e-17,"Tmem189",0.118824,0.817607,3.677555,2.866362
"672","Runx1",1.04e-24,0.320705308,0.891,0.837,2.79e-20,"Runx1",0.390882,-0.578379,0.137797,0.26516
"673","Snx30",3.36e-20,0.32401105,0.528,0.417,8.99e-16,"Snx30",0.092353,-0.668243,0.766939,0.573361
"674","Stat2",4.64e-17,0.324532184,0.306,0.213,1.24e-12,"Stat2",0.030588,0.15389,0.497152,0.431348
"675","Lpcat1",2.97e-20,0.324959832,0.304,0.204,7.95e-16,"Lpcat1",0.304118,-0.107917,0.046175,0.226165
"676","Ehd4",1.5e-21,0.325866959,0.511,0.393,4.02e-17,"Ehd4",0.414412,-0.366399,0.359198,0.357821
"677","Rasa1",9.91e-26,0.330617361,0.587,0.456,2.65e-21,"Rasa1",0.211765,-0.156065,0.037094,0.222084
"678","Ccnl1",4.54e-19,0.330975895,0.545,0.447,1.22e-14,"Ccnl1",0.113235,0.303943,0.713457,0.544146
"679","Frrs1",3.28e-28,0.333349451,0.625,0.489,8.78e-24,"Frrs1",0.033824,1.693831,2.929225,2.207989
"680","Rragc",7.68e-25,0.333428966,0.267,0.162,2.06e-20,"Rragc",0.177647,0.400912,2.203382,1.596221
"681","Tbc1d22a",6.83e-27,0.3356827,0.666,0.544,1.83e-22,"Tbc1d22a",0.119118,-0.710875,0.512118,0.440584
"682","Msn",1.27e-19,0.335930787,0.511,0.403,3.41e-15,"Msn",0.529118,-0.183356,0.567853,0.470029
"683","Cyba",4.87e-25,0.342332251,0.38,0.259,1.3e-20,"Cyba",0.9,0.603585,7.227382,6.117265
"684","Fndc3b",9.34e-25,0.343199998,0.541,0.413,2.5e-20,"Fndc3b",0.090882,0.253986,0.962755,0.691285
"685","Abcb1b",7.87e-17,0.343735338,0.333,0.24,2.11e-12,"Abcb1b",0.053824,-0.850848,0.028013,0.219626
"686","Eprs",6.4e-25,0.344303868,0.281,0.173,1.71e-20,"Eprs",0.142059,0.60957,1.403934,0.994745
"687","Fgd4",2.45e-20,0.344841652,0.494,0.382,6.57e-16,"Fgd4",0.054118,0.508072,0.733135,0.555067
"688","Atp13a2",2.04e-22,0.345207826,0.277,0.175,5.47e-18,"Atp13a2",0.202059,-0.124599,0.142321,0.268547
"689","Asap1",5.9e-25,0.345872795,0.858,0.824,1.58e-20,"Asap1",0.132353,0.912999,1.364551,0.968277
"690","Man1c1",6.6e-24,0.348931738,0.657,0.546,1.77e-19,"Man1c1",0.333235,0.388203,1.622664,1.147642
"691","Chka",7.17e-21,0.349282654,0.342,0.236,1.92e-16,"Chka",0.057059,-0.501164,0.098327,0.247125
"692","Cadm1",2.86e-17,0.349627571,0.741,0.652,7.66e-13,"Cadm1",0.225882,2.492552,33.410246,31.300129
"693","Samd8",4.15e-20,0.350383522,0.284,0.189,1.11e-15,"Samd8",0.195588,-0.500854,0.021088,0.216947
"694","Skap2",1.74e-37,0.350608509,0.838,0.746,4.67e-33,"Skap2",0.215588,-0.859159,0.080589,0.239307
"695","Ptk2b",6.78e-20,0.350677806,0.581,0.484,1.82e-15,"Ptk2b",0.102059,0.459259,1.540149,1.089427
"696","Npc2",2.35e-22,0.35153026,0.432,0.315,6.3e-18,"Npc2",0.962353,1.672936,34.467233,32.328153
"697","Slc44a1",4.41e-25,0.354517438,0.281,0.173,1.18e-20,"Slc44a1",0.055882,1.745922,4.221453,3.345069
"698","Abhd12",1.12e-36,0.357113902,0.851,0.774,3e-32,"Abhd12",1.500588,0.423508,2.114691,1.52605
"699","Nadk",2.09e-20,0.362543863,0.311,0.209,5.6e-16,"Nadk",0.148824,-0.62747,0.944713,0.679695
"700","Sdcbp",2.3e-24,0.365811535,0.456,0.334,6.15e-20,"Sdcbp",0.467647,0.600163,2.642325,1.959402
"701","Sat1",6.98e-29,0.367900281,0.687,0.564,1.87e-24,"Sat1",0.326471,0.197418,1.178919,0.84672
"702","Ankrd12",2.17e-30,0.369146516,0.627,0.488,5.81e-26,"Ankrd12",0.070882,0.378504,0.007325,0.211347
"703","Nsmce2",9.22e-33,0.371988274,0.63,0.485,2.47e-28,"Nsmce2",0.035294,0.494927,0.821,0.605664
"704","Slc11a1",4.25e-27,0.373477057,0.452,0.322,1.14e-22,"Slc11a1",0.494412,0.486455,3.853579,3.015529
"705","Rnf150",5.92e-18,0.378645374,0.412,0.312,1.59e-13,"Rnf150",0.043824,0.657188,2.463244,1.816972
"706","Med14",1.58e-21,0.383216173,0.319,0.216,4.23e-17,"Med14",0.032353,1.116692,0.895923,0.652761
"707","Med15",2.61e-35,0.383245238,0.38,0.239,6.98e-31,"Med15",0.085882,-0.803274,0.853349,0.626253
"708","Rab40c",5.32e-24,0.384700137,0.418,0.3,1.42e-19,"Rab40c",0.067647,-0.99116,0.121334,0.257526
"709","Ctsl",2.81e-24,0.384950117,0.496,0.371,7.53e-20,"Ctsl",2.237941,1.456878,31.996289,29.913325
"710","Tlk1",7e-29,0.388811469,0.509,0.373,1.88e-24,"Tlk1",0.137353,0.222071,0.184938,0.280864
"711","Irf8",1.95e-32,0.389487956,0.617,0.476,5.23e-28,"Irf8",0.747059,0.173298,0.315617,0.345887
"712","Gnl3",1.62e-30,0.390836874,0.273,0.157,4.33e-26,"Gnl3",0.124412,-0.466287,0.192828,0.283404
"713","Grb2",4.2e-34,0.39149252,0.691,0.563,1.12e-29,"Grb2",0.418235,-0.920644,0.917262,0.667387
"714","Parp14",3.81e-12,0.394187708,0.393,0.32,1.02e-07,"Parp14",0.143529,-1.087548,1.133671,0.814134
"715","Cdk17",1.69e-27,0.394353689,0.494,0.364,4.51e-23,"Cdk17",0.033824,-0.313088,0.088481,0.24303
"716","Psap",7.6e-34,0.394849108,0.793,0.695,2.04e-29,"Psap",1.999706,0.420527,2.503071,1.848536
"717","Plekhm3",8.43e-36,0.396743158,0.64,0.488,2.26e-31,"Plekhm3",0.056765,0.294788,1.332877,0.950984
"718","Ctsa",1.68e-33,0.400685875,0.478,0.33,4.49e-29,"Ctsa",1.497647,1.195445,21.505042,19.729639
"719","Sgpl1",4.99e-30,0.400940064,0.433,0.297,1.34e-25,"Sgpl1",0.398235,0.21522,1.175401,0.844136
"720","H2-D1",1.3e-47,0.401622898,0.584,0.402,3.47e-43,"H2-D1",0.337941,2.988854,51.773366,49.318016
"721","4930402H24Rik",3.97e-29,0.404123604,0.289,0.173,1.06e-24,"4930402H24Rik",0.027647,-3.400699,0.642936,0.507881
"722","Usp12",1.1e-32,0.404336746,0.625,0.486,2.94e-28,"Usp12",0.062647,1.267177,3.977535,3.12964
"723","Atp6v0d1",1.95e-30,0.40591251,0.396,0.263,5.23e-26,"Atp6v0d1",0.219118,0.412399,1.430865,1.014362
"724","Zeb2",7.9e-50,0.406184002,0.964,0.926,2.12e-45,"Zeb2",0.468235,-1.097303,4.523535,3.613138
"725","Tnip2",5.8e-36,0.407320889,0.301,0.17,1.55e-31,"Tnip2",0.035294,0.611572,2.1764,1.574488
"726","Aig1",4.12e-21,0.408006871,0.396,0.288,1.1e-16,"Aig1",0.066471,1.201608,1.466252,1.040286
"727","Tor3a",9.42e-25,0.411141237,0.256,0.156,2.52e-20,"Tor3a",0.174706,-0.172904,0.03816,0.222439
"728","Cpeb2",5.57e-31,0.41219359,0.439,0.3,1.49e-26,"Cpeb2",0.106765,0.305416,1.321445,0.942684
"729","Rpl10a",3.41e-33,0.413031924,0.417,0.276,9.15e-29,"Rpl10a",0.167941,1.359364,13.12224,11.727588
"730","Adcy7",2.25e-35,0.41665517,0.543,0.391,6.03e-31,"Adcy7",0.211471,-1.257006,1.505332,1.067909
"731","Amz1",1.9e-29,0.4189721,0.291,0.173,5.08e-25,"Amz1",0.066176,0.485786,0.09062,0.243949
"732","Samsn1",8.27e-27,0.423110255,0.509,0.39,2.22e-22,"Samsn1",0.389706,0.283553,0.715428,0.544669
"733","Cd68",1.89e-33,0.423698642,0.372,0.234,5.06e-29,"Cd68",1.267941,1.339356,28.332805,26.322392
"734","C3ar1",6.51e-40,0.428999927,0.313,0.174,1.74e-35,"C3ar1",0.641765,0.529245,4.163837,3.293948
"735","Pfkfb3",6.35e-34,0.434038875,0.473,0.327,1.7e-29,"Pfkfb3",0.122941,0.259029,1.346915,0.958689
"736","Slc3a2",3.17e-36,0.434505043,0.322,0.187,8.5e-32,"Slc3a2",0.69,-0.498292,0.63116,0.501121
"737","BC005537",4.24e-36,0.435835439,0.351,0.212,1.13e-31,"BC005537",0.361176,-0.288026,0.089868,0.243807
"738","Ctsc",3.84e-21,0.437047116,0.482,0.398,1.03e-16,"Ctsc",0.964118,0.223483,1.369774,0.972144
"739","Elf2",8.59e-43,0.439073026,0.617,0.452,2.3e-38,"Elf2",0.187353,-0.53482,0.156858,0.274545
"740","Mcl1",6.88e-34,0.441911685,0.398,0.258,1.84e-29,"Mcl1",0.599412,-0.757964,2.125337,1.53118
"741","Fbxl17",1.39e-44,0.444054556,0.81,0.73,3.71e-40,"Fbxl17",0.063824,-1.681662,0.883071,0.642943
"742","Lrrc8d",4.4e-35,0.445452709,0.556,0.414,1.18e-30,"Lrrc8d",0.062059,0.962612,3.224925,2.470402
"743","Fyn",3.7e-47,0.447391762,0.286,0.143,9.91e-43,"Fyn",0.047059,0.565316,1.15942,0.832792
"744","Rasa4",1.08e-31,0.448497012,0.437,0.3,2.89e-27,"Rasa4",0.105,0.623645,0.453101,0.40708
"745","Gpr183",4.05e-26,0.448532678,0.496,0.387,1.09e-21,"Gpr183",0.487059,-0.901523,2.291816,1.668518
"746","Bcl2a1b",4.23e-35,0.450077603,0.282,0.156,1.13e-30,"Bcl2a1b",0.106471,2.12165,16.197504,14.660484
"747","H3f3b",2.57e-38,0.450952432,0.422,0.27,6.88e-34,"H3f3b",0.922941,-0.324236,0.470047,0.417695
"748","Nfkb1",1.2e-29,0.451208259,0.691,0.6,3.22e-25,"Nfkb1",0.260882,-0.5472,0.105261,0.249794
"749","Pld3",9.1e-48,0.453459611,0.298,0.151,2.44e-43,"Pld3",0.289118,1.763589,19.032597,17.360538
"750","Ywhag",2.55e-37,0.459547308,0.363,0.22,6.82e-33,"Ywhag",0.256765,-0.76295,0.765424,0.572525
"751","Mfhas1",1.73e-34,0.459814711,0.426,0.281,4.63e-30,"Mfhas1",0.120294,-0.259032,0.003655,0.21005
"752","Atp6v1c1",8.57e-35,0.46012201,0.483,0.344,2.29e-30,"Atp6v1c1",0.140588,1.115971,3.615115,2.812977
"753","Gnas",6.94e-36,0.462529605,0.565,0.43,1.86e-31,"Gnas",1.475882,2.152279,53.754474,51.194388
"754","Fth1",7.23e-47,0.464351424,0.631,0.456,1.94e-42,"Fth1",1.920294,1.514116,42.318021,40.017573
"755","Dnajb14",1.12e-45,0.46894507,0.439,0.271,3e-41,"Dnajb14",0.150294,1.372001,9.086333,7.901495
"756","Ctsz",1.82e-58,0.473233446,0.679,0.482,4.86e-54,"Ctsz",1.6,1.684372,45.806799,43.43577
"757","Ctsd",1.79e-46,0.474011086,0.856,0.754,4.8e-42,"Ctsd",13.804706,1.452347,65.910003,63.007495
"758","Ddx31",1.06e-31,0.475916181,0.339,0.216,2.83e-27,"Ddx31",0.043824,0.996498,2.832113,2.126058
"759","Atp6v0a1",1.47e-36,0.478530264,0.649,0.548,3.95e-32,"Atp6v0a1",0.194706,-0.538725,0.396358,0.376147
"760","Zfand5",5.26e-40,0.479406312,0.386,0.238,1.41e-35,"Zfand5",0.191471,-0.694373,0.896231,0.652878
"761","Nagk",4.01e-43,0.481778455,0.364,0.21,1.08e-38,"Nagk",0.050294,0.10061,0.156149,0.274913
"762","Mtm1",2.04e-37,0.482236134,0.275,0.149,5.47e-33,"Mtm1",0.044118,-4.811894,0.552663,0.462132
"763","Galc",1.6e-44,0.482371891,0.304,0.16,4.27e-40,"Galc",0.078529,0.505976,2.026311,1.455028
"764","Gna13",3.7e-43,0.483058067,0.466,0.306,9.9e-39,"Gna13",0.420294,-0.62646,2.026047,1.455573
"765","Lrp12",3.53e-39,0.484395067,0.326,0.186,9.47e-35,"Lrp12",0.068529,-0.290757,0.495409,0.430742
"766","Arap2",3.32e-35,0.487394687,0.251,0.132,8.89e-31,"Arap2",0.034706,2.026135,3.213027,2.459122
"767","Atxn10",9.13e-41,0.490245334,0.525,0.367,2.45e-36,"Atxn10",0.166471,1.062343,4.742916,3.811684
"768","Rnf213",8.06e-24,0.490826333,0.445,0.349,2.16e-19,"Rnf213",0.132941,-0.639489,0.414079,0.385473
"769","Ascc3",2.1e-48,0.493070481,0.673,0.513,5.61e-44,"Ascc3",0.049412,0.247,0.625697,0.498143
"770","Prickle1",1.51e-27,0.495204807,0.32,0.206,4.05e-23,"Prickle1",0.016176,0.883492,0.030533,0.220606
"771","Dhrs3",1.31e-44,0.495946758,0.405,0.244,3.5e-40,"Dhrs3",0.505294,0.623637,3.40928,2.633228
"772","Cdk6",3.49e-21,0.496551985,0.421,0.341,9.35e-17,"Cdk6",0.026471,0.340109,0.019651,0.215994
"773","Pkib",3.25e-46,0.497847149,0.252,0.118,8.7e-42,"Pkib",0.049412,1.658813,3.85283,3.015528
"774","Pi4ka",1.04e-37,0.501095965,0.417,0.274,2.79e-33,"Pi4ka",0.076176,-0.54099,0.384935,0.370494
"775","Actr3",3.95e-49,0.509438607,0.614,0.454,1.06e-44,"Actr3",0.360588,-0.652994,0.079245,0.238189
"776","Abr",6.05e-57,0.514023948,0.701,0.52,1.62e-52,"Abr",0.104706,-0.405367,0.437946,0.399118
"777","Fnip1",6.2e-60,0.515369137,0.719,0.547,1.66e-55,"Fnip1",0.177647,-0.567239,0.817441,0.603175
"778","Zc3h12c",5.18e-39,0.516659611,0.311,0.175,1.39e-34,"Zc3h12c",0.019118,-0.283515,0.009624,0.211876
"779","Lat2",6.35e-46,0.518279675,0.33,0.179,1.7e-41,"Lat2",0.165,0.510677,2.674199,1.987593
"780","Akap10",1.87e-56,0.519535519,0.676,0.521,5e-52,"Akap10",0.081765,-0.827547,0.10304,0.248974
"781","Abl2",5.73e-50,0.520537328,0.543,0.367,1.54e-45,"Abl2",0.111176,-0.21458,0.165088,0.275923
"782","4931406P16Rik",3.9e-46,0.527200856,0.394,0.234,1.05e-41,"4931406P16Rik",0.055588,1.367752,2.225653,1.614514
"783","Lipa",7.81e-49,0.530280285,0.253,0.117,2.09e-44,"Lipa",0.302647,0.474191,2.816811,2.114059
"784","Cotl1",1.82e-53,0.532539122,0.626,0.452,4.88e-49,"Cotl1",0.465294,0.477058,2.695302,2.004448
"785","Ftl1",8.69e-52,0.533848426,0.366,0.199,2.33e-47,"Ftl1",0.036765,2.160799,13.432738,12.02716
"786","Spag9",1.13e-55,0.537947727,0.692,0.544,3.02e-51,"Spag9",0.145,-0.894313,0.172903,0.275661
"787","Akt3",1.94e-58,0.541743483,0.656,0.471,5.19e-54,"Akt3",0.027647,0.581154,0.941588,0.678766
"788","Ptpn12",1.04e-46,0.549995834,0.285,0.142,2.78e-42,"Ptpn12",0.029706,-0.399985,0.155893,0.274988
"789","Rap2a",4.18e-45,0.552338167,0.398,0.242,1.12e-40,"Rap2a",0.299118,0.392605,1.855405,1.323225
"790","Ccdc88a",3.85e-55,0.55580555,0.514,0.328,1.03e-50,"Ccdc88a",0.056471,1.850626,1.395739,0.99016
"791","Arid5b",2.89e-48,0.569345445,0.64,0.474,7.74e-44,"Arid5b",0.093235,-0.618396,0.322751,0.348023
"792","Prdx1",2.98e-46,0.573492941,0.268,0.131,7.98e-42,"Prdx1",0.189118,1.258175,4.615023,3.694787
"793","Rabep1",8.25e-79,0.573814705,0.74,0.551,2.21e-74,"Rabep1",0.111471,-0.615151,0.433126,0.396314
"794","Pgap1",2.94e-63,0.574389377,0.273,0.115,7.88e-59,"Pgap1",0.015294,0.590954,0.615764,0.492564
"795","Ncf2",2.32e-56,0.574446632,0.552,0.382,6.21e-52,"Ncf2",0.451471,-0.355456,0.553619,0.462552
"796","Tns3",2.89e-99,0.574462762,0.881,0.749,7.75e-95,"Tns3",0.205882,0.460236,1.337305,0.95252
"797","Map4k3",2.33e-64,0.578061002,0.617,0.428,6.24e-60,"Map4k3",0.043824,0.285219,0.01489,0.213785
"798","Abca1",1.12e-84,0.586011369,0.831,0.698,3.01e-80,"Abca1",0.469118,-0.903497,2.906122,2.188873
"799","Ifi204",1.55e-40,0.588728936,0.389,0.238,4.16e-36,"Ifi204",0.030882,2.470863,4.852602,3.911989
"800","Ccny",2.8e-52,0.591083976,0.591,0.431,7.51e-48,"Ccny",0.082941,1.063098,1.79253,1.273478
"801","B4galt5",5.36e-56,0.599050436,0.276,0.127,1.43e-51,"B4galt5",0.079118,-1.484613,0.780021,0.581148
"802","Plekha1",2.59e-80,0.599502659,0.617,0.386,6.94e-76,"Plekha1",0.102353,0.688227,2.045684,1.470739
"803","Tecpr1",1.39e-50,0.607374281,0.27,0.13,3.73e-46,"Tecpr1",0.065882,0.51646,1.061338,0.761974
"804","Myo1f",3.1e-138,0.615333199,0.926,0.785,8.31e-134,"Myo1f",0.251765,0.594321,2.30387,1.678283
"805","Atg7",1.21e-70,0.622994177,0.458,0.251,3.24e-66,"Atg7",0.040882,0.413461,0.0958,0.24637
"806","Vps13c",9.01e-81,0.626476325,0.657,0.444,2.41e-76,"Vps13c",0.03,1.090274,2.238905,1.625093
"807","Rufy3",1.15e-66,0.6307223,0.494,0.296,3.07e-62,"Rufy3",0.054118,-0.232168,0.010417,0.212601
"808","Plin2",1.87e-71,0.630969849,0.265,0.101,5.01e-67,"Plin2",0.045882,1.030376,2.442479,1.798129
"809","Rbm47",3.45e-84,0.638552746,0.762,0.589,9.23e-80,"Rbm47",0.103235,-1.248326,1.25887,0.898938
"810","Coro1c",5.66e-72,0.648872725,0.397,0.2,1.52e-67,"Coro1c",0.096765,1.166986,1.69399,1.203775
"811","Dtnbp1",3.36e-82,0.652488375,0.581,0.354,9.01e-78,"Dtnbp1",0.097647,0.661494,1.967157,1.409827
"812","Tec",2.25e-81,0.653728734,0.635,0.438,6.02e-77,"Tec",0.113824,0.333804,0.912089,0.66395
"813","Slc15a3",1.17e-60,0.65543042,0.316,0.153,3.13e-56,"Slc15a3",0.293235,0.862034,5.67053,4.678646
"814","Ctnnb1",1.07e-72,0.660398409,0.411,0.215,2.87e-68,"Ctnnb1",0.356471,0.318409,0.714722,0.544447
"815","Alpk1",1.35e-63,0.660709639,0.311,0.142,3.63e-59,"Alpk1",0.012647,0.763249,0.03177,0.220506
"816","Cpd",1.09e-66,0.662111,0.357,0.175,2.93e-62,"Cpd",0.050294,2.603934,9.408264,8.201238
"817","Atp2b1",1.28e-115,0.662254624,0.86,0.721,3.43e-111,"Atp2b1",0.456765,-1.229721,1.786482,1.268507
"818","Nlrc5",1.17e-71,0.665300955,0.379,0.184,3.13e-67,"Nlrc5",0.005,3.04828,1.696173,1.204947
"819","Dnmt3a",1.03e-99,0.665381459,0.783,0.605,2.77e-95,"Dnmt3a",0.140882,0.447717,0.363158,0.359595
"820","Ptprc",8.46e-176,0.681719399,0.934,0.818,2.27e-171,"Ptprc",0.434706,0.31096,2.200002,1.59372
"821","Cd63",6.66e-82,0.687326418,0.419,0.205,1.78e-77,"Cd63",0.390588,2.326131,41.012193,38.753137
"822","Cd48",1.08e-78,0.69179792,0.499,0.282,2.9e-74,"Cd48",0.226176,1.208018,9.237716,8.044478
"823","Myo9b",1.66e-113,0.692852837,0.704,0.444,4.44e-109,"Myo9b",0.080294,1.270586,0.51347,0.441422
"824","St8sia6",2.98e-80,0.70218818,0.361,0.161,7.97e-76,"St8sia6",0.039706,2.455586,9.481259,8.272478
"825","Slc23a2",1.09e-80,0.704270529,0.575,0.362,2.91e-76,"Slc23a2",0.069118,1.791496,5.407386,4.43019
"826","Cd84",1.08e-145,0.705811065,0.888,0.713,2.9e-141,"Cd84",0.345294,0.399617,3.895051,3.05324
"827","Atp6v1a",3.39e-80,0.708216119,0.434,0.227,9.07e-76,"Atp6v1a",0.140882,1.110475,4.917557,3.971217
"828","Plek",1.58e-67,0.715262548,0.628,0.484,4.24e-63,"Plek",0.625,0.642127,6.487806,5.441422
"829","Slc16a10",2.12e-80,0.720404816,0.506,0.287,5.69e-76,"Slc16a10",0.030588,1.02634,0.695796,0.536327
"830","Anxa4",3.2e-92,0.725149097,0.269,0.088,8.58e-88,"Anxa4",0.037941,0.178287,0.623222,0.496397
"831","Abcg1",1.14e-88,0.730817327,0.524,0.294,3.06e-84,"Abcg1",0.201471,-0.20862,0.187256,0.28161
"832","Tpd52",1.63e-92,0.73322969,0.608,0.384,4.36e-88,"Tpd52",0.124118,1.686402,9.801211,8.567089
"833","Rassf3",3.41e-99,0.733254099,0.615,0.368,9.14e-95,"Rassf3",0.119706,0.420465,4.84817,3.908505
"834","Cd83",3.41e-54,0.739165353,0.354,0.192,9.12e-50,"Cd83",0.142647,2.817012,26.457415,24.528035
"835","Itpkb",1.25e-80,0.739477011,0.583,0.385,3.35e-76,"Itpkb",0.103529,0.100451,0.442415,0.400963
"836","Dgkz",4.32e-105,0.741707748,0.648,0.425,1.16e-100,"Dgkz",0.067941,0.951757,1.806534,1.284961
"837","Nfe2l2",5.58e-87,0.742869742,0.623,0.422,1.49e-82,"Nfe2l2",0.562059,0.370642,2.059819,1.479944
"838","Hif1a",2.7e-87,0.761284371,0.511,0.289,7.24e-83,"Hif1a",0.217941,1.50198,12.899055,11.517685
"839","Slc25a25",6.21e-80,0.764793015,0.365,0.171,1.66e-75,"Slc25a25",0.027941,0.75396,1.918078,1.370446
"840","Bcl2l1",1.74e-86,0.766193352,0.575,0.393,4.66e-82,"Bcl2l1",0.145588,-0.286433,0.36049,0.357803
"841","Sgk1",6.43e-75,0.766373483,0.382,0.193,1.72e-70,"Sgk1",0.929412,-0.312957,0.765205,0.572475
"842","Nceh1",1.05e-95,0.76968989,0.408,0.182,2.81e-91,"Nceh1",0.038235,3.240047,15.816212,14.293915
"843","Ell2",5.92e-76,0.776538477,0.305,0.13,1.59e-71,"Ell2",0.012941,2.903912,2.258918,1.641967
"844","Itga5",5.32e-99,0.784907541,0.283,0.093,1.42e-94,"Itga5",0.001765,4.568928,0.946043,0.679621
"845","Nrp2",2.32e-101,0.790885486,0.495,0.252,6.21e-97,"Nrp2",0.084118,-0.272627,0.477207,0.422765
"846","Gnptab",1.16e-106,0.795615654,0.411,0.176,3.1e-102,"Gnptab",0.034412,1.131522,2.508415,1.851913
"847","Nrp1",3.82e-123,0.802035693,0.769,0.533,1.02e-118,"Nrp1",0.825882,0.851862,8.998915,7.820683
"848","Csf2ra",3.45e-120,0.829458049,0.543,0.276,9.24e-116,"Csf2ra",0.065294,1.864095,9.577174,8.363086
"849","Fmnl2",1.94e-108,0.830593641,0.727,0.497,5.18e-104,"Fmnl2",0.037059,-0.262675,0.31713,0.345877
"850","Asph",2.02e-158,0.852655972,0.813,0.625,5.41e-154,"Asph",0.558824,-0.161976,0.076501,0.237026
"851","Gng12",9.17e-120,0.854968981,0.599,0.345,2.46e-115,"Gng12",0.096176,1.544904,7.11711,6.018059
"852","Arhgap26",2.4e-121,0.858553426,0.406,0.156,6.42e-117,"Arhgap26",0.004706,3.820647,0.944637,0.679819
"853","Rnf149",4.08e-110,0.858930842,0.436,0.203,1.09e-105,"Rnf149",0.112941,1.111186,3.831626,2.998786
"854","Soat1",5.59e-130,0.859053005,0.568,0.294,1.5e-125,"Soat1",0.116471,1.224973,4.470088,3.56584
"855","Aplp2",2.89e-117,0.863302184,0.517,0.256,7.74e-113,"Aplp2",0.14,2.283658,13.981943,12.547782
"856","Tank",3.9e-87,0.863573746,0.489,0.284,1.04e-82,"Tank",0.032941,0.548169,1.040961,0.748687
"857","Litaf",6.47e-117,0.874877133,0.523,0.279,1.73e-112,"Litaf",0.252353,0.540399,1.851324,1.320254
"858","Agap1",4.45e-89,0.893955851,0.371,0.181,1.19e-84,"Agap1",0.027647,-0.915272,0.224041,0.301719
"859","Sh3bp2",5.24e-132,0.903364933,0.5,0.235,1.4e-127,"Sh3bp2",0.057941,-1.00873,0.103663,0.248897
"860","Ctsb",6.83e-197,0.922852383,0.832,0.568,1.83e-192,"Ctsb",3.778235,2.04363,68.255592,65.256173
"861","Bcl2",3.03e-175,0.923512413,0.481,0.169,8.12e-171,"Bcl2",0.066471,0.429636,2.75436,2.060294
"862","Mitf",8.15e-249,0.984881191,0.915,0.71,2.18e-244,"Mitf",0.071176,0.20772,0.20243,0.288838
"863","Neat1",5.82e-181,0.99262149,0.628,0.295,1.56e-176,"Neat1",0.069118,0.423051,1.854732,1.323292
"864","Fat3",2.32e-126,1.018843431,0.727,0.527,6.2e-122,"Fat3",0.027941,0.637146,0.720598,0.547093
"865","Trps1",1.59e-165,1.022860763,0.556,0.234,4.27e-161,"Trps1",0.016471,-1.274953,0.574574,0.47182
"866","Arhgap25",9.96999999999999e-218,1.05587488,0.771,0.528,2.67e-213,"Arhgap25",0.230882,-0.10863,0.316647,0.345902
"867","Cd9",3.85e-192,1.083161092,0.755,0.474,1.03e-187,"Cd9",1.399118,2.06811,53.356627,50.83433
"868","Plekhm2",1.01e-223,1.08372915,0.741,0.413,2.7e-219,"Plekhm2",0.039118,1.168997,4.004838,3.153097
"869","Axl",2.77e-219,1.092729242,0.599,0.231,7.42e-215,"Axl",0.069706,4.290287,48.126161,45.728803
"870","Itgax",4.09e-222,1.141335636,0.428,0.106,1.1e-217,"Itgax",0.003235,7.860371,45.544294,43.198088
"871","Etl4",1.82e-138,1.178083276,0.425,0.164,4.88e-134,"Etl4",0.004412,3.625511,5.27286,4.301809
"872","Lyz2",1.14e-173,1.245943184,0.479,0.176,3.05e-169,"Lyz2",0.421176,3.455854,70.382141,67.081693
"873","Osbpl8",4.94065645841247e-324,1.260012621,0.83,0.5,1.32330542582119e-319,"Osbpl8",0.083824,0.405064,1.56737,1.108907
"874","Acaca",1.71e-244,1.298352059,0.62,0.256,4.59e-240,"Acaca",0.012647,2.382977,4.23655,3.356883
"875","Chst11",1.36e-194,1.356096469,0.56,0.33,3.64e-190,"Chst11",0.073235,1.251339,5.961936,4.953744
"876","Apoe",0,1.392987049,0.977,0.742,0,"Apoe",2.924118,3.428991,62.739188,59.915861
"877","Ank",1.21e-191,1.476616308,0.564,0.266,3.23e-187,"Ank",0.055,4.87659,51.962204,49.47467
"878","Lgals3",2.51973479379036e-322,1.480003773,0.444,0.074,6.74885767168809e-318,"Lgals3",0.012647,2.672484,0.369827,0.362963
"879","Apbb2",0,1.504718643,0.93,0.588,0,"Apbb2",0.052647,2.651927,13.819744,12.394357
"880","Cd74",3.31e-176,1.50936657,0.46,0.16,8.86e-172,"Cd74",0.185588,2.020314,15.442088,13.961184
"881","Cybb",2.89e-272,1.521728376,0.411,0.077,7.75e-268,"Cybb",0.055294,2.691001,9.026283,7.844761
"882","Apobec1",0,1.561307741,0.907,0.497,0,"Apobec1",0.154706,-0.637101,0.141998,0.268468
"883","Csf1",4.62e-257,1.649992417,0.528,0.171,1.24e-252,"Csf1",0.017941,5.225405,27.866522,25.888294
"884","Gpnmb",4.92e-203,1.678805801,0.255,0.03,1.32e-198,"Gpnmb",0.006176,4.174354,5.666424,4.675606
"885","Fam20c",0,1.766716614,0.524,0.09,0,"Fam20c",0.006765,5.700718,21.584578,19.802644
"886","Igf1",0,1.953848598,0.521,0.093,0,"Igf1",0.033824,4.222486,24.230077,22.344602
"887","Lpl",0,2.218905562,0.493,0.092,0,"Lpl",0.097353,4.946601,69.184014,66.059657
"888","Myo1e",0,2.235594819,0.705,0.26,0,"Myo1e",0.05,2.317389,14.878018,13.406874
"889","Spp1",0,2.627225152,0.547,0.098,0,"Spp1",0.035588,4.312911,29.102839,27.069563
